8249	9041	7.55
stop_227_36219	stop_227_36229	1.2049999999999998
10199	18254	9.29
7951	8020	9.639999999999999
8027	stop_12_19	12.051666666666668
11681	11653	18.368333333333332
13080	8089	16.779999999999998
8164	9874	15.705
8358	stop_225_36019	13.805
7366	10055	14.81
9486	9485	1.495
12943	stop_237_37719	5.0600000000000005
13906	8389	4.505
18328	10015	4.635000000000001
10547	10488	11.226666666666667
13037	12985	5.36
7430	stop_335_260829	15.513333333333332
stop_289_58919	stop_345_268819	7.206666666666666
11514	13055	10.653333333333334
17765	7417	10.073333333333332
13855	10898	13.023333333333333
13663	8615	6.6
9169	12958	12.651666666666667
8000	13485	7.9
13309	9069	12.366666666666667
8053	11815	9.306666666666667
10931	14007	9.238333333333333
13177	stop_224_35949	11.104999999999999
13708	8408	10.301666666666668
13719	13025	10.555
9141	17511	15.548333333333334
17884	stop_272_46429	9.365
10269	10028	6.046666666666667
8249	8253	1.5566666666666669
10915	11761	8.975
9814	stop_2_5	10.993333333333334
7420	12134	13.511666666666667
10000	12134	15.906666666666666
13002	10244	6.631666666666666
17723	17725	5.588333333333334
10086	10277	11.606666666666666
13974	13792	12.303333333333335
stop_1488_3319	stop_1489_127119	12.483333333333333
stop_199_11229	stop_246_40839	12.876666666666667
13179	8361	7.556666666666667
18310	stop_571_303719	8.811666666666667
13608	18222	28.418333333333333
8371	7379	11.295
12946	11009	10.073333333333332
18029	12926	6.3149999999999995
13014	8685	10.805
10211	10208	3.71
stop_186_7019	stop_189_7329	9.53
12907	stop_246_40829	11.578333333333335
8253	9046	9.328333333333335
13345	13363	11.988333333333333
8190	8182	9.713333333333333
stop_277_56719	stop_316_94629	8.443333333333333
8003	stop_243_39219	1.0133333333333332
18235	9859	10.403333333333334
7566	13203	12.813333333333333
stop_246_40829	stop_246_40849	2.1516666666666664
18362	8153	15.49
7804	18024	8.07
11508	stop_316_94619	11.968333333333334
13865	7687	8.186666666666666
12568	13710	4.48
stop_223_35819	stop_325_136019	7.373333333333333
7365	8367	9.366666666666667
8599	stop_280_57229	6.855
17916	stop_246_40829	7.916666666666667
18124	11457	3.603333333333333
17941	stop_233_36929	6.055000000000001
7931	8404	9.176666666666668
stop_189_7319	stop_205_12719	10.583333333333334
7478	7488	5.661666666666666
17478	stop_1494_373119	4.761666666666667
11615	13415	7.328333333333333
8020	stop_254_42419	13.218333333333334
18294	18202	8.448333333333332
17540	17587	6.808333333333334
stop_292_61219	stop_293_61319	3.158333333333333
12016	11182	13.09
8371	13657	13.598333333333333
13699	17835	9.846666666666666
stop_226_36129	stop_957_333829	7.326666666666667
10848	stop_243_39219	8.606666666666666
8027	7956	7.948333333333333
13974	10030	9.823333333333332
stop_5_10	stop_203_12549	12.041666666666666
18043	18041	9.185
12577	13481	38.095
8128	17957	12.931666666666667
17538	17587	11.55
7825	14041	8.008333333333333
18170	11741	12.511666666666667
10063	7518	11.885
8906	stop_203_12539	11.45
7905	8604	2.125
stop_338_56919	stop_339_62119	12.168333333333333
7822	stop_282_57519	14.043333333333333
13723	7897	6.091666666666667
7818	stop_214_31329	11.331666666666667
13417	8903	14.743333333333334
13735	17270	4.395
12940	stop_311_82319	4.155
17953	stop_575_304129	15.018333333333334
10716	7420	7.72
13707	17824	5.298333333333333
stop_1_2	stop_330_254319	12.681666666666667
17830	12966	11.278333333333334
8893	12263	10.423333333333334
8169	13678	16.895
12338	9714	7.308333333333334
12938	12304	11.676666666666668
18127	11474	7.913333333333333
9972	12555	4.944999999999999
stop_219_32219	stop_222_35739	7.3100000000000005
8020	9923	10.065
12134	8373	9.085
13338	8471	12.555
13385	13531	7.248333333333333
stop_224_35939	stop_226_36129	4.54
13714	stop_205_12719	7.39
18390	stop_254_42429	13.805
8166	9714	14.046666666666665
13058	11741	11.475
7396	12305	9.946666666666665
7492	7458	15.183333333333334
18206	13918	3.865
8492	8496	10.815
11515	stop_1556_381029	9.323333333333332
17913	17911	9.639999999999999
7538	13188	11.729999999999999
11651	12581	17.248333333333335
18034	11187	10.823333333333332
13447	13749	9.816666666666666
stop_841_317630	stop_1343_364729	4.155
13620	stop_267_45939	13.993333333333334
8419	10323	14.048333333333334
11251	18147	17.1
12851	stop_298_63049	6.331666666666666
17653	17652	1.8033333333333335
18306	14005	12.378333333333334
8381	12141	2.4383333333333335
8499	8497	7.4
13722	stop_852_324229	4.141666666666667
stop_258_44219	stop_272_46429	15.436666666666667
13816	13817	6.463333333333334
7402	13669	10.596666666666666
9860	14151	7.093333333333334
17537	stop_1490_366219	5.576666666666667
13954	9783	7.126666666666667
13665	stop_338_56929	14.398333333333333
10232	10236	10.131666666666666
18274	stop_188_7229	8.336666666666666
13418	17793	10.276666666666667
8906	13052	13.375
11562	7729	10.358333333333333
12298	stop_219_32239	14.481666666666666
8643	stop_346_269019	12.860000000000001
10317	10498	6.8533333333333335
9541	8615	14.921666666666665
8799	12869	12.825
12846	stop_344_268719	7.34
8934	18385	9.370000000000001
12442	8154	6.8566666666666665
12846	8317	7.803333333333333
18390	8017	4.85
18289	17891	6.62
12927	8077	14.973333333333333
13720	13689	12.955
12898	18292	10.596666666666666
8643	12862	14.325
12326	stop_334_258229	15.191666666666666
stop_225_36029	stop_227_36219	10.836666666666668
7811	stop_219_32239	6.73
10346	13385	10.115
12996	12516	2.82
13665	9505	5.495
10082	10606	12.743333333333334
11306	9900	10.171666666666665
7849	13208	18.221666666666668
10395	10429	11.976666666666667
8404	stop_239_37919	10.110000000000001
12938	stop_570_303629	7.423333333333333
18349	17377	11.691666666666666
12402	stop_335_260819	8.863333333333333
10000	10065	9.775
10164	18284	9.048333333333334
stop_292_61229	stop_314_92259	6.319999999999999
10825	10897	5.3
stop_278_57029	stop_820_315819	7.973333333333333
18023	stop_1490_366229	9.351666666666667
8315	stop_339_62129	11.333333333333334
11478	13960	5.696666666666667
11516	stop_425_287119	3.9583333333333335
10923	10915	5.578333333333333
stop_12_21	stop_253_42329	9.08
8332	7991	7.38
12994	13002	9.895000000000001
14141	14142	8.273333333333333
17853	17854	7.716666666666667
17282	12983	12.468333333333334
stop_13_27	stop_313_86729	9.396666666666667
10559	8089	3.5683333333333334
10603	stop_224_35949	8.036666666666667
8361	stop_283_57629	11.575
8301	18128	11.18
12350	stop_302_67919	10.458333333333334
8076	8130	7.908333333333333
stop_11_23	stop_289_58929	12.246666666666666
13950	12487	10.763333333333332
13023	stop_246_40819	2.48
9411	13363	3.575
12917	18144	1.7716666666666667
11724	11701	14.216666666666667
11600	11591	4.501666666666667
17712	18384	21.501666666666665
18248	18367	1.3883333333333332
12910	stop_253_42319	0.9600000000000001
12318	7980	1.6883333333333332
9815	18127	8.521666666666667
18389	stop_248_41329	14.645000000000001
stop_219_32229	stop_1102_347019	7.733333333333333
9900	stop_280_57219	0.6766666666666666
stop_253_42319	stop_254_42419	7.995
7820	10081	0.795
10473	9754	7.426666666666667
7959	7960	6.108333333333333
10481	17342	7.073333333333333
7946	stop_253_42329	12.433333333333334
10213	18349	15.573333333333332
17668	7444	8.45
12907	12908	7.376666666666667
12303	18256	11.895000000000001
11617	12584	10.553333333333335
11022	11024	11.841666666666667
8973	9046	12.378333333333334
12304	17714	12.601666666666667
13676	10545	8.676666666666668
12985	stop_292_61219	12.491666666666667
stop_298_63019	stop_298_63039	3.1016666666666666
7535	7533	7.748333333333333
17577	stop_1493_373029	12.55
9119	8104	19.015
13117	stop_952_331019	1.9816666666666667
10231	10232	0.21
8123	stop_316_94619	8.686666666666667
10460	12403	9.243333333333334
13718	17918	13.014999999999999
stop_203_12529	stop_386_285929	10.711666666666668
18024	stop_214_31319	12.066666666666666
12570	17835	8.373333333333333
12910	8015	12.423333333333334
12877	13055	3.14
18065	stop_3_6	13.623333333333333
8670	8224	6.4783333333333335
18079	stop_267_45919	14.145000000000001
13385	14033	6.833333333333333
7822	7811	1.6233333333333335
18334	13699	13.263333333333332
9452	10635	4.658333333333333
10116	9142	8.673333333333334
18409	12635	10.793333333333333
13667	stop_1280_364319	12.729999999999999
18243	14154	14.338333333333333
12909	8015	6.201666666666667
7946	8021	13.898333333333333
17310	17307	3.765
11133	13028	9.413333333333332
13249	11354	7.891666666666667
stop_223_35829	stop_226_36119	10.925
17586	stop_1486_372439	7.538333333333333
12959	13053	11.325
7537	8709	6.98
18297	7946	5.5183333333333335
12594	17561	6.951666666666667
13037	8112	15.321666666666665
7515	14165	11.246666666666666
12887	17912	14.463333333333333
7399	stop_183_6119	17.23
13946	13929	9.629999999999999
7885	stop_1102_347029	8.198333333333332
8017	stop_13_28	12.035
12312	17965	6.819999999999999
13616	stop_267_45929	9.29
13054	8630	25.621666666666666
7813	stop_222_35729	8.016666666666667
8308	13390	1.4216666666666666
8240	8217	3.2083333333333335
12931	18328	8.391666666666667
10220	10221	1.7533333333333334
8906	11909	12.885
stop_267_45919	stop_274_46619	7.72
17970	8708	12.511666666666667
8644	8234	12.441666666666666
12659	9528	4.786666666666666
12952	stop_241_38319	4.1866666666666665
11951	stop_572_303819	1.3283333333333334
12996	stop_303_68129	11.418333333333333
7961	stop_342_268529	10.383333333333333
10110	10261	15.218333333333334
17661	17662	9.631666666666666
12304	stop_183_6119	12.458333333333334
10055	stop_1489_127129	10.801666666666668
13404	9889	10.683333333333334
17307	13483	25.453333333333333
13644	12338	15.303333333333335
13720	10560	10.398333333333333
12306	stop_1487_373619	10.401666666666667
9935	stop_267_45929	14.353333333333333
10233	10235	14.81
14033	10760	5.53
11649	18122	12.888333333333332
12950	stop_241_38319	8.035
18242	12738	14.795
9051	12893	8.628333333333334
8325	17562	10.248333333333333
7820	stop_214_31329	9.643333333333334
13340	13339	7.421666666666667
7395	13034	9.963333333333333
12984	stop_314_92239	9.770000000000001
17545	17892	10.231666666666666
13714	7430	15.389999999999999
12993	stop_301_63719	6.235
8732	8734	9.295
12953	7983	10.925
8345	8364	11.360000000000001
10401	10378	8.406666666666666
8056	12979	9.176666666666668
10109	stop_298_63049	7.293333333333334
10700	11913	13.016666666666667
7426	stop_187_7129	10.495000000000001
8338	18312	7.453333333333333
14046	14051	8.858333333333333
7430	17830	2.2983333333333333
13136	13137	11.756666666666666
11951	13065	1.6066666666666667
8137	stop_306_71629	13.595
11913	9149	11.145000000000001
12717	stop_188_7219	10.96
17753	17755	7.441666666666666
13714	stop_186_7019	13.678333333333335
11638	11637	6.281666666666666
12487	13957	4.711666666666667
7971	12354	15.901666666666667
12353	stop_272_46419	17.501666666666665
12881	stop_8_16	12.603333333333333
18357	10549	7.455
7500	7930	7.261666666666667
11798	12979	3.5366666666666666
13746	8419	16.555
8337	stop_255_42919	4.421666666666667
8222	8366	10.166666666666666
12930	stop_277_56719	12.165
17589	stop_1493_373019	12.111666666666668
13668	10706	13.253333333333334
12983	stop_285_58429	6.483333333333333
10991	stop_204_12619	8.225
11569	18039	10.495000000000001
11715	11719	0.7133333333333333
8899	stop_570_303619	18.503333333333334
7964	17861	18.78666666666667
13186	stop_283_57619	11.646666666666667
12995	13004	4.795
14011	14010	1.21
12658	11589	8.201666666666666
9138	10324	9.020000000000001
13661	18161	7.3133333333333335
13081	stop_1_2	11.243333333333334
14165	stop_188_7219	9.08
8419	stop_1493_373019	18.386666666666667
7950	stop_252_42029	9.606666666666666
13135	13136	0.9883333333333333
13651	stop_248_41319	8.433333333333334
7512	stop_203_12519	7.753333333333333
9969	9965	10.243333333333334
8351	8164	3.7849999999999997
12875	stop_207_12929	16.196666666666665
13972	18348	12.315
8801	stop_335_260819	7.9766666666666675
12881	12932	10.816666666666666
13722	stop_204_12619	10.841666666666667
17755	12736	3.453333333333333
8906	stop_852_324239	9.403333333333334
13023	12899	13.235000000000001
10602	12010	7.793333333333334
11799	10631	12.783333333333333
17585	17547	10.893333333333334
14029	18256	15.488333333333333
17566	10052	11.826666666666666
12518	stop_841_317630	1.8766666666666665
17836	10324	5.151666666666667
9549	stop_291_61129	5.7316666666666665
11433	stop_322_117329	13.035
12034	12671	13.576666666666666
8336	stop_255_42929	8.391666666666667
12570	17310	12.21
12917	17958	4.041666666666667
11509	8076	4.538333333333333
7369	stop_1486_372419	13.29
8361	10081	14.563333333333333
18390	stop_12_19	8.981666666666666
8166	8171	9.19
13630	10231	13.141666666666667
7929	12950	3.3333333333333335
13180	11306	8.85
11650	8778	20.625
7411	stop_217_32019	14.748333333333333
8616	stop_841_317639	8.066666666666666
8091	stop_213_31129	19.28666666666667
8232	10172	12.46
9032	17834	15.095
7951	7950	11.851666666666667
12489	9595	5.895
8795	12510	5.010000000000001
9147	stop_13_27	9.229999999999999
13639	stop_207_12929	10.188333333333333
18276	17380	8.998333333333333
stop_343_268619	stop_345_268819	12.016666666666667
10991	7472	10.706666666666667
10116	14130	10.681666666666667
11811	17795	0.5566666666666666
10700	stop_852_324249	8.938333333333333
9149	12959	9.241666666666667
13025	12859	6.211666666666667
12356	stop_10_3	6.5649999999999995
17827	10780	8.366666666666667
11603	13972	7.633333333333334
9916	11079	2.091666666666667
stop_207_12929	stop_233_36919	14.6
9166	13740	3.0416666666666665
12401	stop_322_117329	11.581666666666667
12070	stop_335_260829	4.806666666666667
11507	8128	11.788333333333332
18045	13775	10.608333333333333
8197	13389	10.751666666666667
13674	10466	12.74
17540	stop_1486_372429	9.879999999999999
12974	18332	12.286666666666667
18244	7434	12.47
7512	12959	5.7266666666666675
11807	11808	0.39666666666666667
12886	12518	6.033333333333333
stop_222_35729	stop_568_303219	12.703333333333335
18056	7454	6.443333333333333
11909	13042	13.136666666666667
8127	12930	12.241666666666667
11331	18238	8.075
12010	stop_1102_347019	2.7266666666666666
17345	10733	4.485
13007	18227	8.815
10222	10220	5.626666666666667
13149	8441	18.331666666666667
stop_291_61119	stop_314_92229	4.508333333333334
13178	11311	9.185
12948	stop_240_38229	3.216666666666667
8238	10140	15.354999999999999
10596	10597	0.615
13445	11333	13.756666666666666
12323	stop_199_11219	13.35
13715	stop_189_7329	0.925
18284	stop_1494_373119	19.131666666666668
stop_188_7229	stop_852_324219	10.933333333333334
stop_223_35819	stop_852_324229	11.678333333333335
8409	12952	9.276666666666667
17247	stop_345_268819	4.3566666666666665
13236	13210	7.151666666666667
17892	12309	17.134999999999998
9038	11474	11.103333333333333
13073	10783	9.773333333333333
10108	8138	11.546666666666665
10000	13657	14.103333333333333
9980	17715	17.705
10109	10245	6.616666666666666
stop_204_12639	stop_205_12729	4.508333333333334
12942	8405	11.246666666666666
13723	stop_279_57119	13.09
17910	stop_386_285929	4.388333333333334
12847	8108	4.16
13547	13079	11.29
17918	stop_230_36539	12.701666666666666
10477	10472	5.29
17549	17588	14.338333333333333
10374	10406	0.24000000000000002
11612	11619	13.261666666666667
12402	13034	8.6
stop_278_57019	stop_1103_347129	8.12
12948	stop_329_253919	11.388333333333332
18311	stop_329_253929	12.878333333333334
13905	12939	16.955
8118	13723	12.941666666666666
7651	18004	5.8116666666666665
12298	10603	5.626666666666667
7825	11714	14.6
stop_250_41829	stop_252_42029	10.091666666666667
13165	9719	10.21
12876	17772	8.971666666666666
13325	12672	8.491666666666667
8359	stop_321_115429	13.1
13183	stop_957_333819	1.2766666666666666
7648	11914	15.514999999999999
7504	7490	9.3
7822	stop_318_96019	12.476666666666667
18292	stop_250_41829	4.7733333333333325
7805	7804	2.19
17587	stop_1489_127129	1.6966666666666665
8770	8769	4.1883333333333335
8845	8902	7.651666666666667
7483	7494	12.973333333333333
9118	stop_8_15	6.545
10142	10145	13.25
7631	11618	11.625
10445	12367	6.4816666666666665
11021	11023	9.146666666666667
9138	18147	7.02
7434	stop_189_7339	7.516666666666667
12938	7404	6.260000000000001
8077	stop_276_56139	11.161666666666667
13054	7811	10.943333333333333
7399	12304	11.671666666666665
12908	9147	4.173333333333334
7371	17540	6.408333333333333
7448	7503	14.79
12929	13114	6.8966666666666665
9169	stop_203_12549	8.465
9051	stop_203_12559	1.2866666666666666
12966	stop_568_303239	10.211666666666668
17713	17716	13.988333333333333
10559	stop_325_136019	15.553333333333335
12915	stop_321_115429	11.598333333333333
12958	stop_189_7339	10.831666666666667
8414	13644	1.9633333333333334
12995	stop_334_258229	6.331666666666666
8104	stop_284_57729	9.263333333333332
11613	11620	20.613333333333333
7969	7968	4.0216666666666665
11457	18125	0.4633333333333333
12747	13849	9.981666666666666
8352	8163	13.743333333333334
11661	11662	10.225
18292	18311	8.8
8089	stop_957_333829	7.573333333333333
12339	12325	9.92
12986	stop_285_58419	16.038333333333334
12888	12871	13.943333333333333
12941	stop_318_96029	7.178333333333333
7402	8326	5.578333333333333
stop_222_35729	stop_224_35949	12.948333333333332
18272	17376	10.053333333333335
7964	7968	11.018333333333334
12927	stop_339_62129	22.026666666666664
12324	17420	17.476666666666667
11660	11686	26.65
9049	stop_322_117319	13.795
10257	10594	2.0
8745	13928	8.4
13661	17956	16.346666666666668
10842	12378	16.046666666666667
12140	18329	13.761666666666667
18335	11251	6.321666666666667
17562	17590	11.836666666666668
13080	8098	19.836666666666666
8358	stop_227_36219	12.231666666666666
11433	12022	7.489999999999999
18328	12904	11.868333333333334
12809	13516	16.573333333333334
9655	9654	0.6566666666666666
13005	stop_302_67919	7.838333333333334
11282	13539	6.366666666666666
10346	13532	7.4
18010	18007	7.513333333333334
12899	stop_13_26	6.158333333333333
9169	7461	8.418333333333333
17891	11251	11.798333333333334
10245	stop_297_62429	5.1483333333333325
12935	stop_260_29	13.148333333333333
13480	12573	13.356666666666666
17908	9916	4.238333333333333
12962	stop_186_7029	9.871666666666666
10481	10158	12.620000000000001
10000	7509	15.07
11331	11334	5.441666666666666
12516	10612	13.15
13718	12719	5.363333333333333
13722	12402	5.698333333333333
13671	8076	5.96
8898	8899	6.430000000000001
13906	stop_188_7229	9.731666666666666
12998	stop_304_68229	3.0966666666666667
10602	stop_225_36019	12.966666666666667
12595	stop_1490_366229	12.770000000000001
12907	stop_248_41329	0.9333333333333333
17829	13420	10.351666666666667
7460	7505	2.4683333333333333
12943	stop_328_253819	0.48333333333333334
12871	stop_425_287129	13.22
18281	10225	12.96
10070	18028	8.468333333333334
10139	8210	6.246666666666667
18101	11456	9.67
13055	stop_232_36829	9.270000000000001
12907	18314	8.681666666666667
17705	17696	4.861666666666666
stop_13_27	stop_571_303719	12.285
9138	stop_1493_373029	20.490000000000002
7803	8090	9.645000000000001
7804	7808	12.453333333333335
17552	17577	8.558333333333334
8408	stop_240_38219	7.931666666666667
10323	17583	10.673333333333334
13516	13517	0.7266666666666667
stop_275_56019	stop_323_126229	12.883333333333333
17679	12361	4.7733333333333325
7478	18028	12.863333333333333
11509	11508	0.92
9041	9046	1.8983333333333334
8584	13960	11.979999999999999
12860	stop_820_315819	4.818333333333333
17478	stop_1552_378519	7.63
10133	12330	12.795
13819	8232	15.003333333333334
10607	12510	13.718333333333334
9850	8468	10.993333333333334
13701	7498	13.123333333333333
12662	17809	12.021666666666667
13213	13218	7.496666666666667
stop_242_38819	stop_329_253919	6.175
7809	7822	15.203333333333335
8364	13713	2.3383333333333334
12840	stop_284_57719	1.4616666666666667
7459	17836	13.376666666666667
10177	10180	9.004999999999999
stop_226_36129	stop_1102_347029	13.033333333333333
stop_278_57019	stop_338_56929	2.566666666666667
13065	9910	8.133333333333333
13132	11183	11.648333333333333
7959	13081	15.178333333333335
12934	10500	14.115
7446	17835	10.888333333333332
10092	10264	2.2416666666666667
13586	stop_278_57029	8.033333333333333
7908	stop_386_285919	4.155
12904	10849	11.753333333333334
8355	stop_952_331019	13.406666666666666
8906	stop_204_12629	6.636666666666667
7905	17941	11.426666666666668
17547	17587	14.431666666666667
stop_213_31139	stop_214_31329	4.2
12503	8311	19.478333333333335
12466	stop_316_94619	13.453333333333335
13723	7813	13.246666666666666
18287	stop_10_3	11.073333333333332
8003	12949	12.361666666666668
7818	stop_217_32029	6.505
18345	18265	13.65
18297	stop_250_41819	8.68
8408	stop_328_253829	5.985
10153	10156	9.76
11839	11841	2.058333333333333
13186	stop_214_31319	15.861666666666668
10716	7413	6.35
13707	8371	11.018333333333334
7891	10648	8.893333333333334
17830	7434	14.188333333333333
13058	7960	9.01
10171	stop_3_6	15.573333333333332
12136	12503	11.315
stop_294_61419	stop_343_268629	14.71
8405	12949	7.87
stop_219_32219	stop_224_35929	12.165
8801	13714	8.035
stop_257_43519	stop_258_44219	8.783333333333333
9149	stop_852_324219	9.588333333333333
10171	8216	14.606666666666666
13385	13534	6.281666666666666
13853	13852	8.153333333333332
18170	stop_258_44219	9.04
13749	stop_3_6	10.836666666666668
7742	7747	1.77
17567	17964	7.0649999999999995
8903	11629	10.121666666666666
9899	stop_290_61019	6.531666666666666
12898	stop_12_21	8.92
10477	10610	12.336666666666668
17714	17588	9.683333333333334
7512	stop_852_324219	5.895
7471	7511	6.581666666666666
17986	stop_267_45939	5.928333333333333
10872	13630	8.635
17949	stop_6_13	6.706666666666666
13620	stop_273_46529	11.036666666666667
17392	17394	7.828333333333333
11955	stop_208_13029	8.013333333333334
11105	13705	15.915
8631	12845	12.281666666666666
12881	8710	5.645
8769	stop_1_1	10.823333333333332
stop_1280_364319	stop_1280_364329	3.7216666666666667
11913	stop_219_32229	12.438333333333333
9388	9387	5.421666666666667
12719	7813	14.229999999999999
8075	8123	8.048333333333334
10156	10154	1.3150000000000002
9904	stop_343_268619	10.876666666666667
stop_219_32219	stop_311_82329	13.425
stop_243_39229	stop_313_86719	15.471666666666666
13114	stop_323_126229	8.835
8118	stop_224_35929	12.770000000000001
7971	stop_273_46529	14.998333333333333
17877	14151	13.483333333333333
18274	stop_189_7349	14.408333333333333
12298	stop_222_35729	5.368333333333334
13637	stop_334_258219	13.101666666666667
8374	7375	11.628333333333334
13005	10613	12.81
10612	stop_334_258229	13.195
10317	17832	17.970000000000002
12362	12340	7.051666666666667
8441	13130	14.07
8799	12871	6.091666666666667
12442	10509	11.639999999999999
17547	17561	1.6333333333333333
stop_221_32519	stop_224_35939	4.71
10724	stop_297_62419	12.618333333333334
12070	13718	6.37
12927	12964	6.655
18363	8390	8.183333333333334
12946	7985	9.323333333333332
7502	17928	15.318333333333333
11306	9549	9.685
13905	7399	9.321666666666665
8951	11017	8.596666666666666
8779	8776	4.155
17258	13663	4.163333333333333
9049	7512	7.73
12986	stop_343_268619	15.125
10000	7423	12.331666666666667
9980	13538	4.6033333333333335
9676	9673	8.786666666666667
17544	17552	8.966666666666667
18038	18042	1.1483333333333334
8862	8809	6.59
18023	stop_1492_372629	7.5233333333333325
12928	stop_275_56019	1.1716666666666666
8335	8336	1.4833333333333334
7369	17545	11.506666666666666
stop_203_12549	stop_322_117329	12.696666666666665
8332	7983	4.156666666666667
9072	18369	8.425
12320	7977	15.968333333333334
17716	17381	6.051666666666667
8831	12607	4.7733333333333325
13683	13554	12.303333333333335
stop_852_324219	stop_852_324249	1.3066666666666669
7385	8372	9.473333333333333
8672	stop_277_56729	1.8816666666666668
11174	11445	11.736666666666668
10673	10674	0.5016666666666667
9407	13347	10.835
11192	13546	9.585
8115	8114	8.23
7432	stop_570_303629	12.468333333333334
12939	13628	2.3216666666666668
13023	stop_248_41319	10.905
7461	7459	13.095
17941	stop_203_12519	14.95
12309	9026	7.461666666666667
17834	12310	7.198333333333333
12932	stop_245_40719	10.671666666666665
18121	18101	8.888333333333332
12878	stop_232_36819	5.158333333333333
12661	10781	64.76833333333333
stop_259_44919	stop_331_254819	5.578333333333333
7447	7439	7.836666666666667
11017	11016	1.8233333333333335
12518	stop_307_71819	6.8116666666666665
13718	9149	5.9366666666666665
7503	8297	4.19
18389	stop_252_42029	11.718333333333334
12966	stop_186_7019	9.931666666666667
17949	17953	11.098333333333333
18079	stop_9_17	1.715
10040	10046	5.0233333333333325
18146	17834	5.533333333333333
7412	12306	13.548333333333334
8616	stop_307_71829	11.801666666666668
13034	stop_188_7229	8.308333333333334
10115	10114	5.318333333333333
17668	8296	12.115
10030	11591	7.6850000000000005
stop_240_38229	stop_328_253829	12.426666666666668
11475	13474	10.131666666666666
11540	18278	6.363333333333333
12609	10766	9.120000000000001
7385	10167	12.638333333333332
8114	9544	5.430000000000001
8973	11639	16.828333333333333
12985	stop_294_61419	5.288333333333333
8801	stop_1234_362119	7.953333333333333
7817	stop_213_31129	12.111666666666668
7959	10499	9.241666666666667
9847	8267	10.741666666666667
13668	8538	7.260000000000001
17215	stop_2_5	9.156666666666666
12521	14130	9.965
7358	10167	6.67
8211	13687	10.961666666666668
12949	12951	4.266666666666667
18191	18192	1.2166666666666666
8000	12950	5.953333333333333
13891	9910	4.261666666666667
18244	11432	8.165
stop_219_32239	stop_221_32529	9.84
8670	13662	12.753333333333334
10372	10408	11.021666666666667
7822	12307	11.58
18389	7950	7.276666666666667
12604	12606	8.695
stop_203_12539	stop_230_36519	10.781666666666666
stop_230_36519	stop_230_36539	1.73
9918	8015	14.013333333333332
17408	10383	9.483333333333333
8234	8223	5.658333333333333
13331	11605	12.301666666666668
18299	18298	1.1849999999999998
18311	13486	14.121666666666666
12616	8935	13.71
13679	8075	11.905
13848	13853	5.988333333333333
8584	stop_323_126219	12.025
7651	13404	13.251666666666667
8538	8539	1.5183333333333333
13628	stop_1486_372429	7.536666666666666
18297	8018	5.951666666666667
13859	13856	1.905
18328	13486	13.120000000000001
12594	7381	12.818333333333333
11213	11748	8.415
12560	18256	10.683333333333334
stop_298_63049	stop_300_63429	10.633333333333333
12070	stop_1234_362129	7.105
13616	stop_273_46519	9.59
9034	stop_237_37729	10.013333333333332
7813	stop_224_35919	13.666666666666666
13444	11438	9.313333333333333
18015	12609	10.375
12893	stop_208_13019	9.173333333333334
17721	12809	10.883333333333333
17567	17544	6.593333333333334
8906	12401	13.26
8363	8630	8.276666666666667
10077	10075	14.916666666666666
stop_214_31329	stop_282_57519	18.695
13723	stop_226_36119	2.6366666666666663
7717	11192	11.905
7381	17562	4.821666666666667
stop_216_31929	stop_311_82319	9.596666666666666
7781	13351	7.503333333333333
9935	stop_273_46519	9.401666666666667
14033	10242	9.171666666666665
13037	stop_314_92229	1.02
12941	17908	13.043333333333333
stop_204_12619	stop_230_36539	16.145
12411	13095	16.87
7891	stop_222_35719	0.865
13344	13775	5.085
13699	7488	14.92
10015	stop_243_39229	13.356666666666666
stop_202_12419	stop_203_12559	13.046666666666665
9970	12121	15.573333333333332
10626	10456	7.61
13369	13367	7.656666666666666
11079	7430	11.191666666666666
11730	9060	11.238333333333333
10267	10268	0.2916666666666667
8296	17929	14.381666666666666
8604	stop_230_36539	2.683333333333333
9167	17668	12.6
13036	8599	10.726666666666667
stop_204_12629	stop_852_324229	5.8149999999999995
13443	9860	6.3966666666666665
13900	stop_276_56139	12.923333333333334
13865	10679	11.59
12869	12878	12.975
7985	stop_241_38319	9.896666666666667
8355	13114	13.025
12908	stop_250_41829	1.3033333333333335
9120	18025	12.313333333333333
13620	11741	15.688333333333333
13525	17611	5.765
18285	17562	10.03
stop_6_13	stop_245_40719	8.764999999999999
12613	18017	0.4116666666666667
7571	17377	14.761666666666667
12897	8402	12.953333333333335
13337	9380	5.206666666666666
11769	11770	0.32166666666666666
12717	stop_189_7339	9.593333333333334
13714	stop_187_7129	13.93
7971	11741	2.8916666666666666
13076	10783	4.6033333333333335
8027	7957	4.668333333333334
12353	stop_274_46619	19.258333333333333
14040	8922	11.67
13952	11506	4.489999999999999
stop_325_136019	stop_782_314119	12.379999999999999
8363	stop_282_57519	7.6850000000000005
12845	stop_282_57529	6.136666666666667
9119	stop_216_31919	6.4383333333333335
stop_203_12519	stop_322_117319	12.866666666666667
13179	7897	14.58
8248	8787	11.29
18315	10177	12.218333333333334
10351	12374	11.035
9013	9695	27.25
13444	18235	11.836666666666668
7413	17774	4.61
7450	7495	4.6899999999999995
13696	18080	3.856666666666667
7822	stop_782_314119	7.223333333333333
7520	13553	4.760000000000001
7430	stop_189_7349	11.254999999999999
stop_335_260819	stop_852_324229	4.961666666666667
7368	12312	13.813333333333333
12961	12938	6.328333333333333
10001	13261	10.151666666666667
7482	7437	1.9016666666666666
12854	stop_293_61329	11.003333333333334
11105	17716	5.739999999999999
stop_204_12639	stop_335_260819	9.438333333333333
13519	9061	3.9066666666666667
8115	stop_279_57119	12.375
13661	13672	10.014999999999999
9489	11679	11.545
13717	stop_321_115429	13.514999999999999
17940	stop_230_36549	13.126666666666667
12908	18311	11.691666666666666
13665	stop_321_115429	3.328333333333333
stop_205_12729	stop_852_324239	11.15
7951	stop_254_42429	8.476666666666667
stop_257_43519	stop_330_254329	12.538333333333332
8442	12016	17.55
7411	7419	13.83
12346	13704	7.251666666666667
13651	stop_252_42019	12.923333333333334
7512	stop_203_12559	7.291666666666667
7951	13724	0.9116666666666667
8351	12362	11.745000000000001
8435	8439	11.416666666666666
11311	stop_282_57529	13.063333333333333
8973	8974	9.171666666666665
7495	8304	10.541666666666666
12888	11514	2.61
18155	10324	5.005
10016	8020	12.186666666666667
17585	8327	11.643333333333334
8504	8505	1.5216666666666667
8000	8002	6.930000000000001
10490	10453	6.596666666666667
9549	stop_293_61329	14.258333333333333
11509	8077	10.354999999999999
13816	13674	7.576666666666667
9932	stop_272_46429	16.666666666666668
12941	stop_782_314129	1.2349999999999999
10184	10091	10.026666666666667
18152	stop_11_23	1.3183333333333331
17401	13440	8.889999999999999
7929	11420	5.591666666666667
8187	12343	10.955
stop_248_41329	stop_313_86729	10.586666666666668
7951	8017	11.226666666666667
13932	13934	12.04
12489	9589	20.383333333333333
17939	8127	10.261666666666667
8799	7505	10.504999999999999
7885	12306	14.286666666666667
13651	18310	14.708333333333334
10065	stop_196_8719	11.270000000000001
stop_224_35929	stop_224_35949	2.0816666666666666
10096	stop_297_62429	10.25
12951	13485	12.073333333333332
12677	11507	9.291666666666666
stop_237_37719	stop_237_37729	1.2333333333333334
7670	7673	0.6466666666666666
18047	13545	7.733333333333333
13444	11331	13.978333333333333
10330	7596	19.626666666666665
stop_275_56019	stop_276_56129	4.065
11248	stop_221_32519	12.983333333333333
7402	stop_1486_372419	8.681666666666667
12886	10468	9.915
13005	13061	10.75
7738	7743	7.623333333333333
9895	7952	9.251666666666667
9875	9874	1.7233333333333334
stop_280_57219	stop_280_57229	0.785
13645	stop_302_67919	7.691666666666666
11741	10500	6.3116666666666665
7894	stop_223_35829	12.996666666666666
17538	stop_1488_3319	0.9283333333333333
7885	10081	11.729999999999999
12948	stop_242_38829	4.795
18311	stop_243_39219	10.031666666666666
7515	7417	10.270000000000001
10165	17577	12.045
11708	13202	14.971666666666666
9660	9661	0.5666666666666667
7722	10358	13.496666666666666
7432	stop_186_7039	3.4033333333333333
9049	10991	3.3433333333333333
10070	17583	8.875
12951	7980	11.448333333333332
7414	7518	6.116666666666666
18244	stop_203_12539	11.45
8528	13445	5.923333333333333
12899	stop_313_86729	11.033333333333333
12911	7956	8.54
11909	stop_189_7329	10.848333333333333
11583	13365	5.91
13425	17829	0.0
10065	7420	12.651666666666667
10118	stop_305_71529	12.035
10053	17587	10.603333333333333
8579	13361	7.473333333333333
7478	17583	11.836666666666668
8355	10494	0.20166666666666666
12934	9938	15.233333333333333
9972	12120	11.356666666666666
7410	7432	12.736666666666668
10139	stop_307_71829	14.288333333333332
8278	11655	3.643333333333333
10142	10466	16.058333333333334
18079	stop_254_42419	12.905
18334	18289	1.475
11729	stop_238_37819	15.453333333333335
13653	13634	7.378333333333333
11769	10490	5.29
9505	stop_230_36519	10.375
7504	7488	12.16
stop_12_20	stop_250_41829	7.778333333333333
8809	8858	3.3633333333333337
13661	stop_276_56119	14.883333333333333
17958	stop_276_56129	12.805
18289	18150	22.5
12321	12320	1.5450000000000002
7805	8633	12.171666666666665
13946	13809	17.36
17587	stop_1491_372329	6.433333333333334
8056	9141	1.1783333333333335
8389	stop_187_7119	2.2083333333333335
12354	stop_273_46529	18.95
7825	8925	3.2766666666666664
18306	10877	2.1866666666666665
11009	stop_329_253919	7.511666666666667
stop_9_18	stop_254_42429	12.928333333333335
8300	8788	13.723333333333333
12938	13669	9.25
17987	stop_1_1	13.196666666666665
12419	13895	12.135
7525	7537	12.075
7371	13705	10.485000000000001
11722	12462	1.995
8363	7811	15.171666666666665
10183	10186	3.135
9051	stop_205_12719	8.058333333333334
stop_314_92249	stop_1280_364329	10.728333333333333
18041	11542	10.295
9120	stop_957_333819	15.41
8402	8299	15.604999999999999
9938	9932	0.8366666666666667
13397	8698	29.326666666666664
18003	11449	17.03666666666667
12368	18307	12.431666666666667
13028	11137	10.881666666666666
10201	12503	9.46
12304	12302	12.236666666666668
18155	18147	1.7766666666666666
12842	stop_957_333819	14.979999999999999
9505	stop_316_94629	6.383333333333334
8352	12363	13.479999999999999
12900	8003	14.346666666666666
13705	13669	16.908333333333335
10324	7449	11.225
17560	stop_183_6129	6.9350000000000005
8528	14154	10.396666666666667
13681	10470	7.141666666666667
12986	stop_290_61019	6.218333333333334
13905	7407	4.3533333333333335
9967	9533	11.246666666666666
10700	7885	8.858333333333333
8328	8325	9.54
12905	12923	2.481666666666667
12931	12323	8.283333333333333
stop_219_32239	stop_1487_373629	2.48
17283	8317	11.520000000000001
18238	14151	3.396666666666667
11248	stop_325_136029	11.01
9032	17307	16.486666666666668
13179	stop_224_35939	11.763333333333332
9608	13472	9.706666666666667
17245	13749	14.676666666666668
13080	stop_311_82329	12.121666666666666
13651	18390	6.655
13687	10504	9.205
10480	11163	9.173333333333334
11433	13052	12.951666666666666
12952	7991	7.501666666666667
13001	13002	1.6683333333333332
12943	stop_241_38329	11.703333333333335
11652	8776	16.446666666666665
13556	18225	11.761666666666667
17892	stop_1492_372629	0.225
7369	17563	13.288333333333332
18334	12570	17.473333333333336
9655	18330	11.086666666666668
18151	8643	9.401666666666667
8390	8699	7.6899999999999995
10346	18366	8.035
13930	13932	8.604999999999999
7390	stop_183_6129	7.001666666666667
17310	13480	27.773333333333333
18014	8863	19.59333333333333
12886	stop_1343_364729	10.358333333333333
12355	stop_330_254319	8.915
12472	8672	10.795
10481	10201	9.631666666666666
13421	9500	5.3
7480	7478	11.65
10594	11234	8.56
stop_316_94629	stop_820_315819	13.256666666666666
18274	stop_322_117329	14.443333333333333
stop_203_12529	stop_207_12929	9.788333333333332
13671	8077	12.606666666666666
stop_242_38819	stop_242_38829	0.8466666666666666
7667	7677	0.13
17566	8419	18.58833333333333
stop_325_136029	stop_852_324249	12.466666666666667
13677	14142	3.231666666666667
8522	8228	7.386666666666667
12009	stop_219_32239	4.248333333333333
10602	stop_227_36219	4.948333333333333
18289	stop_1493_373019	12.528333333333334
18161	stop_275_56029	13.666666666666666
7460	7478	10.456666666666667
stop_279_57119	stop_280_57219	4.425
12945	stop_239_37919	2.805
8021	12355	11.283333333333333
18281	18349	8.148333333333333
11611	17826	0.25666666666666665
13472	10292	8.171666666666667
17282	17245	13.888333333333332
12333	10149	8.628333333333334
12587	12584	5.46
18150	12310	10.945
7803	8091	7.6883333333333335
7520	10691	5.136666666666667
9851	8267	9.456666666666667
9978	stop_245_40729	13.835
13124	12018	6.056666666666667
8408	stop_242_38819	10.381666666666666
8618	stop_1493_373019	9.825
17538	17576	14.520000000000001
12309	17779	9.805
stop_205_12719	stop_322_117329	4.535
13011	9725	6.930000000000001
7471	stop_203_12519	0.115
12129	12126	7.54
10062	7519	12.121666666666666
7447	12310	11.903333333333334
10779	17734	6.246666666666667
9050	stop_232_36819	15.063333333333333
18367	17714	13.018333333333334
7530	7532	9.885
7419	7418	1.4683333333333333
7459	8297	7.918333333333334
13183	12967	12.773333333333333
12852	10724	14.646666666666667
9967	12556	7.358333333333333
13411	9501	11.1
12841	stop_314_92259	14.346666666666666
7959	17884	15.26
8206	9142	6.751666666666667
17567	7481	16.541666666666668
stop_5_10	stop_207_12929	11.908333333333333
10345	13050	15.286666666666667
13657	13656	8.691666666666666
10493	8352	6.28
12904	8015	7.496666666666667
12503	17342	19.38
9050	17941	14.143333333333334
18297	stop_253_42319	11.293333333333333
13018	12352	11.121666666666666
18306	13653	9.754999999999999
9852	13122	11.818333333333333
18297	8027	11.998333333333333
7891	12970	11.483333333333333
13809	13930	7.453333333333333
10050	17544	14.025
13947	13929	14.888333333333332
stop_841_317619	stop_1343_364719	6.158333333333333
12936	stop_320_105129	4.306666666666667
13180	stop_221_32529	13.086666666666668
7809	10081	7.2
11680	11660	19.358333333333334
7977	stop_330_254329	11.066666666666666
8259	9369	4.846666666666667
8336	stop_331_254819	14.55
12134	7390	10.236666666666668
18244	11909	12.885
12339	13399	14.868333333333334
12374	12127	11.363333333333333
9049	stop_203_12529	1.4766666666666666
13385	7360	11.928333333333335
17825	17813	10.613333333333333
18287	12356	13.756666666666666
7977	7936	2.606666666666667
13058	10499	12.925
13814	9360	6.133333333333334
11514	stop_425_287129	0.9700000000000001
12898	stop_13_27	12.833333333333334
9722	stop_2_5	6.2
13025	stop_338_56919	8.808333333333334
8474	7533	13.498333333333333
9139	17964	16.261666666666667
8089	7822	6.526666666666667
12718	stop_204_12639	6.778333333333333
7471	12959	8.913333333333332
17986	stop_273_46529	10.96
17876	stop_1342_364629	12.475
10545	12416	10.281666666666666
11802	11805	7.260000000000001
10190	10193	16.843333333333334
11546	11548	1.0983333333333334
stop_568_303239	stop_1487_373619	12.948333333333332
13806	18222	9.34
18008	10856	3.4650000000000003
9968	9969	0.9383333333333332
7381	stop_1489_127119	12.906666666666666
stop_1280_364319	stop_1342_364629	9.0
11913	stop_222_35719	12.395000000000001
13260	13640	17.31833333333333
8075	13693	9.581666666666667
10188	10085	13.4
11698	17981	0.9533333333333334
10156	17321	13.235000000000001
12883	17915	9.608333333333333
13675	10121	12.963333333333333
stop_188_7229	stop_568_303239	4.2283333333333335
8118	stop_225_36029	6.993333333333334
17877	12739	8.545
18320	7463	15.71
stop_226_36119	stop_279_57119	14.448333333333332
17760	stop_238_37819	0.98
12298	stop_224_35919	8.388333333333334
stop_574_304029	stop_1495_373519	8.131666666666666
13336	13333	7.225
8074	13666	13.528333333333334
stop_214_31329	stop_318_96019	11.97
17547	7381	6.986666666666666
stop_221_32519	stop_226_36119	7.17
12354	11741	18.42
10770	18122	3.9733333333333336
17537	10056	9.92
12897	12905	8.741666666666667
10240	11841	9.278333333333334
12470	stop_338_56929	7.026666666666667
17680	17679	0.1716666666666667
8801	stop_189_7339	5.078333333333333
9049	13053	12.188333333333333
8137	12987	16.653333333333332
18170	17691	13.936666666666667
13522	13523	6.401666666666667
stop_322_117319	stop_568_303239	13.288333333333332
12472	13717	2.065
11008	12322	5.635000000000001
8608	12998	2.945
13019	12934	13.386666666666667
17544	17478	8.876666666666667
11248	stop_1487_373619	8.571666666666665
17266	17274	4.133333333333334
9814	stop_1343_364719	9.885
11106	7571	5.67
9142	stop_306_71619	1.1316666666666668
12928	stop_276_56139	6.15
8335	8478	6.79
12070	12966	9.231666666666666
8233	8243	8.453333333333333
8373	7371	10.386666666666667
7371	18248	11.475
18321	7477	9.338333333333333
11977	stop_568_303239	7.745
11321	stop_282_57529	8.981666666666666
8249	17695	12.885
8125	18029	7.861666666666666
stop_240_38229	stop_242_38819	6.391666666666667
7385	7387	9.97
7371	17716	16.895
10559	stop_311_82329	14.098333333333333
8886	14017	12.478333333333333
stop_217_32019	stop_318_96029	6.114999999999999
7530	17971	13.385
12888	stop_208_13029	17.05
13447	11305	7.883333333333334
8076	12929	11.476666666666667
stop_246_40849	stop_248_41319	11.75
10700	stop_226_36129	14.195
10016	stop_252_42029	1.21
7461	7477	10.575
8381	10480	5.873333333333333
18244	stop_852_324239	9.403333333333334
10212	18360	14.881666666666666
17539	7480	14.854999999999999
11306	7897	15.496666666666666
12878	stop_234_37019	4.498333333333333
17680	13738	6.866666666666666
stop_284_57719	stop_285_58429	9.783333333333333
8214	13152	12.835
12305	17713	13.345
12319	stop_245_40719	6.72
13400	7624	16.426666666666666
17785	17786	0.9733333333333333
13073	12671	11.775
12966	stop_187_7129	8.879999999999999
12335	10124	7.22
17576	stop_1493_373019	12.313333333333333
17346	10873	10.24
17970	8475	6.6850000000000005
11730	17304	17.618333333333332
stop_204_12639	stop_1234_362119	7.713333333333334
8115	stop_314_92239	10.921666666666665
12457	18274	14.735000000000001
7412	7426	14.083333333333334
13034	stop_189_7349	12.354999999999999
7379	17713	3.21
13667	stop_291_61119	7.0216666666666665
9374	9373	0.7116666666666667
7516	7421	4.98
12878	12875	4.1033333333333335
stop_3_6	stop_1280_364359	12.591666666666667
11699	13235	10.305
8077	13117	9.741666666666667
11717	11718	9.296666666666665
10497	12557	10.956666666666667
12531	stop_263_45319	12.238333333333333
14052	18385	11.046666666666665
7490	8304	9.270000000000001
13906	7426	11.675
8103	stop_213_31129	24.961666666666666
8474	17972	5.803333333333333
10016	7950	8.705
18276	14028	11.815
stop_310_74719	stop_1342_364619	16.53666666666667
7754	7764	9.04
11537	11536	0.335
7390	18329	7.776666666666667
8000	11420	10.598333333333333
12312	10070	9.889999999999999
13152	8310	14.771666666666667
stop_335_260829	stop_1234_362119	10.788333333333332
13177	stop_216_31929	11.604999999999999
stop_219_32239	stop_223_35819	12.22
12339	9874	14.328333333333335
12326	12546	11.373333333333333
stop_9_17	stop_267_45919	13.408333333333333
9587	12563	5.586666666666667
17910	stop_207_12929	11.565
12837	13125	13.58
14029	17380	7.308333333333334
13720	stop_221_32519	16.35
13519	17303	10.47
13679	11507	6.251666666666667
stop_325_136029	stop_568_303219	11.44
7959	7961	12.426666666666668
7542	8936	12.604999999999999
7741	17598	67.695
7968	stop_342_268519	12.081666666666667
8971	11446	5.366666666666666
13958	13951	0.25166666666666665
12594	7366	9.065
8415	12337	13.751666666666667
11321	10559	11.504999999999999
8497	8494	6.451666666666667
18329	8328	2.8983333333333334
10463	12347	12.05
13731	13632	4.944999999999999
14053	18384	10.776666666666667
8240	10133	10.591666666666667
9540	stop_291_61129	19.205
13216	13213	7.28
stop_230_36519	stop_321_115419	13.695
stop_189_7319	stop_189_7329	1.0183333333333333
7764	18045	7.583333333333333
12983	8108	11.67
9060	17303	7.013333333333334
10055	stop_1493_373029	8.198333333333332
8317	stop_344_268729	1.3166666666666667
12317	18024	10.945
stop_1495_373519	stop_1556_381029	16.16
10191	18190	3.8666666666666667
7891	stop_223_35829	4.105
7960	stop_272_46429	13.153333333333334
17539	stop_1488_3329	5.181666666666667
12563	9595	9.033333333333333
13699	18028	6.2
stop_278_57019	stop_321_115429	13.251666666666667
13065	8644	17.19
9964	9960	11.076666666666666
18030	8128	7.201666666666667
stop_202_12419	stop_205_12719	10.611666666666668
7446	7488	2.6866666666666665
18064	stop_310_74719	6.583333333333333
13440	10433	8.651666666666667
stop_252_42019	stop_571_303729	6.41
9493	17599	83.5
12886	stop_305_71519	8.301666666666668
18320	stop_187_7119	13.916666666666666
7392	17587	14.229999999999999
9484	9485	6.78
10622	11505	7.733333333333333
11079	13042	13.068333333333333
17563	stop_1489_127119	9.45
8412	9540	12.201666666666666
13152	13095	20.926666666666666
13036	12985	5.288333333333333
17744	17748	11.858333333333333
7964	17680	8.913333333333332
10172	stop_310_74719	14.096666666666666
9967	17507	13.45
18341	13680	8.995000000000001
10460	12053	14.665
10914	11761	9.238333333333333
12897	9918	7.388333333333334
13535	13716	12.25
18268	14011	11.818333333333333
10085	10277	4.558333333333334
17343	11163	0.6933333333333334
8399	7970	9.865
8182	12367	11.901666666666667
13714	stop_189_7329	4.4816666666666665
12915	stop_276_56129	11.033333333333333
17311	13479	31.215
8398	18202	13.24
13653	13678	3.3266666666666667
12845	stop_284_57729	4.04
7407	stop_568_303219	12.795
7512	stop_568_303239	11.266666666666667
13587	13723	11.95
8789	8787	6.841666666666667
12567	9926	17.495
13330	12995	13.995000000000001
13789	stop_246_40829	2.4133333333333336
18282	18281	1.0683333333333331
7441	7488	16.615
8799	stop_208_13029	12.35
7936	10849	18.465
17869	17868	1.6566666666666667
17809	12666	9.988333333333333
7482	12312	3.77
stop_222_35739	stop_325_136019	3.3366666666666664
17909	stop_203_12549	12.688333333333333
12938	8326	3.558333333333333
7590	7591	9.141666666666667
8781	13094	15.303333333333335
17940	stop_233_36929	5.921666666666667
7971	stop_258_44219	7.85
10030	17942	1.8900000000000001
7444	10323	4.295
10849	stop_13_25	12.088333333333333
13651	stop_254_42419	14.741666666666667
13390	9714	6.635000000000001
18293	18202	8.243333333333334
10559	stop_957_333819	7.623333333333333
10123	10150	13.69
10090	10084	13.318333333333333
11311	stop_284_57729	11.266666666666667
stop_291_61129	stop_293_61319	9.55
8345	stop_11_23	9.981666666666666
7523	8474	9.041666666666666
18206	18203	8.356666666666666
7394	14166	13.836666666666668
10449	10450	10.106666666666666
13811	7569	8.916666666666666
18155	7449	15.866666666666667
13644	18306	16.096666666666668
7532	7537	4.793333333333334
8097	stop_213_31119	19.223333333333336
18312	stop_254_42429	8.889999999999999
7960	18170	7.221666666666667
11812	17796	1.3
stop_275_56029	stop_339_62129	21.888333333333332
12717	7512	4.6066666666666665
7893	7897	6.5183333333333335
17215	stop_1280_364339	1.1233333333333335
13183	13689	8.946666666666665
12402	stop_322_117319	14.171666666666665
7452	9035	13.79
stop_186_7029	stop_188_7229	11.59
7400	7399	5.833333333333333
18056	stop_1495_373529	7.468333333333334
13738	7968	17.735
12362	9875	8.18
11553	11555	6.513333333333334
13651	9923	14.236666666666668
17308	12574	8.683333333333334
13699	9139	6.5616666666666665
stop_237_37719	stop_240_38219	8.813333333333333
17588	stop_1486_372419	12.498333333333333
7670	7669	9.808333333333334
8002	12319	11.898333333333333
8260	8259	12.129999999999999
11508	stop_275_56019	7.743333333333334
8788	8950	5.6483333333333325
13260	7359	14.166666666666666
17697	7828	7.819999999999999
12961	stop_570_303619	0.8633333333333333
17540	stop_1490_366219	12.401666666666667
12893	stop_5_10	10.836666666666668
stop_2_4	stop_361_282119	12.063333333333333
12326	10613	7.878333333333333
12342	18073	3.6550000000000002
12953	18290	15.56
12331	12330	11.53
9895	12902	12.041666666666666
13492	18144	6.385000000000001
8498	8497	7.331666666666666
10560	7820	12.976666666666667
stop_257_43529	stop_272_46429	7.455
11564	11568	4.8116666666666665
13186	8089	8.876666666666667
7894	stop_224_35949	4.013333333333334
7971	7969	10.798333333333334
13538	14073	1.2416666666666667
18232	10064	11.366666666666667
stop_213_31129	stop_283_57629	28.14333333333333
7432	stop_188_7229	6.5649999999999995
13586	stop_227_36229	3.0883333333333334
7368	stop_1493_373019	15.088333333333333
9540	8615	15.511666666666667
stop_203_12519	stop_203_12529	0.8783333333333334
18244	stop_204_12629	6.636666666666667
stop_223_35819	stop_1102_347019	5.216666666666667
stop_13_26	stop_243_39219	10.226666666666667
12985	stop_280_57219	12.031666666666666
12718	7891	8.701666666666666
7817	stop_196_8719	12.645000000000001
stop_239_37919	stop_240_38229	2.9516666666666667
10065	7413	11.156666666666666
9878	10648	9.816666666666666
8355	17864	12.695
17680	18370	5.135000000000001
10591	18349	10.270000000000001
18127	8951	9.741666666666667
7493	7444	3.435
10226	8310	13.976666666666667
stop_246_40819	stop_246_40829	3.5433333333333334
7410	12457	12.671666666666665
13634	14155	13.876666666666667
10374	10408	11.656666666666666
10444	8182	15.296666666666665
9716	9717	1.4633333333333334
18025	7817	15.176666666666668
10510	9983	10.786666666666667
12851	11169	15.736666666666668
10116	8205	3.4916666666666667
10015	12908	8.996666666666666
13419	11463	8.443333333333333
11515	stop_425_287119	5.826666666666667
17772	stop_425_287129	6.361666666666666
7804	stop_213_31139	0.87
13178	12970	10.465
12466	stop_820_315819	1.1366666666666667
10092	18183	7.546666666666667
8389	stop_189_7319	11.228333333333333
13945	13947	7.753333333333333
9369	9372	11.176666666666668
17816	10635	5.131666666666666
8089	stop_283_57629	11.543333333333333
8103	stop_284_57719	9.153333333333334
10117	9142	9.443333333333333
13004	8187	8.171666666666667
10559	12009	14.811666666666667
8300	18128	10.871666666666666
17824	18265	14.428333333333335
12938	17560	7.078333333333333
11537	12242	8.921666666666665
12923	8015	11.895000000000001
13760	stop_323_126229	9.216666666666667
8801	7471	13.676666666666668
8798	7472	17.776666666666664
11621	13422	9.806666666666667
8402	10848	14.156666666666666
13669	stop_1486_372439	6.775
9569	17869	7.323333333333333
11660	11661	0.5083333333333333
7387	7375	14.85
18304	stop_952_331019	10.383333333333333
8374	7398	13.198333333333332
18349	18342	1.1983333333333335
18333	12309	11.111666666666668
7905	stop_203_12539	10.78
13724	7946	12.453333333333335
12893	17918	10.110000000000001
13900	11478	8.838333333333333
10560	stop_214_31319	9.2
18155	17308	11.916666666666666
stop_264_45419	stop_265_45719	9.413333333333332
13486	stop_13_28	12.856666666666666
9935	stop_257_43529	9.298333333333334
18235	17264	8.428333333333333
9805	7720	9.616666666666667
8294	8293	0.2033333333333333
7535	8708	4.675
12900	7946	11.471666666666666
13705	17560	11.981666666666666
10046	10045	0.33
13718	stop_852_324219	4.62
7395	14165	10.303333333333335
13681	10545	10.068333333333333
13801	7566	8.815
12986	stop_292_61219	11.425
13905	13034	4.613333333333333
18332	12900	8.521666666666667
7437	17964	11.31
7439	17965	15.761666666666667
9291	13165	9.041666666666666
17386	17393	18.738333333333333
13817	8224	8.69
stop_305_71529	stop_306_71629	6.79
17850	17722	11.846666666666666
18056	stop_575_304129	13.881666666666666
13367	10632	12.43
17283	12847	9.870000000000001
13179	stop_226_36119	7.930000000000001
9608	9611	15.456666666666667
13587	stop_224_35929	11.608333333333333
stop_214_31329	stop_782_314119	11.979999999999999
12070	9051	11.275
11105	17378	16.598333333333333
7511	stop_222_35729	14.625
12952	7983	4.655
13001	12992	8.729999999999999
12967	7811	2.4366666666666665
8137	stop_298_63049	11.771666666666667
7417	7400	11.401666666666667
17892	stop_1494_373129	5.528333333333333
11913	13722	1.63
13631	stop_219_32229	11.473333333333333
stop_189_7349	stop_202_12429	15.16
8980	11474	6.5633333333333335
8608	stop_304_68219	1.6283333333333334
stop_214_31319	stop_311_82329	11.25
18014	18016	5.39
10210	10043	8.978333333333333
11237	10467	11.943333333333333
17908	11913	10.918333333333333
12852	stop_306_71629	4.95
7533	8709	5.706666666666666
10511	17690	10.833333333333334
10594	18336	9.808333333333334
7805	7818	8.835
13837	13193	11.351666666666667
7454	12883	6.483333333333333
13036	8112	13.375
9149	stop_186_7019	9.051666666666668
10838	stop_301_63719	10.531666666666666
8522	10549	11.118333333333334
12009	stop_222_35729	5.1
9138	8419	11.245000000000001
8216	8217	5.953333333333333
12942	7985	9.556666666666667
10602	stop_230_36549	14.588333333333333
11564	7729	12.151666666666667
7959	7964	9.836666666666668
11770	8192	14.2
12871	stop_574_304019	1.8299999999999998
12658	9528	4.971666666666667
13900	13117	3.9483333333333333
18151	stop_572_303819	9.631666666666666
17501	7441	16.026666666666667
13472	17783	12.888333333333332
11332	14151	5.961666666666667
7893	stop_224_35939	1.0833333333333333
18102	18119	9.860000000000001
13403	9889	10.51
11024	9630	12.75
17800	17799	0.5516666666666666
stop_217_32019	stop_782_314129	11.854999999999999
17831	8351	17.235
8632	8091	2.7866666666666666
8801	stop_322_117319	5.168333333333334
13722	stop_188_7219	5.793333333333334
13518	9586	5.6883333333333335
10717	stop_318_96019	14.178333333333335
8123	stop_275_56019	8.795
17566	17545	6.233333333333333
8645	8222	5.781666666666666
11807	9694	25.1
10379	10378	8.91
8791	8790	9.313333333333333
11515	13670	6.966666666666667
13664	18055	6.14
10574	10476	6.838333333333334
13492	17958	5.468333333333334
7509	8372	12.551666666666668
14045	13235	5.975
12303	10166	11.875
12893	17910	10.493333333333334
17567	7441	16.458333333333332
7950	stop_330_254319	13.951666666666666
18296	12899	9.233333333333333
10055	10052	4.895
8217	stop_841_317630	13.178333333333335
8431	13127	10.798333333333334
13135	13137	10.936666666666667
7420	9916	10.708333333333334
18243	18242	0.43166666666666664
8232	10550	5.3100000000000005
12904	7948	11.888333333333332
18151	13065	9.633333333333333
7956	stop_255_42929	5.446666666666667
11118	11133	11.636666666666667
13080	8103	24.381666666666668
8636	13331	11.653333333333334
18328	12899	6.3533333333333335
8408	7993	10.181666666666667
17715	17718	3.993333333333333
9062	9063	1.4716666666666667
12747	8873	4.845
18240	18239	1.0316666666666667
7390	7392	11.806666666666667
12070	stop_322_117329	2.135
9035	13708	3.83
18244	12401	13.26
9049	stop_204_12619	6.8133333333333335
7509	10167	16.561666666666667
12135	8310	13.416666666666666
12997	13004	4.5649999999999995
7880	11730	7.03
12962	17547	11.455
11732	12573	13.088333333333333
9359	9360	0.27166666666666667
stop_217_32029	stop_311_82319	9.360000000000001
13446	11438	4.0633333333333335
12298	stop_1102_347019	7.4783333333333335
17850	17857	3.3699999999999997
8072	8341	6.821666666666667
12352	stop_253_42329	13.083333333333334
13179	8104	6.545
7392	stop_1486_372429	7.46
12307	stop_217_32029	12.216666666666667
9429	13088	11.301666666666668
7515	13906	15.035
7381	stop_1491_372319	8.215
10448	10597	15.706666666666667
13127	8435	7.8133333333333335
8350	8164	4.131666666666667
7811	stop_1102_347019	13.625
12877	stop_207_12929	15.675
12323	stop_13_27	14.316666666666666
13975	18348	10.915
10037	10209	12.18
17545	17590	12.85
stop_272_46429	stop_273_46529	7.108333333333333
13058	7961	7.9766666666666675
17541	17547	10.331666666666667
17760	stop_240_38229	8.678333333333335
18283	8618	13.368333333333334
8669	8233	13.318333333333333
17602	17611	5.8149999999999995
12362	18363	13.835
12240	12244	6.663333333333333
13827	13820	1.8716666666666666
8635	13404	6.253333333333333
13205	13206	7.076666666666667
8089	10081	14.838333333333333
9644	9647	10.401666666666667
13316	17599	12.318333333333333
11420	stop_240_38229	11.479999999999999
18291	12911	8.036666666666667
10561	10240	12.805
13710	stop_571_303719	14.56
13699	17583	6.6066666666666665
13075	10783	12.146666666666667
8412	8138	5.291666666666667
13199	13198	9.273333333333333
12490	9595	6.003333333333333
9856	9046	12.046666666666665
10064	10062	1.6183333333333332
12999	stop_300_63429	13.273333333333333
12948	8405	4.6866666666666665
8137	10245	11.095
9978	stop_575_304119	8.081666666666667
9032	stop_10_3	9.198333333333332
9686	10780	8.215
8608	13327	9.966666666666667
12911	7957	6.558333333333334
8015	stop_250_41829	12.318333333333333
13042	13034	1.8483333333333334
9546	17508	19.421666666666667
11729	11732	3.2483333333333335
10188	10278	9.391666666666667
8335	13696	13.946666666666665
12931	stop_243_39229	15.131666666666666
7448	7490	7.616666666666666
9754	stop_572_303819	10.113333333333333
7983	stop_241_38319	4.5616666666666665
11321	stop_284_57729	11.858333333333333
18057	7454	7.205
10140	12331	6.395
8125	12930	13.278333333333334
11420	stop_329_253919	1.7966666666666666
7891	stop_568_303219	12.571666666666665
9916	stop_568_303239	15.063333333333333
11332	18238	7.123333333333333
17778	7494	2.07
11914	18004	21.25
7492	17929	13.281666666666666
17545	stop_1494_373129	15.74
13660	stop_276_56139	9.325
7461	7489	15.91
17861	11742	13.678333333333335
7488	7503	10.393333333333334
17539	12309	10.72
18304	13114	10.001666666666667
8384	10877	11.331666666666667
12342	10510	10.598333333333333
8138	8145	3.1333333333333333
13222	17180	6.968333333333334
18064	9814	11.371666666666666
12319	stop_246_40839	9.921666666666665
18288	stop_202_12429	13.155
12070	stop_202_12419	12.251666666666667
8381	12502	7.666666666666667
8098	8097	3.9099999999999997
12961	13706	4.9383333333333335
10053	17965	11.985000000000001
stop_222_35739	stop_852_324229	8.413333333333334
8504	17782	12.161666666666667
12888	11516	5.0600000000000005
12719	13715	10.254999999999999
7358	12560	15.981666666666666
12841	stop_284_57729	9.45
13740	7458	4.87
10179	10181	10.193333333333333
8017	stop_252_42019	7.116666666666666
18367	18258	15.721666666666666
11951	stop_11_23	10.306666666666667
7399	8326	15.556666666666667
8801	7512	9.643333333333334
7983	stop_329_253929	10.08
10172	9814	13.828333333333335
13053	stop_202_12429	3.5
13667	stop_293_61319	5.473333333333333
18238	18243	11.405
9504	10549	7.680000000000001
7516	17774	8.185
8795	9470	7.866666666666666
7400	7407	8.006666666666666
13071	13070	7.093333333333334
8124	17956	15.245000000000001
11611	11619	13.173333333333334
12304	8326	10.096666666666666
10095	stop_297_62429	3.805
12135	10226	7.005
13906	14166	7.318333333333333
7519	13261	14.93
11803	10630	13.611666666666668
8103	stop_216_31919	14.598333333333333
8709	17975	10.616666666666667
7368	10053	6.416666666666667
13037	13667	2.2416666666666667
10468	stop_841_317619	4.905
14130	stop_841_317619	11.958333333333334
10016	8017	6.9383333333333335
8710	stop_13_25	13.593333333333334
8135	17956	12.726666666666667
13152	17343	15.835
13166	13168	4.493333333333334
12967	stop_318_96019	10.613333333333333
10825	10824	2.8833333333333333
12850	stop_297_62429	12.566666666666666
9118	12319	11.115
7568	18272	5.7266666666666675
7737	7743	0.615
9587	9590	8.443333333333333
10164	17891	9.368333333333334
10383	17420	14.66
11680	12582	9.104999999999999
stop_292_61229	stop_361_282119	11.923333333333334
12366	stop_302_67919	10.238333333333333
13446	11331	11.253333333333334
9074	9071	7.551666666666667
8364	12378	9.261666666666667
8898	12402	13.34
12946	8332	3.6133333333333337
13838	13841	4.575
10352	10358	15.156666666666666
12504	12585	17.188333333333333
10648	stop_1103_347129	4.241666666666666
stop_570_303629	stop_1486_372419	12.846666666666666
11321	13177	3.853333333333333
7780	13376	7.1033333333333335
11438	18240	6.944999999999999
17684	17681	1.7183333333333333
10053	stop_1488_3319	4.008333333333334
12992	stop_299_63229	8.705
12928	8076	11.728333333333333
10559	8103	11.17
9387	17266	8.188333333333334
8195	stop_304_68229	11.955
8894	8892	3.8233333333333333
stop_245_40729	stop_313_86729	9.291666666666666
14166	stop_186_7029	12.083333333333334
9388	17273	7.246666666666667
13414	12603	12.406666666666666
7452	18290	5.805000000000001
13750	11446	12.286666666666667
8187	10612	12.586666666666668
8130	8135	12.155
17414	12324	14.876666666666667
stop_293_61319	stop_314_92219	5.848333333333333
7891	stop_224_35949	13.171666666666665
17539	stop_1490_366229	10.023333333333333
12563	9589	13.701666666666666
13699	7493	11.618333333333334
18030	8130	4.805000000000001
7446	18028	8.046666666666667
8161	13960	15.353333333333333
10131	12330	7.955
7625	7630	0.07833333333333334
8415	14142	9.608333333333333
17501	17696	10.936666666666667
17552	17501	4.206666666666667
8359	stop_278_57019	0.8483333333333333
18320	stop_189_7319	10.261666666666667
stop_12_24	stop_250_41829	10.741666666666667
8906	stop_188_7229	13.136666666666667
13080	12967	11.145000000000001
12407	11659	22.02
18314	7952	11.281666666666666
17563	stop_1491_372319	4.758333333333334
12310	17583	9.018333333333334
11636	13249	9.791666666666666
stop_339_62119	stop_820_315829	5.295
13049	13707	11.251666666666667
10170	8137	6.1866666666666665
13207	13199	10.331666666666667
13616	9551	9.803333333333335
10716	10064	6.7266666666666675
7891	10700	1.2950000000000002
17914	stop_6_12	1.1933333333333331
stop_283_57619	stop_957_333819	9.93
12878	stop_386_285919	12.096666666666666
12661	12670	4.043333333333333
14045	14054	1.4783333333333333
12134	13707	7.3983333333333325
18157	11730	14.083333333333334
11332	11334	6.495
8090	stop_214_31319	23.743333333333332
8182	13737	10.621666666666666
13206	13237	0.38999999999999996
7396	8371	1.9266666666666665
8604	10648	14.175
8899	7434	1.375
8032	7956	9.661666666666667
14041	11713	9.778333333333334
13025	stop_321_115419	13.56
10015	10848	9.1
13179	7822	11.441666666666666
12120	12555	6.411666666666666
18304	10494	8.923333333333334
12900	stop_250_41819	8.37
11945	9545	3.7133333333333334
18282	10225	12.386666666666667
8419	17778	6.995
8972	8973	2.353333333333333
12330	12333	1.41
stop_11_22	stop_346_269019	6.006666666666666
8367	17964	10.421666666666665
9895	stop_12_21	8.905
8021	stop_12_21	13.793333333333333
11913	stop_205_12719	15.003333333333334
10116	stop_841_317650	15.146666666666667
7931	stop_329_253919	11.968333333333334
8252	8788	12.938333333333333
7444	7495	7.823333333333333
stop_304_68229	stop_334_258219	11.715
10717	12307	14.151666666666667
10123	13676	10.126666666666667
10114	10117	0.8383333333333333
18092	17964	4.675
12996	stop_334_258219	7.656666666666666
10039	10257	7.673333333333333
stop_301_63719	stop_304_68219	9.048333333333334
stop_293_61329	stop_1280_364329	14.753333333333334
10613	14006	12.173333333333334
8374	18265	15.76
12856	stop_11_22	7.015
12304	17560	10.481666666666666
13037	stop_343_268629	10.621666666666666
12970	stop_325_136019	11.943333333333333
9002	9483	8.836666666666668
8630	12845	3.9716666666666667
17760	11732	16.731666666666666
12900	10849	10.498333333333333
7893	7813	13.551666666666668
18290	stop_10_3	12.166666666666666
stop_224_35919	stop_224_35939	1.615
10108	stop_297_62419	10.373333333333333
13714	7511	9.879999999999999
10474	10156	11.67
stop_207_12919	stop_234_37029	15.371666666666666
7452	12943	10.796666666666665
stop_186_7029	stop_189_7349	9.205
17416	17393	11.45
17393	17389	0.4983333333333333
12137	12503	10.518333333333334
12571	18147	4.576666666666667
8599	9549	2.628333333333333
11248	stop_957_333829	12.876666666666667
7948	stop_12_24	10.313333333333333
17706	17552	10.8
8222	stop_11_22	14.514999999999999
7369	17537	7.448333333333333
stop_267_45929	stop_272_46419	10.818333333333333
18202	stop_258_44219	9.145000000000001
11654	10770	12.43
12594	stop_183_6129	9.035
7999	7983	14.264999999999999
stop_237_37719	stop_242_38819	11.926666666666668
12717	stop_222_35739	8.513333333333334
10351	10495	1.16
14082	14005	2.4650000000000003
8130	stop_275_56019	14.365
8801	18244	3.9016666666666664
13304	13306	10.25
12949	stop_239_37919	10.591666666666667
7720	10356	14.108333333333333
10080	10561	10.681666666666667
13639	9050	6.6466666666666665
8404	7983	6.041666666666667
13706	7365	15.241666666666667
8266	18125	7.068333333333333
9895	18080	7.253333333333333
12883	8710	4.9783333333333335
stop_208_13019	stop_574_304029	7.043333333333334
stop_259_44919	stop_320_105119	10.846666666666666
13718	13722	4.966666666666667
9389	9387	5.069999999999999
stop_1490_366219	stop_1490_366229	1.1700000000000002
12657	13347	17.43166666666667
7894	stop_226_36129	7.8966666666666665
7953	8335	7.09
stop_243_39219	stop_313_86719	15.593333333333334
17878	14151	13.493333333333334
18296	stop_248_41319	9.365
18232	7414	15.463333333333333
12871	stop_1495_373529	8.296666666666667
9904	10168	9.46
8108	10313	10.379999999999999
stop_203_12519	stop_204_12619	6.673333333333333
8217	stop_307_71819	14.283333333333333
7482	stop_1493_373019	14.996666666666666
18128	13474	1.6316666666666668
17478	17576	4.751666666666667
17538	10164	4.36
13073	13072	4.958333333333333
stop_13_26	stop_246_40819	12.748333333333333
18328	stop_248_41319	12.533333333333333
stop_276_56139	stop_323_126219	9.245000000000001
10452	10451	4.816666666666666
12718	10602	12.543333333333333
7490	9026	10.879999999999999
stop_239_37919	stop_242_38829	8.228333333333333
10065	17762	8.881666666666666
9878	12970	12.406666666666666
stop_12_19	stop_250_41819	9.368333333333334
13910	18204	11.736666666666668
8804	10766	8.916666666666666
10544	11658	8.12
12964	stop_275_56029	6.276666666666667
9918	stop_330_254329	7.683333333333334
9120	stop_283_57619	21.976666666666667
stop_279_57139	stop_338_56919	8.065
13018	18079	13.32
10444	12351	7.925
12662	12669	8.0
10116	11170	5.325
13062	stop_2_5	7.013333333333334
8130	17959	3.305
11769	8369	9.325
stop_342_268519	stop_342_268529	0.8566666666666667
7804	stop_216_31929	9.233333333333333
12842	stop_283_57619	6.3149999999999995
10176	10178	8.748333333333333
9071	18369	8.615
8362	stop_213_31139	21.58833333333333
12321	7977	17.513333333333332
11681	11677	9.998333333333333
9980	14028	8.908333333333333
18332	stop_13_27	3.1599999999999997
12966	8899	7.805000000000001
stop_1280_364339	stop_1342_364629	7.194999999999999
7481	stop_1493_373029	16.553333333333335
10782	12232	5.35
7386	18341	11.481666666666666
10559	12967	5.535
11213	11214	1.1783333333333335
12938	8328	11.963333333333333
8138	10724	3.32
7437	7481	2.2883333333333336
11009	12950	9.888333333333332
8584	8355	9.648333333333333
8229	8310	11.993333333333334
10150	12347	14.293333333333333
12975	17915	9.095
7359	7360	2.4
9169	17918	8.638333333333332
8801	10991	13.353333333333333
8197	13677	9.85
17567	18092	9.611666666666668
8374	18285	7.6066666666666665
7458	8297	3.575
18204	13913	9.333333333333334
13724	8018	8.846666666666666
12145	13640	11.433333333333334
11909	12959	15.468333333333334
17561	7381	6.388333333333334
11508	13693	3.4766666666666666
13113	13112	0.6483333333333333
13697	13398	10.925
12876	17915	6.868333333333334
10332	10046	6.298333333333333
13446	12635	6.506666666666666
8168	13653	12.393333333333334
stop_183_6129	stop_1486_372439	8.07
stop_204_12619	stop_222_35719	13.306666666666667
7494	17835	5.093333333333334
18147	17834	5.145
11472	11438	13.325
7960	stop_257_43519	6.5
8367	17544	11.308333333333334
10125	13681	9.68
13687	8539	4.471666666666667
9805	13643	13.25
12900	8018	11.395000000000001
13531	13640	13.283333333333333
9147	18389	6.371666666666667
12353	17986	9.753333333333334
8269	18123	10.438333333333333
9069	9070	0.275
10166	18256	14.691666666666666
13377	9416	5.8
12953	8409	2.835
18092	17544	11.103333333333333
18292	stop_13_28	1.0
9167	7460	7.2266666666666675
8212	13687	10.729999999999999
13816	10466	7.706666666666666
17283	8108	6.11
10244	stop_298_63039	0.495
12869	12868	8.775
10108	12994	11.715
stop_5_11	stop_203_12549	11.925
12861	9904	7.15
13587	stop_225_36029	8.761666666666667
8315	stop_296_62319	4.065
13211	11700	11.536666666666667
12070	11432	7.97
13327	stop_303_68119	13.641666666666667
12967	12307	9.716666666666667
stop_227_36229	stop_230_36539	15.345
11137	17797	6.8516666666666675
7894	stop_338_56929	13.553333333333335
7417	12140	6.191666666666666
11913	7430	10.778333333333334
9900	8599	6.746666666666667
7676	7667	7.998333333333333
13492	stop_276_56129	14.735000000000001
10430	10426	5.7316666666666665
12719	stop_219_32219	14.488333333333333
12069	12263	1.0166666666666666
8633	18025	6.636666666666667
12909	stop_571_303729	7.6850000000000005
13746	7463	7.903333333333333
stop_224_35919	stop_279_57119	12.446666666666665
12876	17951	9.455
13706	stop_183_6119	2.8699999999999997
7930	8405	7.556666666666667
17713	stop_1486_372439	12.17
stop_276_56119	stop_276_56139	2.2616666666666663
11432	stop_386_285929	13.606666666666666
10355	10351	5.34
8358	10603	11.066666666666666
8633	8097	9.104999999999999
11470	11845	12.481666666666666
13415	7624	16.176666666666666
10504	13327	13.181666666666667
18024	18025	1.3433333333333333
17588	17563	9.815
9149	stop_187_7129	9.67
8520	9415	14.6
11509	18030	11.123333333333333
12885	8145	12.346666666666666
9138	7494	12.286666666666667
stop_204_12639	stop_322_117319	7.406666666666666
17614	17851	5.17
8980	9856	11.665
18024	8097	14.113333333333333
7411	10716	8.653333333333334
12868	12871	1.665
17501	18147	17.73
11169	stop_306_71619	12.876666666666667
8522	12377	11.388333333333332
13177	8363	12.601666666666667
7893	stop_226_36119	4.451666666666667
8328	17562	7.336666666666667
13485	stop_329_253929	12.7
7980	stop_329_253929	11.68
13720	13723	12.905
11589	11585	10.378333333333334
11551	9454	11.106666666666666
8478	13696	8.045
8304	17928	7.495
8135	13672	1.3383333333333334
13722	stop_189_7339	9.851666666666667
9973	9971	6.046666666666667
8384	9714	14.215
10062	7419	13.053333333333335
8123	stop_276_56139	14.161666666666667
8898	stop_205_12729	6.343333333333334
8787	11475	12.966666666666667
9971	12554	10.426666666666668
8791	17695	15.308333333333334
11509	8125	9.885
13664	8364	12.566666666666666
7412	17775	10.653333333333334
7509	7387	9.218333333333334
9532	11944	8.19
8166	8197	6.0233333333333325
17401	10436	6.693333333333333
10345	13385	10.351666666666667
10596	17458	9.843333333333334
9139	7441	5.321666666666667
18296	13651	6.694999999999999
8229	10226	8.045
13639	stop_202_12429	8.455
stop_299_63219	stop_299_63229	1.0383333333333333
7956	stop_259_44919	15.92
7734	9381	9.598333333333333
8980	8252	7.788333333333333
8706	12541	3.48
13080	13689	27.671666666666667
12907	stop_13_26	10.926666666666668
14029	14028	0.685
9120	12941	11.388333333333332
stop_285_58419	stop_344_268729	7.3100000000000005
18367	17381	15.901666666666667
13644	9715	10.181666666666667
8232	12378	13.913333333333332
18328	13651	9.443333333333333
7369	17589	10.051666666666668
10200	10227	5.993333333333334
9695	9694	0.4666666666666667
12402	18274	8.346666666666668
9035	12953	10.475
8358	12472	9.536666666666667
12934	stop_272_46419	1.6016666666666666
12967	stop_782_314119	5.733333333333333
10760	10269	2.1233333333333335
17724	17726	4.4
8127	12915	9.678333333333335
13533	7358	9.726666666666667
8317	stop_293_61329	10.68
8128	8130	6.911666666666666
13179	12842	14.803333333333335
9878	stop_223_35829	5.028333333333333
13331	13403	9.385
12368	13704	9.468333333333334
12304	stop_1486_372419	10.623333333333333
8027	8020	9.341666666666667
8144	14127	15.583333333333334
12366	13061	7.83
9120	7820	8.865
11678	11653	13.448333333333332
9000	8989	1.5933333333333333
17585	stop_1491_372319	1.7316666666666667
8359	stop_225_36019	13.9
18235	17273	13.885
12322	7980	3.3216666666666668
7450	9030	5.178333333333333
7367	10055	13.275
12954	stop_237_37719	1.2266666666666666
18295	10015	5.795
stop_289_58929	stop_345_268819	7.198333333333333
12306	10081	9.885
17541	8327	11.786666666666667
17774	7417	9.565
13639	12958	10.465
10468	8615	11.681666666666667
7931	13485	7.65
17501	stop_1493_373029	17.165000000000003
17810	11815	9.313333333333333
10932	14007	10.555
13405	11607	5.428333333333333
13178	stop_224_35949	10.604999999999999
stop_6_13	stop_199_11219	12.281666666666666
12466	13025	2.1783333333333332
12942	8408	6.256666666666666
8635	13405	11.726666666666667
9938	stop_272_46429	16.006666666666668
8974	9046	5.2716666666666665
7419	12134	13.618333333333334
13133	13146	14.288333333333332
13973	13792	12.303333333333335
11420	stop_242_38829	5.9383333333333335
12841	12861	6.8983333333333325
7446	17583	6.036666666666666
12490	9589	20.491666666666667
stop_5_10	stop_233_36919	8.738333333333333
7950	stop_571_303719	8.173333333333334
12298	7908	13.895000000000001
8801	stop_203_12529	13.926666666666668
13798	11463	24.44333333333333
8736	8735	0.075
12948	11009	9.736666666666668
11742	stop_257_43519	4.453333333333333
17822	13363	11.97
11311	8115	11.79
8608	8182	8.471666666666668
8015	stop_253_42329	12.403333333333334
17567	stop_1493_373029	1.8866666666666667
7424	7515	10.696666666666665
11170	stop_305_71519	1.8733333333333335
12145	7385	10.504999999999999
stop_246_40839	stop_246_40849	3.1233333333333335
13054	18024	7.826666666666667
17218	18064	7.293333333333334
13866	7687	7.805000000000001
18290	18287	2.2199999999999998
12931	stop_246_40829	6.803333333333333
9022	9735	12.031666666666666
9050	stop_386_285919	10.038333333333332
13717	stop_278_57019	9.943333333333333
12923	7970	15.103333333333333
7432	18320	13.203333333333335
13665	stop_278_57019	15.643333333333334
7448	7488	7.593333333333334
10274	10299	12.276666666666667
13416	13415	1.3666666666666667
12934	18202	18.571666666666665
9032	12356	3.6933333333333334
12521	stop_841_317650	1.965
9926	8768	8.733333333333333
10482	13095	30.673333333333336
10871	13189	6.805000000000001
8144	9542	9.47
17264	9859	11.693333333333333
13973	10030	9.879999999999999
8341	12535	13.578333333333335
8980	11448	12.021666666666667
18042	18041	9.46
12401	stop_186_7039	10.501666666666667
12410	13728	13.248333333333333
8138	8206	12.316666666666666
7993	8299	7.855
7441	17583	8.301666666666668
7828	14041	8.353333333333333
11909	stop_852_324219	7.010000000000001
7908	8604	2.69
12070	stop_203_12539	12.21
12961	12595	10.658333333333333
13666	stop_323_126229	11.233333333333333
8015	8021	6.23
12941	stop_311_82319	3.9766666666666666
8112	stop_290_61019	11.2
13372	13355	5.428333333333333
10717	7420	6.3933333333333335
8801	13053	15.07
13111	10632	10.533333333333333
13053	stop_203_12549	12.125
13673	12363	9.023333333333333
9035	12357	5.475
stop_219_32229	stop_222_35739	8.264999999999999
12140	8373	9.863333333333333
18335	17892	5.973333333333333
17544	17965	11.643333333333334
13080	10560	14.79
13350	8471	10.888333333333332
13314	13531	7.891666666666667
18080	stop_254_42419	12.818333333333333
stop_224_35949	stop_226_36129	4.613333333333333
13718	stop_205_12719	8.406666666666666
10095	stop_298_63049	7.3
8168	9714	12.526666666666667
12898	9147	8.318333333333333
7386	12305	12.398333333333333
8325	8326	1.13
14049	14051	9.373333333333333
8219	13749	16.115
stop_841_317639	stop_1343_364729	3.935
18307	10613	9.408333333333333
12850	stop_298_63049	7.751666666666667
10317	9532	12.793333333333333
12545	14005	13.635
10481	12141	7.551666666666667
12402	stop_852_324229	9.745000000000001
13235	17711	12.326666666666666
13819	13817	4.306666666666667
12010	stop_325_136019	0.08499999999999999
13720	stop_224_35929	14.008333333333333
17591	9138	20.516666666666666
stop_345_268819	stop_346_269029	12.301666666666668
13925	9783	7.680000000000001
8898	7407	16.658333333333335
12946	12957	5.54
13407	17793	10.016666666666667
12070	13052	13.18
11566	7729	10.836666666666668
10090	10294	9.176666666666668
10602	stop_219_32239	12.725
13974	10328	4.583333333333333
8373	17549	12.806666666666667
10497	10498	0.6766666666666666
stop_13_25	stop_313_86719	8.711666666666668
11321	8088	9.866666666666667
7780	13349	13.773333333333333
10053	stop_1490_366219	5.305000000000001
13027	11137	11.983333333333333
12992	stop_301_63729	12.985000000000001
12928	8077	15.278333333333334
12888	stop_234_37019	8.578333333333335
8526	11332	12.966666666666667
18314	18292	10.743333333333334
12301	10210	10.495000000000001
12881	stop_245_40729	1.4316666666666669
12350	stop_334_258229	15.188333333333333
13053	7461	7.795
9167	13670	10.861666666666668
12940	stop_219_32239	7.808333333333334
12677	9505	16.09
9490	12516	9.995000000000001
13836	13119	3.475
7998	stop_242_38819	11.058333333333334
10428	10429	0.4716666666666667
8405	stop_239_37919	10.151666666666667
7804	8088	17.973333333333336
17547	stop_183_6129	6.251666666666667
stop_186_7029	stop_322_117329	14.520000000000001
17566	7369	14.09
8020	stop_248_41319	12.610000000000001
12932	18292	6.965
7811	7820	9.276666666666667
7459	7483	11.004999999999999
10165	18284	7.66
stop_293_61319	stop_314_92259	4.211666666666667
8537	stop_242_38819	9.938333333333333
17539	stop_1492_372629	9.123333333333333
8770	12923	1.6983333333333335
18284	17576	19.366666666666667
13819	10200	19.243333333333332
12457	stop_186_7029	5.21
9982	9983	0.8766666666666667
18030	13661	15.335
stop_6_12	stop_246_40829	8.860000000000001
7446	7493	4.458333333333333
18146	17779	14.451666666666666
12904	stop_330_254329	8.201666666666666
12934	12355	12.238333333333333
7625	12588	9.58
17668	12310	8.886666666666667
stop_261_45129	stop_320_105119	8.620000000000001
12904	7936	6.711666666666667
stop_12_24	stop_253_42329	10.44
8906	stop_189_7349	7.531666666666666
stop_189_7349	stop_852_324249	8.485000000000001
12945	7991	7.008333333333334
12987	13002	9.575
18161	13760	9.03
11251	12571	12.528333333333334
17310	13478	31.625
7490	17779	9.873333333333333
10560	8089	4.151666666666666
13706	stop_570_303629	5.105
13443	8528	8.465
stop_425_287129	stop_574_304039	13.541666666666666
13949	12487	11.116666666666667
12974	stop_246_40819	2.165
12356	17834	14.375
12929	18144	2.2216666666666667
11727	11701	14.736666666666668
13724	stop_253_42319	0.9933333333333334
10199	11234	7.668333333333334
18092	7481	13.445
8975	18127	10.155
18390	stop_248_41329	14.711666666666668
8899	18321	9.753333333333334
9899	stop_280_57219	0.055
14041	7542	8.486666666666666
17915	stop_246_40819	8.311666666666666
stop_253_42329	stop_254_42419	8.523333333333333
18409	18239	14.143333333333334
8523	8228	8.775
18008	18010	1.6716666666666666
10574	9754	6.493333333333334
9147	stop_253_42329	11.941666666666666
7956	stop_331_254819	11.721666666666666
18282	18349	7.680000000000001
8419	7444	11.29
stop_291_61119	stop_292_61229	12.193333333333333
12302	18256	11.368333333333334
12330	10149	10.038333333333332
11618	12584	10.346666666666666
11025	11024	1.8233333333333335
18329	17714	10.34
10470	10545	2.9266666666666667
stop_298_63029	stop_298_63039	2.955
7536	7533	3.103333333333333
12144	12303	12.32
13019	stop_267_45919	1.8283333333333334
7805	8104	24.93
8018	stop_12_20	4.328333333333333
11432	stop_204_12639	9.29
13760	stop_952_331019	0.9483333333333334
13675	12328	4.591666666666667
8252	18128	10.476666666666667
12931	12908	11.121666666666666
9981	18256	8.623333333333333
12927	stop_296_62319	21.73166666666667
11567	13350	10.638333333333332
9540	stop_314_92219	15.935
18170	stop_342_268529	8.463333333333333
18248	17714	13.05
stop_203_12539	stop_386_285929	9.85
8074	8124	1.1
12908	stop_13_28	4.3100000000000005
13724	8015	12.596666666666666
7523	7532	11.335
9551	stop_267_45919	7.951666666666667
7534	10074	8.870000000000001
13314	14033	6.3983333333333325
18289	13699	12.478333333333333
8125	17955	13.733333333333333
9451	10635	4.67
18341	18265	11.776666666666667
10224	10045	6.3516666666666675
8205	9142	6.525
7811	stop_214_31319	6.288333333333333
11472	12635	9.675
18047	13543	13.011666666666667
7500	stop_237_37729	9.565
13341	13343	7.008333333333334
18242	14154	14.076666666666666
11552	11553	0.01
12900	8015	7.075
9147	8021	13.393333333333334
13821	9961	6.793333333333334
12337	12338	0.7333333333333333
stop_224_35919	stop_226_36119	3.231666666666667
10108	stop_298_63039	13.870000000000001
13714	12959	7.175
8613	13697	5.543333333333334
10261	12415	9.996666666666666
13334	13380	13.99
13492	13900	12.303333333333335
13660	11478	6.96
17393	10395	9.321666666666665
12571	17308	9.033333333333333
13443	11336	12.813333333333333
17544	17543	1.6566666666666667
13948	13929	15.228333333333333
7948	stop_13_28	13.103333333333333
10733	10734	7.326666666666667
17706	17478	7.64
13389	13390	1.3716666666666666
10136	10467	4.156666666666667
12885	8217	14.608333333333333
12070	11909	13.283333333333333
stop_267_45929	stop_274_46619	6.073333333333333
8474	8708	14.376666666666667
11649	8777	13.808333333333334
18290	12356	15.205
9490	stop_303_68129	9.428333333333335
17282	stop_343_268619	12.695
10222	10261	9.841666666666667
13900	12964	11.270000000000001
17588	stop_1489_127129	1.4666666666666666
12905	8769	4.971666666666667
10351	10353	14.256666666666666
18329	stop_183_6119	14.398333333333333
8367	stop_1489_127129	11.603333333333333
8508	9889	0.815
12472	stop_338_56919	8.058333333333334
12574	13483	34.083333333333336
10559	10560	1.0816666666666668
12307	stop_1487_373619	9.303333333333335
13714	stop_222_35729	12.49
10234	10235	15.018333333333334
18357	10131	9.308333333333334
11654	18122	12.943333333333333
8130	stop_276_56139	10.683333333333334
10544	12416	11.461666666666668
12949	stop_241_38319	7.155
8326	17562	9.626666666666667
12842	12841	9.1
13343	13339	7.376666666666667
8328	stop_1489_127119	15.598333333333333
12983	stop_314_92239	9.805
7366	7480	7.083333333333333
7840	14017	21.295
12657	17348	12.576666666666666
18013	18015	4.67
8224	8365	16.06
7953	12901	10.243333333333334
12930	12929	9.263333333333332
9916	stop_187_7129	12.156666666666666
17878	12739	8.865
8335	18312	11.536666666666667
stop_226_36129	stop_325_136029	14.21
7991	stop_238_37819	1.9416666666666667
18146	7492	12.58
18296	18291	2.4733333333333336
17538	10056	9.773333333333333
stop_291_61129	stop_314_92249	5.808333333333334
8138	stop_306_71629	13.676666666666668
7984	8399	23.986666666666668
12985	stop_285_58419	16.008333333333333
18328	stop_252_42019	4.868333333333334
11681	11658	12.661666666666667
17754	17755	7.1866666666666665
8801	stop_852_324229	12.485000000000001
14052	17712	9.941666666666666
7490	7492	9.283333333333333
17218	stop_314_92239	12.446666666666665
7959	12354	15.84
10239	11841	10.014999999999999
11741	stop_272_46419	11.646666666666667
stop_188_7219	stop_335_260819	8.958333333333334
12885	stop_841_317619	6.341666666666667
stop_261_45119	stop_1076_317429	9.696666666666665
7998	7930	0.6716666666666666
11799	12979	3.8916666666666666
stop_12_19	stop_253_42319	11.346666666666666
18202	17691	14.041666666666666
8338	stop_255_42919	4.0183333333333335
8236	8366	9.263333333333332
8475	7536	10.891666666666667
12964	stop_277_56719	13.873333333333333
17590	stop_1493_373019	13.025
13616	stop_1_2	19.68166666666667
10262	stop_239_37929	8.541666666666666
8936	17712	21.313333333333333
10096	8146	13.53
13347	9752	11.375
7434	stop_570_303619	18.506666666666668
13018	12934	13.511666666666667
7965	17861	20.125
13005	13004	1.5916666666666666
12876	stop_8_16	14.885
7897	stop_279_57139	6.8149999999999995
10345	13532	7.35
9139	10324	8.165
13154	12509	10.235000000000001
13117	17958	9.1
8770	stop_1_2	13.658333333333333
9935	stop_1_2	6.508333333333334
8145	14127	4.633333333333334
10154	12427	3.335
13906	13628	19.31833333333333
8362	stop_216_31929	12.663333333333332
12920	8127	14.175
7523	17971	14.913333333333332
18328	18310	6.388333333333334
10559	12941	10.99
13055	stop_207_12929	16.988333333333333
8898	stop_335_260819	8.115
13183	stop_221_32519	14.315
11009	11420	6.72
11636	11447	24.425
stop_221_32529	stop_225_36019	9.478333333333333
8584	13650	11.47
8229	17343	12.326666666666666
stop_259_44929	stop_260_29	21.051666666666666
7804	13080	1.5166666666666666
12975	12932	6.725
8924	8923	6.536666666666666
12070	stop_852_324239	9.801666666666668
7591	12585	8.508333333333333
12010	18274	10.888333333333332
12893	stop_203_12519	8.746666666666666
12974	12899	14.075
13058	13738	9.285
17567	10052	10.776666666666667
stop_189_7329	stop_335_260829	4.298333333333333
12849	stop_291_61129	6.171666666666667
stop_297_62419	stop_298_63029	7.301666666666667
18310	stop_13_26	7.941666666666666
7952	stop_255_42929	6.336666666666667
12929	17958	4.596666666666667
11508	8076	5.428333333333333
13723	stop_221_32529	4.298333333333333
17271	10465	11.121666666666666
10121	11346	5.37
8617	17590	11.993333333333334
stop_302_67919	stop_302_67929	0.745
8168	8171	10.451666666666666
10233	10231	5.168333333333334
13539	18256	12.496666666666666
13179	11306	8.629999999999999
7494	8305	12.065
7366	stop_1488_3329	14.09
8027	7950	11.553333333333335
12907	stop_313_86729	9.653333333333334
11106	17380	9.958333333333334
stop_343_268629	stop_345_268819	12.908333333333333
17267	17265	4.118333333333333
10487	14032	5.993333333333334
8205	14130	14.165
10050	stop_1493_373029	16.333333333333332
8095	stop_344_268729	8.621666666666666
17245	stop_1280_364359	4.613333333333333
stop_12_20	stop_13_28	12.296666666666665
13349	12657	8.241666666666667
11600	13972	7.52
stop_208_13019	stop_233_36919	15.321666666666665
8604	stop_223_35829	14.493333333333334
9167	13740	4.456666666666666
stop_187_7119	stop_189_7319	9.311666666666667
17916	stop_313_86729	11.766666666666667
10244	stop_300_63419	11.366666666666667
10108	10244	13.99
8522	stop_310_74719	9.49
8169	13389	11.34
13662	10466	13.49
9460	13111	8.038333333333334
7553	13202	5.194999999999999
8154	8152	2.6116666666666664
17560	17587	12.79
18389	stop_571_303719	14.03
11913	13042	11.861666666666668
7402	12457	13.843333333333334
9878	stop_568_303219	11.535
9120	13178	13.555
9900	12985	12.115
12009	stop_1102_347019	3.5
17343	10733	13.001666666666667
18334	17591	5.358333333333333
13485	stop_243_39219	4.763333333333334
8228	10466	9.271666666666667
7961	13632	1.0883333333333334
stop_325_136019	stop_568_303219	11.360000000000001
13812	11214	10.085
12403	12405	0.8216666666666667
13706	stop_186_7039	14.735000000000001
8217	10140	14.673333333333334
13004	stop_303_68119	4.308333333333334
7450	7444	12.513333333333332
18335	12309	12.486666666666668
17589	stop_1489_127119	6.2683333333333335
12897	8768	9.09
13617	9935	11.15
10454	10452	14.295
12319	stop_199_11219	12.708333333333334
11433	stop_230_36519	10.741666666666667
11175	10203	9.786666666666667
9149	stop_189_7329	1.0066666666666666
18017	8859	8.696666666666665
13666	stop_276_56129	8.246666666666666
stop_189_7319	stop_852_324219	9.925
10001	7420	8.966666666666667
8089	8361	0.5183333333333333
7929	stop_240_38229	5.891666666666667
9138	17836	11.356666666666666
10480	10482	11.456666666666667
17891	12309	17.245
8361	7813	13.835
7590	13844	9.656666666666666
9981	17715	19.041666666666668
8729	8731	8.318333333333333
8672	stop_321_115419	10.008333333333333
13078	13079	0.8716666666666666
7512	stop_189_7329	12.56
8077	12917	3.933333333333333
7956	17986	15.181666666666667
17908	stop_187_7119	14.551666666666668
8327	17588	16.825
8032	7957	12.953333333333335
12898	stop_250_41829	7.3133333333333335
11433	17909	13.921666666666665
18155	7494	11.411666666666667
stop_277_56729	stop_321_115429	11.595
11456	11457	5.433333333333334
9505	stop_386_285929	12.71
17680	stop_258_44219	11.798333333333334
10602	10603	6.075
7828	11714	14.033333333333333
13752	13616	10.448333333333332
13186	stop_957_333819	2.628333333333333
7658	11914	15.115
12961	8325	8.17
10095	12851	13.520000000000001
18244	13718	5.971666666666667
8413	9540	12.423333333333334
11509	8123	5.483333333333333
12986	stop_314_92229	3.371666666666667
7929	stop_329_253919	6.675
9046	11638	6.67
9532	9546	4.8
7454	stop_8_15	6.3
13817	10136	8.93
7452	7998	8.525
13132	12015	10.195
7953	stop_254_42429	11.626666666666667
9139	18147	6.165
18296	18390	7.358333333333333
18291	stop_12_24	1.2533333333333334
17957	17956	1.065
7394	12304	11.535
17760	18157	8.19
7946	9147	1.675
10594	18258	10.573333333333332
13639	stop_203_12549	6.465
stop_299_63219	stop_301_63729	15.115
10931	8170	16.275
10991	7512	9.305
17714	17716	13.83
18269	14011	10.178333333333335
10560	stop_325_136019	15.165
12920	13719	15.525
18328	18390	11.813333333333333
13693	stop_321_115429	11.860000000000001
12951	18311	13.008333333333333
8415	13644	0.8733333333333333
8003	stop_13_25	8.465
13005	stop_334_258229	1.755
8002	8298	9.031666666666666
18336	18258	6.765
8358	12470	9.098333333333333
13329	12995	13.418333333333333
12934	stop_274_46619	6.953333333333333
9741	12243	4.58
12306	7426	7.378333333333333
8822	13418	9.543333333333333
17892	9139	22.15
8353	8163	13.381666666666666
8224	9504	6.801666666666667
13706	7404	5.503333333333333
13715	stop_335_260819	4.705
13492	10855	8.166666666666666
8127	10855	7.066666666666666
12516	14005	4.525
12887	12871	13.685
12010	stop_852_324229	10.770000000000001
13722	7512	9.868333333333334
8599	8114	9.405
7965	7968	10.616666666666667
9170	14151	2.13
stop_265_45719	stop_265_45729	0.8350000000000001
17878	18243	6.078333333333333
12928	stop_339_62129	20.60666666666667
7462	7459	12.74
13017	11118	9.343333333333334
12363	13397	16.448333333333334
10848	stop_13_25	12.103333333333333
8238	10139	1.8900000000000001
7511	stop_335_260819	9.955
7802	8098	10.566666666666666
8359	stop_227_36219	12.275
18244	stop_188_7229	13.136666666666667
7538	10234	7.566666666666666
12954	stop_239_37929	11.21
10488	17584	3.3
12806	13516	11.56
10074	10236	4.608333333333333
9038	9041	2.493333333333333
13023	stop_313_86719	3.18
10065	10064	1.0450000000000002
13639	7461	10.42
9138	12571	8.49
10164	stop_1493_373019	10.311666666666667
12942	8332	13.143333333333334
12466	12860	3.9766666666666666
12847	stop_344_268719	8.221666666666668
12936	stop_260_29	13.81
7410	9916	1.6483333333333334
10445	10612	10.648333333333333
13061	10612	13.898333333333333
18057	stop_1495_373529	6.928333333333333
8123	8076	10.021666666666667
8166	8308	14.651666666666667
12841	12983	5.1850000000000005
9034	17310	17.39333333333333
12999	stop_304_68229	1.7966666666666666
18409	17878	8.620000000000001
stop_213_31119	stop_214_31319	7.395
12036	12035	10.293333333333333
7471	7908	11.435
10208	10332	11.69
7504	7505	4.076666666666666
12954	stop_328_253819	4.8116666666666665
13670	stop_425_287129	12.254999999999999
17587	stop_1486_372419	12.586666666666668
11170	stop_307_71819	9.675
11977	8899	11.583333333333334
13042	8899	13.541666666666666
stop_246_40839	stop_250_41829	15.176666666666668
9292	9716	13.360000000000001
13054	7808	12.21
12923	stop_330_254329	0.7316666666666667
11724	11735	6.016666666666667
8409	stop_240_38219	7.71
17938	17952	6.798333333333333
12138	10158	11.514999999999999
12602	12603	0.30666666666666664
stop_425_287129	stop_1556_381019	7.276666666666667
10499	stop_272_46429	15.003333333333334
12931	stop_248_41329	12.046666666666665
12923	7936	9.46
7448	18028	14.095
12989	10838	13.671666666666665
13617	10500	10.603333333333333
12859	stop_820_315819	6.305000000000001
10140	12330	14.171666666666665
8643	stop_289_58919	14.401666666666667
12663	17809	12.041666666666666
8910	11628	9.836666666666668
stop_242_38829	stop_329_253919	6.635000000000001
7818	7822	15.8
8632	stop_283_57629	11.66
8526	8528	0.8833333333333333
stop_227_36219	stop_1102_347029	11.185
13149	11183	12.476666666666667
17861	10500	7.506666666666666
7488	17835	12.795
12869	stop_208_13019	1.15
7993	10848	12.389999999999999
12996	8414	14.99
10494	stop_952_331019	13.608333333333333
12070	stop_204_12629	7.386666666666667
7908	17941	11.635
stop_214_31319	stop_214_31329	1.0066666666666666
12502	8311	19.951666666666664
9874	13399	28.9
8409	stop_328_253829	6.114999999999999
13905	14165	7.788333333333333
13260	13656	15.443333333333333
8088	stop_214_31319	13.9
13535	13533	3.578333333333333
10717	7413	5.548333333333333
10700	10648	9.465
9487	9717	11.120000000000001
17912	17771	9.575
8372	7381	12.038333333333332
13058	18370	7.553333333333333
10096	11169	9.511666666666667
8439	8442	9.478333333333333
12855	stop_345_268819	11.54
13629	stop_217_32029	12.185
7983	12949	6.161666666666666
stop_219_32229	stop_224_35929	12.175
8898	13714	8.173333333333334
8768	8769	0.18666666666666665
9120	7805	6.665
7421	11079	10.05
13314	13534	6.925
8118	8359	10.276666666666667
7968	stop_257_43529	12.841666666666667
8625	stop_3_6	8.35
18028	17965	13.158333333333333
12898	18389	14.22
18314	stop_12_21	2.61
8077	17954	15.991666666666667
12970	stop_957_333819	11.718333333333334
9142	12853	1.9316666666666669
9051	7511	6.758333333333334
8361	stop_226_36119	13.241666666666667
12868	stop_208_13029	8.3
8299	10849	5.265
7371	stop_1486_372439	12.011666666666667
12975	8710	3.5166666666666666
7420	7395	15.031666666666666
7952	stop_12_21	9.693333333333333
11569	18043	7.285
9386	9387	1.0166666666666666
12994	stop_296_62329	1.8233333333333335
13671	8123	8.82
stop_318_96029	stop_1487_373629	12.598333333333333
stop_219_32229	stop_311_82329	13.038333333333332
8898	13034	16.718333333333334
9170	18238	4.451666666666667
7959	stop_273_46529	14.936666666666667
13906	stop_183_6119	18.01833333333333
stop_325_136029	stop_782_314119	11.863333333333333
10358	13733	23.078333333333333
10602	stop_222_35729	3.8483333333333336
8373	7375	10.621666666666666
12994	12927	22.028333333333332
10497	17832	10.44
12364	12340	5.79
stop_1486_372419	stop_1490_366219	14.68
11321	8363	14.906666666666666
12928	12964	6.585
18362	8390	7.326666666666667
13705	stop_1489_127129	8.786666666666667
18314	12900	14.286666666666667
7426	7407	12.035
12301	10039	17.88
13053	7504	14.003333333333334
12881	stop_246_40849	4.801666666666667
13663	8217	12.825
12948	7985	8.853333333333333
8798	stop_1495_373519	12.275
17941	stop_230_36549	12.868333333333334
8978	11017	2.378333333333333
10428	10431	10.283333333333333
11589	9528	13.173333333333334
7804	8363	23.323333333333334
13492	13114	14.965
12304	17563	11.858333333333333
17697	8922	16.085
17566	17537	7.983333333333333
7885	stop_224_35939	13.306666666666667
17562	stop_1490_366229	11.746666666666666
12932	12900	13.305
17585	17717	11.26
9981	13538	5.9399999999999995
7418	7400	14.731666666666666
18057	stop_575_304129	14.776666666666667
17543	17552	7.8966666666666665
12457	stop_188_7219	7.485
8206	11170	2.1383333333333336
10345	18275	3.808333333333333
10501	17981	7.194999999999999
10855	stop_275_56019	9.551666666666668
10055	17545	7.373333333333333
13667	stop_314_92249	1.2266666666666666
12870	stop_234_37019	14.031666666666666
18342	13606	14.011666666666667
12945	7983	5.083333333333333
stop_311_82319	stop_318_96029	3.2016666666666667
17824	8372	8.988333333333333
11507	stop_277_56729	2.396666666666667
8478	18312	5.971666666666667
7430	stop_570_303629	11.426666666666668
12938	13628	1.715
7998	7993	10.818333333333333
14051	10957	4.183333333333334
12974	stop_248_41319	9.610000000000001
13837	13838	11.475
12312	9026	8.881666666666666
stop_219_32219	stop_221_32519	9.613333333333333
10371	10370	4.668333333333334
8440	8447	17.418333333333333
17809	10781	64.61166666666666
9528	9529	0.2866666666666667
12134	7386	12.738333333333333
7407	9149	12.068333333333333
12870	12875	13.583333333333334
7387	18285	10.65
8793	13169	12.778333333333334
8790	13474	3.49
18092	7441	7.1033333333333335
18390	stop_252_42029	11.785
8537	7993	10.291666666666666
18008	18011	13.171666666666665
7463	9026	17.983333333333334
13261	13535	9.44
13861	13858	5.21
7802	12317	3.7633333333333336
17830	stop_188_7229	7.6483333333333325
12946	12951	11.238333333333333
12939	stop_1486_372419	8.155
stop_241_38319	stop_328_253829	10.748333333333333
13695	stop_12_20	12.68
17824	10167	12.456666666666667
8144	9544	4.801666666666667
8098	stop_283_57619	11.916666666666666
11025	9630	14.398333333333333
9856	18127	4.891666666666667
8371	18256	15.846666666666666
12305	17547	9.878333333333334
stop_2_4	stop_2_5	1.5316666666666667
17876	13664	4.510000000000001
8898	stop_1234_362119	7.775
13019	stop_272_46429	13.326666666666666
13081	10499	16.575
8018	stop_13_26	12.55
11432	stop_207_12929	10.071666666666665
10490	8538	10.178333333333335
10855	17959	11.731666666666666
8361	8104	8.518333333333334
17560	stop_1486_372429	0.8450000000000001
13063	14130	11.685
7367	17590	15.24
7360	10167	7.881666666666666
8906	12022	5.556666666666667
stop_189_7329	stop_1234_362129	11.926666666666668
9540	stop_314_92259	15.345
7931	12950	7.455
7379	17547	12.889999999999999
8074	8075	9.146666666666667
13708	9030	10.438333333333333
12442	18363	13.043333333333333
stop_221_32519	stop_221_32529	0.2733333333333333
9492	11677	5.944999999999999
17811	10408	10.978333333333333
18390	7950	7.343333333333334
stop_203_12549	stop_230_36519	10.726666666666667
17414	10383	10.363333333333333
14042	13235	6.54
8682	13016	10.85
8220	8223	4.576666666666667
12898	12932	11.396666666666667
12022	stop_204_12629	1.0983333333333334
8163	12499	7.836666666666667
10510	7961	15.663333333333332
17258	8634	13.786666666666667
10487	13533	11.405
12316	7742	6.863333333333333
7390	stop_1486_372429	11.036666666666667
18295	13486	11.603333333333333
17544	8618	5.128333333333333
17971	17974	10.368333333333334
11749	11750	0.3733333333333333
8862	12609	13.476666666666667
12885	18308	14.56
17507	17508	0.9283333333333333
12070	12401	13.658333333333333
17399	10433	2.85
12961	7434	18.87
18331	9675	16.435
17282	stop_345_268819	10.663333333333332
13900	12917	5.621666666666667
stop_216_31919	stop_282_57519	14.513333333333332
stop_204_12619	stop_568_303219	11.398333333333333
8125	13671	2.415
13325	10782	11.133333333333333
stop_217_32019	stop_311_82319	8.846666666666666
17734	9667	11.575
9407	13351	6.421666666666667
9755	9756	1.5216666666666667
18348	7597	11.511666666666667
8301	8788	13.641666666666667
8076	8128	1.1016666666666666
10700	stop_222_35719	1.1933333333333331
13695	13696	8.253333333333334
10016	stop_243_39229	14.18
11724	13295	9.68
7366	12309	11.764999999999999
13410	13411	4.858333333333333
12915	12930	11.713333333333333
11909	stop_568_303239	1.2983333333333333
8214	8241	0.08666666666666667
17541	stop_1489_127119	4.733333333333333
10877	14082	15.006666666666666
9971	12121	15.553333333333335
9118	stop_246_40839	11.408333333333333
18276	17715	4.128333333333333
12717	12298	13.473333333333333
8297	17929	14.55
17909	stop_230_36539	8.941666666666666
10549	10131	9.601666666666667
stop_204_12639	stop_852_324229	6.568333333333333
18296	stop_254_42419	8.683333333333334
13740	7489	5.591666666666667
7991	stop_240_38229	7.155
13866	10679	11.870000000000001
stop_219_32219	stop_325_136029	3.42
11714	8925	13.629999999999999
7946	stop_250_41829	4.028333333333333
18296	12910	7.633333333333334
13034	stop_183_6119	13.413333333333332
stop_8_15	stop_245_40719	12.093333333333334
7529	7522	1.9266666666666665
12609	18017	1.4783333333333333
7400	7410	11.51
12837	12019	6.916666666666667
13676	10470	5.766666666666667
13632	11742	14.35
18345	12560	4.47
7490	7458	8.263333333333334
9910	stop_572_303819	7.855
13718	stop_187_7129	13.275
stop_285_58419	stop_293_61329	10.57
7959	11741	3.003333333333333
13071	10783	12.51
11741	stop_274_46619	16.99833333333333
13953	11506	5.471666666666667
11709	11158	19.723333333333336
13239	13198	9.483333333333333
7368	17539	11.846666666666666
12521	9814	15.335
7998	8003	10.056666666666667
7805	stop_216_31919	12.276666666666667
8211	10491	10.961666666666668
17765	17774	0.5083333333333333
7528	13553	6.258333333333334
stop_335_260829	stop_852_324229	5.048333333333333
18367	14029	9.555
18244	12717	8.27
8670	8234	13.026666666666667
13231	10673	7.251666666666667
13005	13645	14.328333333333335
10191	10082	11.165
12962	12938	6.458333333333333
9470	13171	10.168333333333333
10000	13261	8.754999999999999
7480	7437	2.8016666666666667
10164	10053	7.163333333333333
7536	17975	14.29
18296	9923	13.778333333333334
stop_216_31929	stop_219_32239	8.085
12677	stop_321_115429	13.686666666666667
12401	13715	9.198333333333332
8027	stop_254_42429	8.898333333333333
7960	stop_1_1	12.620000000000001
8414	14005	9.696666666666665
13198	11721	12.266666666666667
7542	8922	11.183333333333334
13634	14140	7.430000000000001
11505	11821	11.623333333333333
8027	13724	1.3333333333333333
8332	7929	5.036666666666666
12920	8672	6.605
12887	11514	1.5016666666666665
7424	stop_1487_373629	14.173333333333334
stop_221_32529	stop_227_36219	10.576666666666666
12975	18292	13.266666666666667
8240	13663	14.665
12893	stop_203_12559	9.203333333333335
13851	7632	11.295
17586	8327	11.004999999999999
18159	10262	1.8916666666666666
13241	17180	6.6899999999999995
8698	9875	5.838333333333334
7931	8002	7.333333333333333
12849	stop_293_61329	14.783333333333333
7471	stop_5_11	13.001666666666667
stop_297_62419	stop_299_63229	13.46
12860	stop_339_62129	1.8866666666666667
7897	stop_1103_347129	9.391666666666667
13715	stop_1234_362119	12.396666666666667
17561	7369	14.288333333333332
11508	8077	11.15
13819	13674	7.776666666666667
13723	stop_223_35819	9.346666666666666
13645	stop_334_258229	12.72
13134	13131	11.961666666666668
18248	18258	14.438333333333333
18151	stop_11_23	1.3383333333333334
18366	10166	13.91
17566	17589	12.461666666666668
10194	18191	3.875
17705	12571	16.815
13699	7478	18.12
stop_250_41819	stop_313_86729	10.851666666666667
7511	stop_1234_362119	8.481666666666666
8027	8017	10.928333333333335
18030	8127	12.883333333333333
8084	stop_1103_347129	14.876666666666667
12240	18035	23.44
10487	10269	11.141666666666667
stop_1492_372629	stop_1494_373119	6.13
11248	12306	11.046666666666665
8003	stop_313_86719	14.758333333333333
12717	stop_335_260829	5.1483333333333325
11136	17798	6.305000000000001
7411	7820	13.275
10109	stop_297_62429	4.266666666666667
11516	12870	13.716666666666667
13417	13425	11.271666666666667
12470	11507	10.666666666666666
13036	stop_1280_364359	11.008333333333333
13036	13667	1.5116666666666667
18049	13545	6.483333333333333
12340	13397	9.768333333333334
stop_222_35739	stop_227_36229	10.518333333333334
8661	10211	15.735000000000001
13207	10666	10.561666666666667
10991	stop_386_285919	12.666666666666666
11649	8285	5.6866666666666665
17743	17742	0.955
12518	10468	4.473333333333333
7636	13859	11.610000000000001
12932	13485	13.34
9815	13474	9.875
11211	11698	3.6983333333333333
12910	7952	8.985000000000001
10209	11233	10.883333333333333
10503	13330	14.491666666666667
17835	17779	9.014999999999999
13906	stop_570_303629	13.278333333333334
9120	8089	10.816666666666666
13019	12352	12.851666666666667
12343	stop_302_67919	10.496666666666666
12719	stop_223_35819	10.393333333333334
8241	8780	6.8533333333333335
12841	12986	16.546666666666667
8634	8201	10.986666666666668
12893	7462	11.835
9086	13528	6.041666666666667
11248	10081	7.111666666666666
8301	8248	7.805000000000001
stop_307_71829	stop_841_317650	5.760000000000001
18335	18155	20.759999999999998
18023	17577	10.47
12567	12321	4.698333333333333
17589	stop_1491_372319	11.305
10355	10358	13.675
7430	stop_186_7039	4.733333333333333
13617	9938	11.721666666666666
7368	18321	15.305
11321	7893	15.228333333333333
10001	7413	8.955
12901	7956	11.211666666666668
9815	8980	11.426666666666668
7929	stop_242_38829	0.8866666666666667
11913	stop_189_7329	10.466666666666667
11584	13365	4.831666666666666
8361	7822	6.251666666666667
7437	7447	12.905
10181	10185	12.111666666666668
9389	17273	7.598333333333333
13180	stop_284_57719	14.396666666666667
7448	17583	13.068333333333333
13400	12603	11.778333333333334
17861	9938	8.625
13413	8909	16.896666666666665
10667	13206	9.485000000000001
13078	7710	11.496666666666666
17829	11628	11.368333333333334
stop_203_12559	stop_852_324219	13.08
18343	12537	13.225
9923	12353	12.91
10163	18309	8.938333333333333
17716	stop_1491_372329	12.416666666666666
18155	17836	10.156666666666666
8304	17583	12.476666666666667
12943	stop_10_3	6.308333333333334
17949	stop_246_40829	14.481666666666666
11251	17696	9.545
10124	13676	7.1850000000000005
7568	7571	1.105
8336	stop_253_42329	13.726666666666667
10201	8311	16.575
11282	18257	23.84333333333333
12355	stop_273_46529	18.69333333333333
7828	8925	4.53
8634	stop_841_317650	15.196666666666665
stop_280_57229	stop_338_56929	12.764999999999999
12545	10877	4.105
stop_219_32219	stop_1487_373619	4.576666666666667
7971	stop_342_268529	3.015
17416	17386	7.288333333333333
7813	stop_325_136019	3.7150000000000003
12516	18307	10.016666666666667
stop_282_57529	stop_957_333819	6.796666666666667
7524	13189	9.863333333333333
7421	17765	3.8616666666666664
8219	stop_3_6	11.141666666666667
18287	17929	8.968333333333334
12461	12462	0.18000000000000002
stop_314_92259	stop_1280_364329	11.333333333333334
8403	8299	15.766666666666667
stop_279_57129	stop_1103_347119	13.238333333333333
8098	stop_214_31319	24.408333333333335
13689	stop_214_31329	22.07
12920	13717	13.641666666666667
18363	8698	11.768333333333334
18004	11449	15.091666666666667
8065	8066	10.898333333333333
10200	12503	8.253333333333334
12472	stop_321_115419	11.946666666666665
18329	12302	11.908333333333333
8002	10849	8.768333333333334
18150	18147	1.5383333333333333
13010	13011	0.9450000000000001
13645	14006	9.365
12306	14166	11.675
13812	18271	9.553333333333335
7500	12948	12.47
stop_232_36829	stop_234_37029	8.025
13629	14166	13.014999999999999
8353	12363	13.635
9595	12474	10.063333333333333
13706	13669	8.541666666666666
17834	7449	11.225
17561	stop_183_6129	7.088333333333334
13492	18029	5.895
8127	18029	7.211666666666667
11741	11742	0.7233333333333333
17680	17691	8.118333333333334
18335	stop_1492_372629	6.198333333333333
stop_221_32519	stop_1487_373629	12.479999999999999
stop_278_57019	stop_279_57139	9.889999999999999
10496	10356	15.5
17546	7365	13.96
9609	13472	0.6333333333333333
8084	stop_338_56929	8.921666666666665
11742	stop_1_1	10.573333333333332
stop_300_63429	stop_304_68219	12.836666666666668
18244	stop_189_7349	7.531666666666666
stop_285_58429	stop_314_92249	14.47
12954	stop_241_38329	6.45
11651	8776	16.606666666666666
7822	stop_226_36129	14.118333333333334
7520	18225	12.201666666666666
17891	stop_1492_372629	0.5683333333333334
18289	12570	18.948333333333334
9654	18330	10.443333333333333
13036	stop_343_268629	12.03
stop_246_40849	stop_313_86719	6.301666666666667
13929	13932	10.491666666666667
10065	7414	7.963333333333334
8104	12845	6.0616666666666665
13722	stop_222_35739	11.936666666666667
7930	7985	8.96
7471	stop_230_36549	13.0
10169	10168	1.615
12942	12957	14.708333333333334
17566	17552	16.671666666666667
12847	stop_346_269019	13.271666666666667
12518	stop_1343_364729	5.8933333333333335
7424	13629	5.233333333333333
8130	13117	8.51
12859	stop_275_56019	21.918333333333333
13333	7670	5.9
stop_203_12539	stop_207_12929	9.815
12847	12862	7.066666666666666
9452	17816	9.79
13200	10665	8.786666666666667
17703	17552	8.026666666666667
11305	8228	8.604999999999999
13025	stop_277_56729	11.428333333333335
stop_213_31119	stop_217_32019	15.743333333333334
stop_13_28	stop_250_41819	4.876666666666667
7471	17940	15.221666666666666
18144	stop_275_56029	13.741666666666667
18159	stop_239_37929	10.323333333333332
7504	7478	10.93
stop_311_82319	stop_782_314129	3.0083333333333333
17749	17751	10.458333333333334
10262	7880	11.315
12316	8091	14.218333333333334
7528	10691	3.856666666666667
9852	8267	9.663333333333332
8294	12018	10.283333333333333
8409	stop_242_38819	10.16
9166	8297	8.071666666666667
17611	17618	9.270000000000001
8077	stop_275_56019	14.843333333333334
12402	stop_186_7029	11.881666666666666
8710	stop_248_41329	15.229999999999999
12312	17779	11.211666666666668
stop_205_12729	stop_322_117329	4.911666666666666
13944	17887	0.305
9051	stop_203_12519	0.8049999999999999
8402	7977	5.845
9049	stop_232_36819	14.845
8128	stop_323_126219	10.165
17876	stop_2_4	1.7716666666666667
7531	7532	10.216666666666667
9416	11584	8.328333333333333
7505	8297	8.263333333333334
17544	10070	16.25166666666667
13186	12967	12.418333333333333
13034	stop_570_303629	8.673333333333334
13081	17884	10.443333333333333
8161	8355	2.683333333333333
9454	9453	0.5533333333333333
stop_852_324229	stop_1102_347019	9.618333333333334
14052	8934	12.92
17876	10172	18.209999999999997
17546	17714	12.751666666666667
8367	18092	14.103333333333333
17819	8577	4.7316666666666665
12502	17342	19.853333333333335
18344	stop_320_105119	18.69
stop_275_56029	stop_296_62319	21.171666666666667
7385	13640	8.738333333333333
9049	17941	13.925
10185	10090	6.97
11544	7754	14.546666666666665
9118	12880	12.705
8936	8934	3.7766666666666664
12545	13653	3.783333333333333
17794	9852	3.0166666666666666
10717	17762	10.386666666666667
17310	12572	39.45333333333333
10700	12970	11.791666666666666
13444	18239	10.129999999999999
13815	13930	4.0183333333333335
10056	17544	14.163333333333332
13179	stop_221_32529	13.348333333333333
7358	13640	11.9
7983	12951	9.746666666666666
8768	12353	10.526666666666667
7818	10081	7.505
stop_303_68119	stop_303_68129	0.6616666666666667
12140	7390	11.014999999999999
12412	13748	5.993333333333334
7553	7572	11.639999999999999
12375	12127	8.12
stop_279_57129	stop_338_56919	7.17
13314	7360	12.576666666666666
17826	17813	10.311666666666667
8066	17511	8.606666666666666
13941	9782	10.085
9935	stop_342_268519	13.121666666666666
17892	stop_1488_3329	11.028333333333334
17282	stop_292_61219	14.770000000000001
7404	7367	11.351666666666667
18314	stop_13_27	12.335
8077	17959	4.628333333333333
9723	stop_2_5	3.4283333333333332
12970	stop_1102_347019	10.860000000000001
9981	17380	16.868333333333332
8222	8223	13.346666666666666
11721	12461	6.266666666666667
12899	stop_12_20	7.36
12719	stop_204_12639	6.943333333333333
9051	12959	9.09
stop_1_1	stop_273_46529	11.035
12010	12009	0.9116666666666667
18064	stop_1342_364629	12.175
stop_568_303219	stop_568_303239	0.9566666666666667
18010	10856	5.073333333333333
12932	stop_13_27	8.213333333333333
stop_203_12529	stop_203_12549	1.4133333333333333
13671	13693	10.288333333333332
18277	7568	7.663333333333333
10083	10085	22.891666666666666
11748	17981	0.8966666666666666
18366	7360	6.956666666666666
stop_189_7319	stop_568_303239	11.013333333333332
12575	12576	0.11166666666666666
9900	stop_225_36029	11.146666666666667
13906	stop_186_7039	8.543333333333333
18288	7463	13.629999999999999
stop_226_36129	stop_279_57119	14.536666666666667
10602	stop_224_35919	8.375
17546	stop_183_6119	7.694999999999999
stop_574_304039	stop_1495_373519	5.975
12851	12988	6.968333333333334
8124	13666	13.639999999999999
stop_239_37929	stop_241_38329	6.253333333333333
10472	10609	7.656666666666666
8310	17344	7.58
stop_216_31919	stop_318_96019	12.543333333333333
12355	11741	18.163333333333334
7893	stop_219_32219	13.238333333333333
13705	stop_1491_372329	4.848333333333333
7984	12905	2.0833333333333335
7426	13034	12.695
13053	7463	9.873333333333333
8408	stop_237_37729	2.0283333333333333
9119	stop_282_57519	18.805
12595	7368	7.558333333333334
8091	8630	12.803333333333335
7804	8632	19.01833333333333
10498	17508	9.011666666666667
8898	stop_189_7339	4.983333333333333
7968	17690	15.018333333333334
9617	17785	8.9
8362	8363	3.1533333333333333
13529	13523	0.6733333333333333
8214	8777	10.885
7808	18232	12.798333333333334
7885	stop_226_36119	15.551666666666668
17544	stop_1492_372619	1.3566666666666667
13352	9416	6.5600000000000005
7368	17562	10.571666666666665
7530	8474	7.513333333333334
12840	stop_282_57519	9.718333333333334
7459	7494	12.273333333333333
13183	13723	10.870000000000001
7418	12140	12.436666666666667
17543	17478	7.736666666666666
12457	stop_189_7339	10.863333333333333
7502	stop_1495_373519	10.991666666666667
8206	10118	12.231666666666666
12853	stop_306_71619	1.5433333333333332
10855	stop_276_56139	6.511666666666667
17941	12877	7.37
13154	18061	0.07333333333333333
12314	stop_1492_372629	16.481666666666666
7970	18170	8.136666666666667
8221	8243	8.953333333333335
stop_224_35939	stop_1103_347129	10.241666666666667
13714	stop_568_303239	7.905
stop_322_117329	stop_335_260819	2.855
stop_241_38319	stop_242_38819	5.633333333333334
7423	17775	13.618333333333334
17824	7387	9.28
7531	17971	12.366666666666667
8219	11305	1.8766666666666665
7957	18312	5.258333333333334
12322	11420	8.646666666666667
14165	17830	7.5183333333333335
10481	10480	1.615
13180	stop_216_31919	11.463333333333333
7950	12354	15.604999999999999
17545	7480	14.176666666666668
7813	18274	10.638333333333332
17679	13738	7.038333333333333
17690	17692	10.951666666666666
stop_284_57729	stop_285_58429	8.764999999999999
12328	10124	9.75
17587	17563	10.045
8474	8475	0.7566666666666666
8887	10956	15.331666666666667
11977	18274	11.488333333333333
8247	18127	9.971666666666666
10873	8581	6.343333333333334
17908	stop_782_314119	12.595
17830	stop_189_7349	11.958333333333334
7371	17713	2.9266666666666667
12860	8315	13.16
10015	stop_13_26	7.138333333333334
13950	13958	6.276666666666667
7496	12310	10.825
8523	12377	12.123333333333333
7515	7421	4.388333333333334
stop_3_7	stop_1280_364359	12.716666666666667
7460	8296	11.451666666666666
12305	8327	5.14
13676	12348	10.41
14040	18385	11.601666666666667
18014	13957	14.868333333333334
9972	9971	6.66
17868	10493	6.958333333333333
11106	14028	12.775
13352	8576	4.486666666666666
7765	7764	9.879999999999999
9542	14127	7.203333333333333
7379	8327	7.71
7931	11420	12.1
13153	8310	15.103333333333333
10298	12427	14.758333333333333
13178	stop_216_31929	9.113333333333333
stop_221_32519	stop_223_35819	8.433333333333334
10083	18019	10.0
12350	12546	11.375
8220	13674	15.478333333333333
11605	13335	10.463333333333333
14033	13532	11.473333333333333
18162	12563	4.641666666666667
13806	13927	15.693333333333333
9941	13822	5.345
10559	stop_221_32519	15.665
8625	stop_1280_364359	13.316666666666666
17258	12886	9.973333333333333
8801	stop_186_7029	12.696666666666665
11611	8873	11.141666666666667
10381	17412	9.545
12943	18287	13.378333333333334
12888	stop_425_287119	2.2766666666666664
13539	17380	12.988333333333333
17762	12134	16.99833333333333
17271	stop_307_71829	11.165
12718	12958	10.901666666666667
18285	8328	2.8316666666666666
17892	17577	6.133333333333334
10543	12347	14.101666666666667
13214	13224	8.860000000000001
9708	9705	9.45
17507	17511	11.741666666666667
17760	11009	14.67
10499	stop_257_43519	10.623333333333333
9860	11333	10.833333333333334
17817	17798	4.858333333333333
7399	12134	6.53
13900	8135	6.63
8125	12915	11.651666666666667
8367	stop_1493_373029	7.683333333333334
8672	stop_276_56119	14.616666666666667
11311	stop_225_36019	14.948333333333332
stop_1495_373529	stop_1556_381029	16.08833333333333
stop_225_36019	stop_278_57029	13.725
18053	18190	4.8933333333333335
10700	stop_223_35829	4.676666666666667
17545	stop_1488_3329	6.433333333333334
7461	7462	2.9283333333333332
10212	18282	7.136666666666667
12309	7446	13.958333333333334
12343	13061	8.201666666666666
8000	stop_242_38829	8.898333333333333
stop_252_42029	stop_571_303729	6.985
17876	8523	12.968333333333334
18092	stop_1493_373029	9.645000000000001
8787	8978	9.376666666666667
stop_245_40719	stop_246_40839	6.355
17541	stop_1491_372319	1.105
12594	17587	10.721666666666666
12354	stop_342_268529	17.983333333333334
8520	17821	10.53
13153	13095	20.595000000000002
17909	stop_233_36919	7.796666666666667
10876	10929	1.9216666666666666
17747	17748	2.9
7965	17680	9.868333333333334
12905	stop_257_43529	13.403333333333334
13740	7446	9.143333333333334
9923	7956	13.915
9489	11655	17.618333333333332
7991	stop_242_38829	12.431666666666667
13034	stop_186_7039	4.508333333333334
10149	13728	7.485
7529	17970	8.076666666666666
7983	12318	12.885
7400	14165	8.343333333333334
7984	9918	7.378333333333333
13533	13716	10.639999999999999
8414	18307	17.915000000000003
stop_225_36019	stop_957_333819	14.91
13731	7970	10.263333333333332
13718	stop_189_7329	5.736666666666666
13693	stop_276_56129	10.915
17308	13479	27.90666666666667
8399	18202	13.535
13366	10632	11.393333333333334
8222	8221	13.976666666666667
8733	8735	9.388333333333332
stop_223_35829	stop_1103_347119	9.271666666666667
17765	13049	10.441666666666666
8389	stop_568_303219	10.421666666666665
13586	13723	11.745000000000001
17722	11750	20.711666666666666
8788	8787	1.9416666666666667
8710	stop_6_13	12.353333333333333
12568	9926	17.525
18244	9051	10.514999999999999
17715	7571	9.283333333333333
stop_322_117319	stop_852_324229	9.368333333333334
7962	18202	9.986666666666668
9895	9147	11.523333333333333
9470	13167	14.85
7480	12312	5.656666666666666
7813	stop_852_324229	14.425
17910	stop_203_12549	11.243333333333334
12516	10877	14.543333333333333
7597	7591	0.5516666666666666
12298	stop_325_136019	9.635
7959	stop_258_44219	8.368333333333334
18311	stop_13_25	7.158333333333333
18080	stop_331_254829	15.093333333333334
17686	14023	10.55
10560	stop_957_333819	7.025
8332	8299	13.011666666666667
18048	9738	7.281666666666666
7999	12323	11.818333333333333
stop_297_62429	stop_424_287029	11.963333333333333
7811	stop_325_136019	10.82
10460	10450	10.973333333333333
10543	12412	12.58
13183	stop_224_35929	11.973333333333333
7566	7569	1.4066666666666667
12943	12954	5.253333333333333
18150	7449	14.971666666666666
8636	9889	4.408333333333333
7411	7410	6.488333333333333
7533	7537	1.6266666666666665
11192	11187	8.816666666666666
9722	10842	10.493333333333334
10498	9546	11.58
stop_2_4	stop_1280_364339	7.138333333333334
11568	7729	12.21
12326	14006	4.3100000000000005
13628	17549	7.1866666666666665
13706	8326	7.17
13338	11564	11.270000000000001
12939	17563	12.133333333333333
11508	12964	11.488333333333333
11331	14151	6.761666666666667
13723	stop_224_35939	1.6849999999999998
11970	13956	14.575
12905	7962	22.685
17918	stop_5_10	14.391666666666667
8339	8340	1.085
13186	13689	12.45
12966	stop_205_12729	11.629999999999999
7498	9035	15.610000000000001
stop_186_7039	stop_188_7229	9.965
7891	stop_219_32229	9.458333333333334
11539	11537	7.108333333333333
12854	12983	5.3133333333333335
8668	12363	7.79
stop_202_12419	stop_203_12519	12.835
8391	8154	10.921666666666665
12364	9875	9.033333333333333
7375	stop_183_6129	15.158333333333333
stop_1492_372629	stop_1552_378519	15.506666666666666
10501	11211	9.875
12320	7969	10.841666666666667
stop_203_12519	stop_232_36819	15.870000000000001
11516	13670	8.389999999999999
stop_189_7339	stop_204_12629	12.921666666666665
10427	13440	10.808333333333334
7928	stop_242_38819	6.3100000000000005
7673	7669	10.455
17696	7828	7.09
12962	stop_570_303619	1.0166666666666666
12136	10158	6.801666666666667
7493	12310	4.371666666666667
12350	10613	5.6
17743	17744	10.678333333333335
7571	17381	15.391666666666667
12518	10139	10.931666666666667
9020	9019	11.315
10436	13439	13.360000000000001
stop_314_92249	stop_314_92259	0.675
12910	12902	12.09
10503	8195	12.026666666666667
8145	10116	5.2716666666666665
8088	8089	3.4699999999999998
7959	7969	11.26
13898	11462	3.9283333333333332
9086	10914	14.266666666666667
10015	7977	15.908333333333333
9119	stop_213_31129	6.15
stop_8_15	stop_574_304039	13.141666666666667
18244	stop_322_117329	1.7366666666666668
11960	18228	10.04
7450	10323	15.675
13330	8195	8.998333333333333
stop_213_31139	stop_283_57629	26.083333333333332
13310	11701	5.6033333333333335
13065	9753	9.306666666666667
7430	stop_188_7229	6.586666666666667
12970	stop_227_36229	6.968333333333334
stop_841_317630	stop_841_317639	0.22
7365	stop_1493_373019	14.448333333333332
18276	11105	1.6383333333333332
8075	stop_275_56029	14.946666666666665
10292	9660	11.325
7368	7437	11.3
11354	11446	9.875
10001	17762	3.8466666666666667
12883	stop_245_40729	1.0716666666666665
12719	7891	7.206666666666666
7437	7483	7.213333333333334
12883	12975	4.54
10494	17864	12.493333333333334
11658	11660	10.1
17679	18370	5.306666666666667
8372	7390	11.233333333333333
10592	18349	10.816666666666666
10227	8310	13.828333333333335
8170	14155	7.793333333333334
11311	stop_279_57139	12.014999999999999
7905	stop_232_36829	11.513333333333332
10406	10408	11.896666666666667
9551	stop_257_43519	12.733333333333333
13900	17959	9.046666666666665
10823	13846	10.358333333333333
8296	stop_574_304039	12.46
10145	12328	3.6766666666666667
10511	9983	10.626666666666667
18147	17779	13.531666666666666
12911	stop_9_18	12.120000000000001
10016	12908	9.004999999999999
11478	stop_323_126219	12.586666666666668
13054	stop_213_31139	0.7233333333333333
13645	12350	12.53
10264	18183	9.788333333333332
10201	17342	16.225
10788	9647	11.835
10113	9142	12.858333333333333
10560	12009	14.423333333333334
13001	stop_296_62329	9.816666666666666
7421	13050	12.135
10648	7893	6.715
11536	12242	8.671666666666665
stop_5_11	stop_230_36539	8.328333333333333
17706	17543	15.363333333333333
8799	7472	19.038333333333334
7885	7822	7.765
11622	13422	8.576666666666666
8403	10848	14.318333333333333
12427	13729	8.54
8373	7398	12.45
7908	stop_203_12539	10.413333333333332
7999	8409	14.545
11913	7511	12.698333333333332
stop_276_56129	stop_424_287019	14.258333333333333
11136	17817	7.653333333333333
12996	14082	8.731666666666666
18150	17308	13.183333333333334
stop_264_45429	stop_265_45719	8.853333333333333
13846	13854	10.65
12881	stop_199_11229	7.696666666666667
10465	8217	6.026666666666667
8250	17317	7.766666666666667
7536	8708	8.031666666666666
8613	13399	6.005
13706	17560	10.293333333333333
7936	stop_571_303729	8.28
13492	12930	13.341666666666667
18239	14154	6.223333333333333
7398	12595	12.915
13802	7566	7.966666666666667
13661	stop_323_126229	8.838333333333333
7481	17964	10.508333333333333
7483	17965	17.695
9482	13165	7.886666666666667
13018	stop_267_45919	1.3483333333333334
17540	7375	7.756666666666666
17849	17722	11.45
18335	stop_1494_373129	9.518333333333334
12304	stop_1491_372329	15.861666666666668
12303	7371	10.611666666666668
9609	9611	7.6433333333333335
18202	stop_342_268529	8.401666666666667
13180	13186	2.67
13586	stop_224_35929	11.403333333333334
7368	stop_1489_127119	12.093333333333334
stop_216_31919	stop_782_314119	6.486666666666666
8249	8974	5.716666666666667
17831	8339	11.811666666666667
18244	stop_202_12419	12.446666666666665
7538	10074	9.268333333333334
7512	stop_222_35729	13.275
18128	9038	12.645000000000001
10559	stop_1487_373619	13.508333333333333
8090	8097	5.135000000000001
17891	stop_1494_373129	5.4383333333333335
12911	12901	3.103333333333333
11909	stop_187_7129	11.43
9119	stop_318_96019	11.860000000000001
10274	stop_572_303819	13.176666666666668
13695	18312	6.558333333333334
8248	11474	8.178333333333333
13444	9171	9.195
11009	stop_238_37819	15.045
stop_188_7219	stop_322_117319	14.266666666666667
10123	13094	7.55
17566	17478	16.45
12323	8710	5.178333333333333
12324	10401	17.64
13075	13070	7.508333333333334
10260	12415	9.821666666666665
10115	stop_306_71629	6.4783333333333335
13333	13380	14.83
13119	13193	10.71
8670	8243	14.421666666666665
12905	stop_330_254319	2.2133333333333334
8123	12964	14.091666666666667
10732	10734	6.093333333333334
10465	stop_841_317619	6.035
17703	17478	4.866666666666666
11305	10549	11.9
9139	8419	11.979999999999999
10135	10467	3.805
8365	8366	0.9450000000000001
7951	8478	10.936666666666667
13670	stop_574_304019	0.9816666666666667
stop_322_117329	stop_1234_362119	8.116666666666667
9889	17628	20.958333333333332
12954	7929	10.906666666666666
18065	13686	3.585
10117	10118	4.12
8097	8091	0.9
11237	11305	12.766666666666667
8898	stop_322_117319	5.826666666666667
13686	12378	9.84
12402	stop_188_7219	0.095
17833	9586	5.6033333333333335
18244	12022	5.556666666666667
13177	stop_282_57529	7.763333333333334
17567	17545	5.316666666666666
stop_189_7329	stop_322_117329	5.6850000000000005
11174	11172	5.206666666666666
11732	7880	5.908333333333333
8644	8222	4.1433333333333335
8374	7387	3.9699999999999998
12846	stop_291_61119	16.121666666666666
18343	stop_1076_317419	11.478333333333333
10503	13637	9.895000000000001
14054	13235	4.706666666666666
8950	13474	9.958333333333334
11977	stop_204_12619	10.938333333333333
8161	13650	7.77
12302	10166	11.2
stop_852_324229	stop_1234_362119	14.281666666666666
18147	7492	11.870000000000001
7494	7493	2.2550000000000003
13543	13084	15.75
18291	12899	10.5
10510	13738	10.273333333333333
8367	10052	5.108333333333333
11174	13754	15.888333333333332
stop_202_12429	stop_335_260829	14.405
8432	13127	11.155
7419	9916	11.785
7910	stop_207_12919	13.59
13696	stop_255_42929	6.461666666666667
13330	13637	11.31
13905	12402	10.121666666666666
12144	8327	14.061666666666667
12545	8171	11.55
12975	13485	14.311666666666667
13122	13124	9.006666666666666
18295	12899	7.411666666666666
8409	7993	9.96
13544	13545	0.5083333333333333
8296	8305	9.708333333333334
17716	17718	1.7416666666666667
13444	18241	15.71
10543	11651	22.095000000000002
10056	8617	8.693333333333333
9034	13708	2.1883333333333335
13587	stop_221_32519	14.745000000000001
18341	10167	8.388333333333334
9638	10788	8.141666666666667
11321	stop_225_36019	17.785
13631	stop_213_31139	10.685
11563	13337	9.691666666666666
8770	7950	14.585
9171	11438	4.721666666666667
8980	9041	11.58
10602	stop_1102_347019	5.721666666666667
13114	17958	10.67
17849	17857	2.8366666666666664
12353	stop_253_42329	13.868333333333334
12010	12967	12.055
12594	stop_1486_372429	5.993333333333334
9688	17827	10.0
8613	9874	24.321666666666665
12537	8152	36.69666666666667
7930	8408	11.639999999999999
13418	13407	0.26
8899	stop_335_260829	11.803333333333335
stop_203_12529	stop_204_12639	7.8566666666666665
9118	stop_199_11219	1.8383333333333334
10185	10277	4.486666666666666
8381	10466	13.22
11816	11807	6.358333333333333
stop_273_46519	stop_273_46529	0.6166666666666667
8145	stop_305_71529	9.863333333333333
7477	7489	15.458333333333334
13850	13851	1.525
8402	stop_571_303719	12.145000000000001
9050	stop_1234_362129	12.441666666666666
12364	18363	14.283333333333333
12022	stop_335_260829	9.106666666666666
7893	stop_221_32529	4.498333333333333
stop_314_92219	stop_314_92229	0.035
12951	stop_240_38229	12.038333333333332
10562	10240	12.225
10210	13680	13.403333333333334
12304	7379	9.403333333333334
10648	stop_224_35919	7.485
8147	8138	6.715
9454	11552	18.418333333333333
9505	stop_338_56919	15.74
13789	stop_313_86729	6.621666666666667
12869	stop_233_36929	13.973333333333333
14029	17715	9.481666666666666
8362	8632	9.091666666666667
13347	17346	5.378333333333333
17544	stop_1494_373119	6.489999999999999
18385	18386	11.423333333333334
stop_222_35719	stop_852_324219	7.651666666666667
13660	12917	5.819999999999999
12717	12966	10.35
9926	13710	13.045
18033	7717	11.618333333333334
12841	stop_314_92219	15.983333333333333
8112	stop_314_92229	15.278333333333334
10125	13095	12.754999999999999
stop_203_12559	stop_205_12719	7.305000000000001
13836	13839	10.748333333333333
8523	stop_310_74719	8.655
17416	10379	6.166666666666667
9461	13111	8.596666666666666
13072	13075	8.976666666666667
10257	18345	10.96
10931	10932	1.65
9050	8604	12.016666666666667
8414	10877	13.45
12951	stop_329_253919	0.8216666666666667
10700	stop_568_303219	12.813333333333333
7423	13260	14.648333333333333
14005	stop_840_317519	6.056666666666667
13719	stop_279_57119	9.504999999999999
11915	18004	21.248333333333335
7369	17965	13.588333333333333
stop_307_71819	stop_1343_364729	12.173333333333334
12911	stop_254_42429	1.4283333333333335
14165	12966	14.16
18161	17957	11.423333333333334
13680	18345	4.306666666666667
12586	10823	12.85
17545	12309	10.041666666666666
8197	8170	11.883333333333333
13688	10877	8.860000000000001
13615	9935	13.228333333333333
13420	8903	12.816666666666666
stop_204_12629	stop_222_35739	13.208333333333334
10481	12502	12.78
12962	13706	5.364999999999999
8020	stop_13_25	14.753333333333334
8505	17782	11.075
8474	7524	9.471666666666666
12887	11516	4.801666666666667
12666	12667	0.0016666666666666668
7416	12305	13.058333333333334
8089	7813	14.110000000000001
12298	stop_852_324229	13.373333333333333
10180	10181	9.785
7948	stop_252_42019	8.963333333333333
7394	8326	15.42
8898	7512	11.245000000000001
17876	stop_1280_364329	10.671666666666665
8634	9814	14.936666666666667
13052	stop_202_12429	3.17
7515	17774	7.5183333333333335
13645	8415	9.676666666666668
8060	17684	9.46
10448	10546	4.831666666666666
17939	17956	13.581666666666667
12907	12931	11.113333333333333
10037	10041	2.165
18329	8326	10.901666666666667
7822	stop_216_31929	0.15166666666666667
18343	12936	16.271666666666665
7518	13261	14.718333333333334
7365	10053	5.61
13058	stop_258_44219	5.9783333333333335
8604	stop_5_10	8.341666666666667
12358	13397	16.066666666666666
9119	13179	16.203333333333333
13820	9830	8.645000000000001
12935	stop_1076_317419	18.628333333333334
8584	17956	14.628333333333334
17916	12931	13.183333333333334
stop_186_7029	stop_570_303629	9.898333333333333
10109	12851	13.485000000000001
8187	14005	9.151666666666667
7454	12319	12.195
7571	18272	6.741666666666666
17537	10164	4.413333333333333
18162	9590	9.388333333333332
10165	17891	9.223333333333333
stop_276_56129	stop_277_56729	11.401666666666667
stop_293_61319	stop_361_282119	11.388333333333332
9171	11331	5.608333333333333
17954	17956	6.701666666666667
7991	18157	9.663333333333332
10199	18258	12.79
8801	stop_188_7219	13.53
12948	8332	4.069999999999999
9723	stop_1280_364339	11.258333333333333
7993	stop_239_37929	10.0
10545	11658	9.233333333333333
10037	11234	15.948333333333332
9642	13841	6.126666666666667
10052	17891	15.443333333333333
stop_338_56919	stop_820_315819	6.423333333333333
10603	stop_1103_347129	2.95
17762	7509	18.928333333333335
12466	stop_339_62129	5.84
11977	12402	8.158333333333333
11170	stop_299_63219	14.53
12989	stop_299_63229	10.553333333333335
10170	13002	3.9266666666666667
10855	8076	1.8316666666666668
9433	9751	11.938333333333333
8182	stop_304_68229	10.083333333333334
stop_246_40819	stop_313_86729	5.425
stop_232_36819	stop_232_36829	1.25
9386	17273	10.396666666666667
17940	stop_5_11	4.6066666666666665
7432	12457	2.605
18159	7880	9.628333333333334
9549	12986	6.125
13900	18304	13.69
12966	stop_335_260819	5.611666666666666
7498	18290	6.428333333333333
8249	8790	12.793333333333333
8125	10855	8.103333333333333
13715	8899	7.75
18092	7483	19.535
7396	18367	14.333333333333334
stop_225_36019	stop_280_57219	11.045
stop_293_61329	stop_314_92219	5.183333333333334
10700	stop_224_35949	12.571666666666665
17545	stop_1490_366229	11.275
13672	8355	9.791666666666666
stop_8_15	stop_1556_381019	15.825
13030	11118	10.004999999999999
12870	stop_425_287119	17.675
10495	12240	12.604999999999999
7488	18028	10.646666666666667
13330	10838	8.926666666666668
8970	8972	9.29
10569	13960	15.716666666666667
13023	12898	11.186666666666667
12410	12330	3.503333333333333
18288	stop_189_7319	11.631666666666666
12070	stop_188_7229	13.535
18297	7952	10.235000000000001
13058	7969	11.831666666666667
7489	17836	10.808333333333334
13705	17718	10.886666666666667
9542	8137	13.878333333333334
13238	13199	10.193333333333333
stop_320_105119	stop_320_105129	1.4316666666666669
10717	10064	8.601666666666667
7970	stop_257_43519	6.201666666666667
17809	12670	3.8866666666666663
10149	13681	10.658333333333333
18274	stop_219_32219	10.808333333333334
18238	17877	10.261666666666667
7977	7980	11.521666666666667
18310	stop_250_41819	11.668333333333333
8604	17918	14.211666666666668
12140	13707	8.176666666666668
8414	13653	14.596666666666666
stop_12_21	stop_12_24	2.3216666666666668
8253	8789	12.921666666666665
13101	13103	0.31166666666666665
10648	stop_278_57019	12.361666666666668
7386	8371	4.378333333333333
10016	10848	9.836666666666668
10510	18370	8.961666666666668
stop_13_27	stop_246_40839	13.586666666666668
stop_310_74719	stop_1280_364319	11.723333333333333
11514	11955	10.395000000000001
8361	stop_219_32219	13.545
stop_1_1	stop_258_44219	14.903333333333334
stop_223_35819	stop_224_35929	8.673333333333334
13645	13688	15.1
stop_321_115419	stop_338_56929	13.468333333333334
10064	13049	14.381666666666666
12668	9545	8.005
13746	7482	7.23
12326	12350	2.925
10392	17393	5.346666666666667
9895	18389	7.766666666666667
11008	10849	12.906666666666666
9119	13631	8.806666666666667
stop_259_44919	stop_261_45129	18.646666666666665
12910	stop_12_21	8.035
stop_292_61229	stop_343_268619	4.578333333333333
13171	13167	6.585
10597	12054	9.53
12749	12750	1.3866666666666667
13615	10500	12.681666666666667
13723	stop_1103_347119	11.993333333333334
11282	17379	17.825
10352	10351	11.808333333333334
9490	stop_334_258219	6.155
13538	18258	23.720000000000002
7891	stop_852_324219	8.516666666666667
10612	14006	12.666666666666666
8373	18265	16.575
7395	8325	15.455
18329	17560	9.703333333333335
13183	stop_225_36029	16.081666666666667
12943	12946	10.696666666666665
7411	14165	11.17
stop_214_31319	stop_1487_373619	14.805
13036	stop_292_61229	8.653333333333334
17282	10842	14.126666666666667
17549	stop_1486_372439	1.9533333333333334
18332	8710	11.601666666666667
13628	7375	14.985000000000001
17268	9386	14.065
stop_1489_127119	stop_1490_366219	6.286666666666666
10124	12415	10.488333333333333
7398	8325	3.0949999999999998
12985	8112	14.16
13718	7511	9.606666666666666
8339	8338	10.176666666666668
8130	12964	9.276666666666667
8325	stop_183_6119	3.9616666666666664
7498	12943	11.891666666666667
10209	10039	4.038333333333333
stop_186_7039	stop_189_7349	10.281666666666666
17417	17393	12.423333333333334
8305	17928	5.238333333333333
13032	11961	6.75
17705	17552	8.613333333333333
stop_183_6119	stop_570_303619	5.496666666666667
8439	10975	8.008333333333333
17258	stop_1343_364719	1.9566666666666668
13080	7809	8.176666666666668
8391	10509	9.288333333333332
10055	17537	0.9933333333333334
8249	11475	9.098333333333333
12935	12936	2.3133333333333335
12909	12900	0.92
17538	17892	10.94
9026	17965	14.625
14029	13538	4.736666666666666
12718	11913	5.466666666666667
9119	stop_782_314119	12.09
18359	11305	13.303333333333335
8089	stop_226_36119	13.516666666666667
8408	12948	4.905
stop_307_71819	stop_841_317639	8.511666666666667
12926	stop_275_56019	6.5633333333333335
8898	18244	5.528333333333333
13305	13306	0.9116666666666667
17765	12145	18.448333333333334
8113	8412	8.706666666666667
8405	7983	6.298333333333333
12910	18080	7.486666666666666
9120	stop_311_82329	10.639999999999999
12870	13670	7.013333333333334
12880	stop_575_304129	2.2849999999999997
8906	13639	12.238333333333333
10603	9505	18.066666666666666
8145	10115	11.104999999999999
9166	stop_574_304019	11.885
8088	8098	14.158333333333333
8634	12332	16.836666666666666
8604	17910	8.835
8192	stop_304_68219	11.566666666666666
8032	8335	5.458333333333333
12964	13661	13.938333333333333
7416	12145	7.383333333333334
18291	stop_248_41319	8.565
12567	8403	7.8100000000000005
13670	stop_1495_373529	6.54
8075	stop_277_56719	9.843333333333334
12263	13226	8.885
17392	12349	12.771666666666667
12531	stop_1076_317419	3.5383333333333336
9722	13062	2.1633333333333336
stop_224_35929	stop_279_57139	12.576666666666666
7928	7993	6.663333333333333
8190	13004	10.725
12883	stop_246_40849	6.298333333333333
18295	stop_248_41319	13.379999999999999
13749	13686	7.048333333333333
12719	10602	11.135
7437	8419	11.226666666666667
7439	9026	9.715
17586	17713	4.8100000000000005
13675	12409	9.878333333333334
stop_282_57529	stop_283_57619	4.575
8372	18329	5.5633333333333335
17775	13629	14.99
7804	11248	11.45
8335	stop_253_42319	13.715
12886	10116	10.921666666666665
13317	10178	10.783333333333333
17541	17717	12.318333333333333
stop_280_57219	stop_338_56919	12.576666666666666
7496	9030	5.568333333333333
13446	18239	9.55
17576	17697	13.446666666666665
17655	17654	1.6233333333333335
8205	11170	1.9916666666666667
12926	17959	11.541666666666666
12911	stop_12_19	10.428333333333335
17537	17590	6.1
10346	18275	2.525
stop_202_12429	stop_1234_362129	2.9050000000000002
9067	9069	5.948333333333333
13107	13112	6.591666666666667
13905	13906	0.8633333333333333
18349	13606	14.360000000000001
13054	stop_216_31929	9.876666666666667
12356	stop_328_253829	10.365
8363	stop_213_31139	23.36
13445	18242	8.646666666666667
11678	11677	4.375
10063	7418	15.19
9981	14028	10.245000000000001
10401	10383	13.045
13183	8103	5.656666666666666
10783	12232	6.575
stop_186_7029	stop_186_7039	1.65
10498	9967	5.11
10560	12967	5.756666666666666
stop_272_46429	stop_342_268529	10.601666666666667
13001	stop_298_63029	8.116666666666667
10648	12010	12.615
12318	12950	13.658333333333333
14047	10957	9.241666666666667
13018	stop_9_17	12.57
7948	stop_9_17	15.776666666666667
stop_5_11	stop_233_36919	8.941666666666666
8898	10991	13.788333333333332
9781	9360	4.7266666666666675
8169	13677	10.281666666666666
8223	11237	14.205
8373	18285	6.608333333333333
8794	13169	15.32
9586	9585	0.3
7951	stop_12_20	10.75
12718	stop_852_324249	1.3483333333333334
7950	stop_12_20	13.421666666666665
7908	stop_204_12629	16.98
7509	13640	6.013333333333334
11913	12959	15.118333333333334
14050	13236	39.27833333333333
10429	10430	4.235
12840	11311	11.71
10015	stop_571_303719	7.333333333333333
13260	13535	7.956666666666666
7492	17835	5.941666666666666
13653	14082	17.175
7500	8404	9.798333333333334
7720	13643	3.65
7413	7416	9.116666666666667
7930	13486	9.981666666666666
13706	8328	15.343333333333334
8266	18123	2.1683333333333334
13492	13660	12.7
7366	13746	11.471666666666666
7398	17547	8.161666666666667
13378	9416	4.801666666666667
8899	stop_1234_362129	11.965
10877	13677	10.398333333333333
13018	stop_272_46429	13.148333333333333
10075	11926	11.685
9649	9650	7.428333333333333
13862	10687	5.203333333333333
8089	8104	8.486666666666666
17547	stop_1486_372429	1.6216666666666666
13007	13031	0.535
13819	10466	4.963333333333334
18232	7412	14.696666666666665
12303	9981	14.313333333333333
13180	8362	12.875
13586	stop_225_36029	9.246666666666666
12897	13710	15.368333333333334
8020	7957	12.751666666666667
12022	stop_1234_362129	8.203333333333333
13215	11700	11.479999999999999
13666	12930	6.8533333333333335
stop_1493_373029	stop_1494_373129	11.945
8643	8644	7.623333333333333
8975	11636	12.415
7495	17929	7.216666666666667
18161	8584	12.354999999999999
18328	stop_243_39219	10.606666666666666
11681	11678	5.819999999999999
7999	stop_243_39229	6.296666666666667
9899	8599	6.758333333333334
13738	17690	3.61
9980	9981	1.3366666666666667
11009	stop_240_38229	8.331666666666667
11509	stop_316_94629	12.573333333333332
8789	11474	13.795
12900	stop_571_303729	7.675
8000	8405	8.693333333333333
18284	10267	5.5633333333333335
17714	stop_1486_372439	11.381666666666666
11433	stop_386_285929	11.028333333333334
8359	10603	11.110000000000001
12883	stop_575_304119	14.046666666666665
11471	11845	14.785
13679	stop_276_56129	8.53
10444	13327	17.14333333333333
9923	7957	10.78
10154	17317	13.808333333333334
10164	17539	9.338333333333333
11508	18030	11.945
7400	12938	18.711666666666666
9139	7494	11.431666666666667
10245	12988	1.7716666666666667
8265	11457	17.148333333333333
17606	17851	6.076666666666667
9032	17929	9.535
7951	13696	6.675
8248	9856	1.0783333333333334
18025	8097	14.55
8414	9714	10.603333333333333
10092	10084	11.983333333333333
11305	12377	11.953333333333335
13178	8363	12.886666666666667
13486	stop_329_253929	12.296666666666665
7999	7929	10.646666666666667
8103	stop_282_57519	0.08499999999999999
10559	13723	14.096666666666666
7534	17975	6.196666666666667
11810	9695	8.038333333333334
11575	11585	10.216666666666667
11550	9454	11.578333333333335
11237	10136	7.788333333333333
7811	stop_311_82329	10.608333333333333
11009	8402	15.478333333333333
12902	13696	6.578333333333333
8584	13672	1.2116666666666667
11955	stop_1495_373519	7.908333333333333
12402	stop_189_7339	9.743333333333334
13034	13715	11.961666666666668
13688	9714	15.031666666666666
18244	13052	13.375
13177	stop_284_57729	15.433333333333334
12351	9490	9.979999999999999
18333	7480	3.7449999999999997
8404	7929	6.301666666666667
18056	12876	14.873333333333333
12531	12936	17.011666666666667
12846	stop_293_61319	11.263333333333332
11508	8125	10.79
11658	12582	8.965
18271	17381	20.873333333333335
11977	stop_205_12729	8.201666666666666
8168	8197	7.421666666666667
8190	stop_334_258229	12.261666666666667
10046	13925	7.493333333333334
10257	12560	8.488333333333333
7494	7503	14.715
18291	13651	8.398333333333333
13669	8327	11.903333333333334
13804	13807	6.98
9001	9000	11.483333333333333
11652	12582	17.61
13696	stop_259_44919	16.935
7395	7410	12.455
13617	stop_272_46419	14.639999999999999
8248	8252	10.183333333333334
9493	12541	2.5266666666666664
13942	9783	9.93
18332	18292	2.3233333333333333
10546	10547	1.2233333333333334
7961	11742	14.896666666666667
stop_285_58429	stop_344_268729	7.108333333333333
13680	12560	8.005
18295	13651	10.631666666666666
10055	17589	4.691666666666666
11797	11806	10.905
17283	stop_344_268719	12.686666666666667
8212	10491	10.848333333333333
9034	12953	9.43
8359	12472	9.448333333333332
8056	17510	15.031666666666666
17861	stop_272_46419	9.955
10231	10079	13.998333333333333
8114	stop_291_61119	13.155
10241	10269	2.085
18248	14029	10.318333333333333
12070	12717	9.020000000000001
12931	stop_13_26	6.223333333333333
17721	17726	5.91
stop_183_6119	stop_186_7029	14.663333333333332
11170	12850	13.716666666666667
11211	11213	8.575
8137	stop_297_62429	8.818333333333333
13631	stop_216_31929	8.26
17501	12571	13.158333333333333
13339	13383	7.52
13534	7358	8.716666666666667
13905	stop_186_7029	9.07
14006	stop_302_67919	9.44
18334	8617	10.785
12010	12941	12.988333333333333
stop_225_36019	stop_227_36229	10.961666666666668
10170	stop_299_63229	12.198333333333332
14166	12401	10.196666666666665
10210	10211	0.37
18329	stop_1486_372419	9.948333333333332
7840	13209	16.726666666666667
12474	9590	24.223333333333336
17586	stop_1491_372319	1.5433333333333332
18292	10015	6.783333333333333
10001	10064	9.396666666666667
17914	stop_246_40819	9.386666666666667
8145	stop_307_71829	12.896666666666667
12341	17692	6.3933333333333335
12307	10081	7.15
11614	13414	8.203333333333333
17784	9618	9.198333333333332
8325	stop_570_303629	9.256666666666666
12966	stop_1234_362119	13.298333333333334
stop_8_15	stop_199_11219	5.921666666666667
7893	stop_223_35819	7.576666666666667
11951	13891	11.263333333333332
13134	13146	15.055
10328	13792	7.79
12951	stop_242_38829	6.1066666666666665
8317	12861	0.85
10648	stop_225_36019	11.08
17264	17273	6.675
7488	17583	8.636666666666667
8970	13249	13.4
12326	stop_302_67929	9.771666666666667
18287	stop_328_253829	12.983333333333333
17544	stop_1552_378519	15.941666666666666
13660	8135	14.063333333333333
11603	11592	5.125
11515	12870	12.936666666666667
9895	stop_253_42329	1.0983333333333334
8021	stop_253_42329	6.761666666666667
7412	7515	8.693333333333333
10114	stop_305_71519	7.666666666666667
7509	7385	5.515
13492	17955	11.935
13133	13134	0.8583333333333333
8018	stop_250_41819	7.066666666666666
17245	18064	5.395
stop_219_32219	stop_1102_347029	7.123333333333333
9023	9735	12.925
9049	stop_386_285919	9.82
12677	stop_278_57019	10.26
7971	7970	5.371666666666667
9170	9859	6.536666666666666
7956	stop_253_42329	7.696666666666667
13687	13330	20.133333333333333
17539	18334	15.881666666666666
17779	17583	1.6683333333333332
12952	8299	14.786666666666667
13063	stop_841_317650	0.8133333333333332
13719	stop_280_57229	13.578333333333335
13864	8909	5.183333333333334
10378	17386	15.831666666666667
stop_297_62429	stop_298_63049	5.793333333333334
10872	13189	7.3100000000000005
13062	10842	10.471666666666666
8300	8248	7.010000000000001
17274	9859	12.663333333333332
8342	12535	12.123333333333333
17552	18150	18.746666666666666
13329	13330	1.335
12409	13728	12.473333333333333
13671	stop_316_94629	15.786666666666667
13615	9938	13.8
12950	8299	6.6066666666666665
18307	14006	9.076666666666666
11913	stop_852_324219	6.841666666666667
10449	12405	11.370000000000001
12326	13688	17.118333333333332
stop_782_314119	stop_1487_373629	5.66
12357	7495	11.641666666666667
12962	12595	11.085
18029	stop_323_126229	10.433333333333334
13492	17939	10.678333333333335
9895	8021	5.944999999999999
8187	18307	13.69
9810	10760	11.376666666666667
17795	11813	9.948333333333332
13354	13355	1.1216666666666666
8898	13053	14.438333333333333
9878	stop_219_32229	9.25
13052	stop_203_12549	12.273333333333333
14041	8935	12.34
10318	10497	8.371666666666666
stop_221_32519	stop_1103_347119	14.788333333333332
9034	12357	4.1066666666666665
10448	10449	9.228333333333333
17543	17965	12.853333333333333
11321	12845	10.586666666666668
9044	11355	8.185
7811	stop_957_333819	11.536666666666667
12907	18295	12.513333333333332
8057	9141	8.12
7822	stop_219_32229	7.645
12521	13063	1.8416666666666666
18314	9147	4.441666666666666
17541	12595	14.57
stop_275_56019	stop_424_287029	14.046666666666665
9119	13186	15.96
stop_298_63039	stop_299_63219	8.751666666666667
10499	stop_1_1	16.743333333333332
10078	10077	0.7666666666666667
10497	9532	7.216666666666667
12932	9147	12.081666666666667
stop_292_61219	stop_314_92249	7.09
12009	stop_325_136019	0.8266666666666667
10559	stop_224_35929	15.2
9171	11335	12.531666666666666
17478	9138	21.073333333333334
13081	stop_267_45939	6.96
12240	11188	21.31
18290	17929	8.401666666666667
12948	12957	6.03
7729	7734	0.6366666666666667
10168	stop_346_269019	10.045
11563	7729	5.151666666666667
7993	stop_241_38329	5.331666666666666
13973	10328	4.6899999999999995
stop_13_26	stop_313_86719	7.6433333333333335
11977	7407	14.871666666666666
12989	stop_301_63729	4.87
12954	7928	12.308333333333334
10170	12992	8.105
10855	8077	7.1033333333333335
12887	stop_234_37019	10.986666666666668
10168	12862	8.31
11970	8862	19.18
13079	7711	5.951666666666667
8528	11332	13.835
stop_11_22	stop_289_58919	11.183333333333334
7891	13722	12.014999999999999
12300	10210	10.188333333333333
12975	stop_245_40729	4.653333333333333
13052	7461	8.103333333333333
stop_1492_372619	stop_1493_373019	6.2
18297	18292	11.998333333333333
12941	stop_219_32239	8.59
12905	stop_1_2	14.223333333333333
stop_232_36819	stop_234_37029	8.621666666666666
17711	18385	21.625
11680	11651	25.371666666666666
13054	8088	18.616666666666667
7983	stop_239_37919	7.361666666666666
stop_186_7039	stop_322_117329	15.696666666666665
17567	7369	13.173333333333334
18092	8419	10.318333333333333
12876	stop_245_40729	15.496666666666666
11914	18008	10.713333333333333
13058	17691	10.875
12940	7820	3.49
7505	7483	12.315
18023	18284	11.171666666666665
10477	9753	8.395
stop_293_61329	stop_314_92259	3.546666666666667
12957	stop_242_38819	8.611666666666668
17545	stop_1492_372629	10.006666666666666
17552	stop_1493_373019	16.470000000000002
12923	12355	8.01
10495	10356	15.631666666666666
13042	stop_186_7029	6.305000000000001
7804	stop_282_57529	23.065
7488	7493	6.388333333333334
stop_320_105129	stop_1076_317429	15.979999999999999
13447	13686	13.576666666666666
12410	10125	14.008333333333333
stop_189_7339	stop_335_260829	4.571666666666667
7630	12588	9.501666666666667
11023	11025	11.206666666666667
8419	12310	12.393333333333334
8972	9041	9.466666666666667
12070	stop_189_7349	7.930000000000001
13135	13145	6.888333333333334
8299	stop_242_38819	7.5600000000000005
7489	8297	10.893333333333334
18144	13760	9.016666666666667
9542	10116	11.783333333333333
stop_199_11219	stop_246_40829	12.9
7439	17779	9.263333333333332
11815	10943	14.086666666666668
8017	stop_248_41319	14.766666666666667
8734	8736	9.645000000000001
7411	18274	12.496666666666666
17247	10168	6.318333333333333
7381	17714	6.91
12351	12326	9.586666666666668
9504	8228	9.71
8669	8223	7.845
8206	14130	14.603333333333333
8315	stop_275_56029	18.303333333333335
13002	10724	12.866666666666667
10480	13300	13.096666666666666
11462	11463	0.44166666666666665
7511	stop_203_12529	6.831666666666666
8253	18127	8.198333333333332
12576	12572	24.970000000000002
10753	8971	1.77
7969	stop_342_268519	11.121666666666666
7434	18321	8.981666666666666
7404	12594	2.9616666666666664
14053	7542	7.625
11472	18239	13.44
12472	stop_277_56729	11.165
stop_13_27	stop_250_41819	5.98
8478	stop_253_42319	11.146666666666667
8361	stop_221_32529	17.328333333333333
12298	12009	10.433333333333334
13746	12314	11.296666666666665
12886	stop_841_317639	7.3983333333333325
17380	17378	6.3966666666666665
7964	stop_342_268519	7.208333333333333
12357	17311	16.898333333333333
18285	17714	9.056666666666667
13945	13930	11.595
7813	stop_1102_347019	6.52
13660	17959	9.591666666666667
12145	12303	11.726666666666667
18389	stop_12_20	7.151666666666667
11433	stop_204_12639	7.2683333333333335
18038	18037	10.129999999999999
13941	17887	7.265
8615	stop_841_317650	7.3933333333333335
11281	18256	18.861666666666668
12928	stop_296_62319	21.08
14009	14012	0.8133333333333332
13337	13350	1.3883333333333332
18275	13533	8.416666666666666
17660	17661	1.4783333333333333
10121	10260	15.25
8076	stop_323_126219	11.205
stop_203_12549	stop_386_285929	9.795
18310	8015	11.004999999999999
12909	stop_13_27	7.305000000000001
7946	stop_13_28	8.546666666666665
12992	stop_298_63029	1.0966666666666667
12943	12952	14.971666666666666
7426	14165	4.543333333333334
10225	10045	6.696666666666667
12940	stop_214_31319	9.808333333333334
13854	12744	10.431666666666667
18049	13543	11.761666666666667
7998	stop_237_37729	13.113333333333333
8672	13666	9.268333333333334
13822	9961	7.213333333333334
7804	10559	13.051666666666668
13023	18328	11.821666666666665
13661	stop_952_331019	8.091666666666667
8614	13697	3.703333333333333
10184	10090	9.483333333333333
7885	stop_219_32219	1.075
11542	7754	14.413333333333332
13718	12959	8.555
stop_187_7119	stop_568_303219	11.051666666666668
stop_222_35719	stop_568_303239	12.258333333333333
8130	12917	2.8916666666666666
17585	17562	6.783333333333333
7498	8409	9.193333333333333
7459	7463	14.754999999999999
13446	9171	6.963333333333334
12917	11478	12.78
stop_222_35739	stop_1487_373619	11.275
17389	10395	8.823333333333332
8537	stop_237_37729	12.83
8201	18308	3.9183333333333334
17705	17478	6.283333333333333
12317	8632	12.715
stop_302_67929	stop_303_68129	10.615
10055	10050	9.295
stop_290_61029	stop_314_92239	10.098333333333333
8147	stop_306_71619	13.113333333333333
11654	8777	13.863333333333333
12946	stop_241_38319	0.9816666666666667
12985	stop_314_92229	4.4383333333333335
11636	11638	0.855
18285	stop_183_6119	14.92
11977	9878	12.633333333333333
12577	13483	33.32
18359	10136	10.881666666666666
stop_188_7219	stop_852_324229	9.84
8408	8537	12.125
14130	stop_1343_364719	15.620000000000001
12926	stop_276_56139	2.65
7358	18345	12.041666666666666
13975	13973	4.376666666666667
8211	8192	13.895000000000001
stop_841_317619	stop_841_317630	2.33
13855	8804	27.916666666666668
12312	7477	15.573333333333332
9149	stop_568_303239	11.008333333333333
18294	12934	10.928333333333335
12134	12140	1.23
7367	7480	8.426666666666668
18157	11729	8.075
stop_214_31329	stop_216_31929	5.2716666666666665
8032	12901	8.611666666666668
12964	12929	7.531666666666666
9551	stop_1_1	10.22
11079	stop_187_7129	12.270000000000001
stop_227_36219	stop_325_136029	13.543333333333333
7463	7477	2.335
12946	stop_329_253929	11.571666666666665
12506	13135	13.975
8234	8364	8.553333333333335
12263	9865	6.989999999999999
11306	stop_279_57129	13.115
17392	10401	6.114999999999999
stop_568_303239	stop_852_324239	6.61
9722	8522	7.591666666666667
7928	8298	10.073333333333332
18295	stop_252_42019	6.308333333333334
9119	13054	4.696666666666667
8898	stop_852_324229	12.911666666666667
14040	17712	11.461666666666668
13081	12354	19.276666666666664
11019	18207	11.754999999999999
11432	stop_202_12429	10.891666666666667
13715	18274	14.131666666666666
13675	10127	9.588333333333333
stop_188_7229	stop_335_260819	8.961666666666668
7624	12587	16.048333333333332
7820	stop_1487_373629	9.038333333333332
17877	18243	6.555000000000001
13444	18237	10.101666666666667
8899	stop_189_7349	7.503333333333333
8599	stop_291_61119	5.53
stop_189_7329	stop_852_324239	9.293333333333333
7804	12940	11.79
8335	stop_255_42919	7.915
7527	7536	11.173333333333334
12886	10115	10.591666666666667
7379	17541	8.206666666666667
8934	17712	22.861666666666668
13348	9752	11.375
7534	10234	6.84
11171	11172	0.11333333333333333
17918	stop_203_12519	1.9016666666666666
7894	stop_279_57139	6.673333333333333
12022	stop_189_7349	12.825
17549	17713	12.621666666666666
8205	10118	12.085
7457	stop_1495_373519	9.513333333333332
17736	13977	3.6983333333333333
9030	10324	14.733333333333333
17940	12877	7.236666666666666
13760	17958	10.585
18277	17381	8.83
7813	12967	8.273333333333333
8146	14127	4.051666666666667
13412	11476	3.5266666666666664
stop_224_35929	stop_1103_347129	11.225
12426	12427	0.33999999999999997
12984	stop_344_268719	4.573333333333333
8363	stop_216_31929	14.435
12746	13850	8.418333333333333
stop_322_117319	stop_335_260819	6.61
12907	7948	15.416666666666666
10063	17775	9.72
stop_207_12919	stop_232_36829	9.331666666666667
7905	13586	16.426666666666666
8526	18240	5.111666666666666
7472	stop_207_12919	12.578333333333335
18295	18310	6.035
10560	12941	10.601666666666667
12318	11420	9.356666666666666
13816	12135	19.753333333333334
8925	8923	6.858333333333333
9814	stop_841_317630	12.366666666666667
12009	18274	10.965
12885	12886	1.6
9050	stop_322_117329	12.878333333333334
12961	8389	12.778333333333334
8195	10612	11.151666666666667
11977	stop_335_260819	1.51
12959	stop_335_260829	6.991666666666666
14023	14022	0.34833333333333333
9120	8103	18.418333333333333
13651	stop_12_19	6.756666666666666
11432	12958	6.391666666666667
10234	10231	5.376666666666667
14073	18256	14.628333333333334
13482	12573	6.9766666666666675
7492	8305	9.183333333333334
12995	stop_302_67929	12.273333333333333
8523	10172	5.758333333333334
18370	stop_342_268519	13.379999999999999
stop_203_12519	stop_386_285919	10.845
7367	stop_1488_3329	12.978333333333333
7413	7394	13.251666666666667
7450	12310	9.631666666666666
17892	17501	10.748333333333333
7398	8327	8.411666666666667
12323	13485	6.423333333333333
17258	8616	10.395000000000001
13681	12348	9.326666666666666
13789	12880	10.848333333333333
8108	stop_344_268729	7.485
7379	stop_1491_372319	8.653333333333334
8381	10157	12.283333333333333
12717	11432	14.738333333333333
12967	stop_213_31139	10.595
10001	13707	16.008333333333333
7452	stop_237_37719	10.725
8103	12840	9.803333333333335
stop_187_7129	stop_189_7319	9.333333333333334
12931	stop_313_86729	1.7216666666666667
12325	12337	3.4916666666666667
11305	stop_310_74719	9.754999999999999
9904	8095	3.6333333333333333
13546	13078	12.365
7572	13202	15.629999999999999
17561	17587	12.998333333333333
7472	13740	12.05
18390	stop_571_303719	14.096666666666666
8332	stop_237_37719	9.686666666666667
8015	8768	12.321666666666665
11455	18100	8.541666666666666
18152	8645	10.236666666666668
13261	13656	16.926666666666666
9899	12985	12.086666666666668
12875	stop_233_36919	4.283333333333333
7490	7446	3.615
11018	11019	1.8616666666666668
11009	stop_242_38829	9.638333333333332
13486	stop_243_39219	5.135000000000001
8232	10466	10.776666666666667
13161	9717	3.1766666666666667
13811	11214	11.728333333333333
8187	stop_303_68119	11.876666666666667
17590	stop_1489_127119	6.8100000000000005
9549	stop_314_92219	9.173333333333334
9045	11636	10.57
7984	8768	3.69
stop_321_115419	stop_321_115429	0.9633333333333333
13620	9935	9.923333333333334
10037	13716	10.254999999999999
17775	12134	17.529999999999998
10096	10170	8.088333333333333
13816	10135	9.988333333333333
7496	7500	11.996666666666666
stop_241_38329	stop_329_253929	11.004999999999999
12139	10203	4.701666666666667
18016	8859	7.1899999999999995
18029	stop_276_56129	8.905
10000	7420	10.376666666666667
8130	17954	14.818333333333333
9139	17836	10.501666666666667
7991	11009	13.196666666666665
stop_226_36119	stop_1103_347119	14.301666666666668
8666	11727	17.13
9859	11333	11.458333333333334
7971	9935	10.363333333333333
7970	9926	20.141666666666666
12401	7432	7.1016666666666675
18267	18268	8.681666666666667
stop_957_333819	stop_957_333829	1.16
7905	stop_386_285929	3.07
8311	11164	2.8266666666666667
13376	8471	10.24
13346	17346	16.82
11507	stop_321_115419	10.69
8298	10849	5.996666666666667
12366	8415	6.045
13696	17986	14.926666666666668
7410	stop_187_7119	12.315
13719	stop_316_94629	15.41
7999	8299	13.538333333333332
18314	stop_250_41829	6.8516666666666675
stop_338_56929	stop_1103_347119	9.555
13183	stop_214_31329	16.205
18150	7494	10.191666666666666
stop_221_32529	stop_222_35729	8.091666666666667
12998	12997	9.801666666666668
13432	12506	7.86
12899	stop_246_40839	14.835
18100	11457	5.895
stop_214_31319	stop_957_333829	15.846666666666666
13034	18320	12.908333333333333
17679	stop_258_44219	11.97
8088	stop_957_333819	6.04
8404	8299	13.711666666666668
stop_255_42929	stop_259_44919	11.18
12932	stop_250_41829	10.133333333333333
13715	stop_852_324229	9.343333333333334
12962	8325	8.215
11508	8123	4.781666666666666
7447	7494	9.778333333333334
18271	17377	9.423333333333334
9810	18366	11.893333333333334
18274	stop_1487_373629	8.896666666666667
8770	stop_257_43529	12.838333333333333
8447	11666	12.068333333333333
12503	12502	0.47333333333333333
7498	7998	6.71
17566	17965	6.588333333333334
17330	11355	6.868333333333334
13149	12015	11.023333333333333
8032	stop_254_42429	9.995000000000001
18291	18390	9.248333333333333
10125	13728	8.463333333333333
7511	stop_852_324229	7.0216666666666665
17546	8326	5.2733333333333325
stop_299_63229	stop_301_63729	14.823333333333332
10932	8170	14.625
13617	stop_274_46619	12.338333333333333
17668	7449	13.621666666666666
12717	stop_325_136029	12.528333333333334
10189	10190	0.795
10546	10460	14.7
12807	12808	4.536666666666666
18335	9139	16.4
8090	13689	9.995000000000001
8361	stop_1487_373629	15.656666666666666
8768	stop_1_2	11.081666666666667
8301	9045	7.818333333333333
13908	9291	4.443333333333333
11909	stop_219_32239	11.945
10244	stop_297_62419	6.383333333333334
8359	12470	9.01
12861	stop_343_268629	5.053333333333333
8089	stop_216_31919	6.996666666666667
17861	stop_274_46619	13.078333333333335
9740	12243	4.306666666666667
12307	7426	10.076666666666666
8823	13418	9.806666666666667
7400	stop_570_303619	16.323333333333334
17891	9139	22.06
8230	9504	6.155
17283	12862	14.615
9815	9038	5.973333333333333
9149	stop_335_260819	4.623333333333333
8798	13670	7.761666666666667
8669	8366	10.306666666666667
13061	14005	5.236666666666666
12009	stop_852_324229	11.565
13905	stop_188_7219	10.216666666666667
8241	11651	7.568333333333333
12841	13037	14.998333333333333
stop_6_12	stop_313_86729	12.365
7680	17627	12.241666666666667
12594	stop_1490_366219	11.236666666666668
7741	7746	1.1983333333333335
14166	8389	5.78
13667	12849	12.165
8217	10139	1.4583333333333333
7512	stop_335_260819	8.793333333333333
8780	8776	9.733333333333333
11804	11960	12.835
13199	13226	16.4
8633	8098	9.145000000000001
12953	stop_239_37929	11.965
17919	17953	8.59
8617	stop_1490_366229	10.535
10489	17584	2.978333333333333
10001	7414	12.921666666666665
13306	8666	11.985000000000001
10235	10236	0.7
18024	8098	12.668333333333333
7419	13629	10.578333333333335
8798	8296	9.071666666666665
10165	stop_1493_373019	11.606666666666666
9139	12571	7.7683333333333335
12927	stop_275_56029	1.3
13177	8088	7.5616666666666665
13375	13349	7.735
10077	10562	21.456666666666667
8090	stop_283_57619	10.751666666666667
11951	9909	6.213333333333334
17915	stop_313_86719	11.831666666666667
10313	stop_346_269029	5.73
13644	12516	14.063333333333333
8002	stop_242_38819	12.881666666666666
8168	8308	16.05
8317	12983	5.501666666666667
10648	stop_227_36219	0.12666666666666665
10052	stop_1493_373019	11.47
7804	stop_318_96029	12.173333333333334
8390	8154	11.729999999999999
11472	17878	7.501666666666667
8898	stop_204_12619	10.803333333333335
stop_189_7339	stop_1234_362129	12.2
12321	7969	9.481666666666666
18102	10405	5.425
12037	12035	10.863333333333333
9549	stop_279_57139	12.948333333333332
12953	stop_328_253819	4.283333333333333
18123	11456	9.906666666666666
7910	stop_232_36829	4.848333333333333
9895	stop_255_42929	13.068333333333333
stop_189_7329	stop_204_12629	12.648333333333333
10370	10408	0.07166666666666667
7412	7418	6.958333333333333
13714	8899	11.986666666666668
9291	9716	13.3
8018	stop_253_42319	8.5
8113	10724	14.243333333333334
13801	11213	12.110000000000001
7971	stop_330_254329	13.783333333333333
11727	11735	5.496666666666667
17912	17952	11.033333333333333
12137	10158	6.005
10500	stop_272_46429	14.888333333333332
12993	10838	15.825
13620	10500	9.376666666666667
11173	10202	9.389999999999999
11527	18279	6.513333333333334
12907	stop_12_20	8.461666666666666
9120	12967	5.943333333333333
7417	7398	15.088333333333333
8097	stop_283_57629	13.545
12717	stop_203_12539	12.235000000000001
7808	stop_213_31139	12.47
9978	stop_6_12	5.260000000000001
7971	10500	9.203333333333335
13329	8195	9.503333333333334
10669	10670	0.7883333333333333
12950	10848	11.141666666666667
13628	7398	3.9566666666666666
12860	stop_296_62319	10.738333333333333
13492	13671	13.120000000000001
8127	13671	1.3166666666666667
8018	8015	9.133333333333333
stop_203_12529	stop_230_36539	11.268333333333334
7650	11606	11.268333333333334
9878	stop_222_35719	0.5283333333333333
7424	13631	12.148333333333333
17878	17877	2.0216666666666665
8371	7381	12.766666666666667
12860	13693	17.048333333333332
10109	11169	10.511666666666667
10318	13684	18.883333333333333
12363	12339	6.316666666666666
17918	stop_852_324219	11.639999999999999
17546	17560	2.1483333333333334
10262	12576	12.016666666666667
stop_316_94619	stop_338_56929	14.051666666666668
7418	11079	9.863333333333333
17585	stop_1489_127119	5.693333333333333
13664	stop_3_6	7.266666666666667
18314	18389	7.238333333333333
18297	stop_12_21	3.6766666666666667
17955	17957	7.114999999999999
11212	17981	4.491666666666666
stop_314_92219	stop_343_268629	11.606666666666666
11977	13714	1.5683333333333331
12899	7946	3.7416666666666667
9119	8362	17.576666666666664
13752	stop_273_46529	7.121666666666667
10164	stop_1489_127119	14.793333333333333
17566	17543	8.928333333333335
18055	stop_3_6	8.506666666666666
10078	10074	13.764999999999999
7419	7395	15.996666666666666
17914	stop_575_304129	7.753333333333333
9675	9676	2.3266666666666667
18033	11189	10.318333333333333
12987	stop_296_62329	1.6816666666666669
11432	11433	4.986666666666666
12841	stop_343_268619	5.161666666666666
12441	8390	6.198333333333333
13081	stop_273_46529	0.46
stop_5_10	stop_230_36539	7.873333333333333
17703	17543	12.59
8231	8230	6.391666666666667
13701	7495	5.989999999999999
7993	stop_243_39229	13.555
13798	8831	10.04
11311	8084	11.761666666666667
13532	10037	15.438333333333333
13232	10673	7.588333333333334
11977	13034	15.531666666666666
10855	12964	5.775
11970	18017	4.225
9916	7407	13.325
12300	10039	17.573333333333334
13198	13227	9.604999999999999
13052	7504	14.47
12883	stop_199_11229	6.571666666666667
12975	stop_246_40849	2.853333333333333
10468	8217	6.861666666666666
13860	13857	0.9816666666666667
8799	stop_1495_373519	12.370000000000001
12975	12907	11.333333333333334
10116	stop_306_71619	8.278333333333332
12923	8398	24.756666666666668
7432	13715	8.431666666666667
8979	11017	2.07
7970	stop_1_1	12.321666666666665
11575	9528	11.99
13054	8363	23.966666666666665
13617	11742	16.775
7977	stop_571_303729	9.773333333333333
18329	17563	9.601666666666667
17696	8922	15.411666666666667
17567	17537	6.933333333333334
8863	18016	14.203333333333335
9978	17950	4.485
7965	7962	13.675
17586	17717	12.368333333333334
11281	13538	4.6883333333333335
13080	stop_213_31119	2.6766666666666667
7411	stop_311_82329	11.133333333333333
8144	10096	8.361666666666666
8398	8399	0.6033333333333334
13201	13204	0.6633333333333333
13042	stop_188_7219	8.18
7951	18312	9.261666666666667
13037	stop_285_58429	14.511666666666667
14052	8923	12.001666666666667
stop_240_38219	stop_328_253819	12.811666666666667
stop_290_61019	stop_294_61419	10.185
9408	13346	12.975
10502	17981	7.91
8112	9547	5.461666666666667
8362	stop_282_57529	10.325
8367	17545	6.923333333333333
8972	11637	17.956666666666667
8254	8974	16.985
13643	12375	5.835
12366	12546	13.143333333333334
stop_311_82329	stop_318_96029	2.855
17349	17348	0.9149999999999999
9933	9939	1.0666666666666667
12902	18312	4.180000000000001
13715	stop_204_12619	14.045
7359	10166	6.614999999999999
7426	18274	10.771666666666667
13367	12828	7.89
stop_204_12629	stop_335_260829	8.571666666666665
13119	13838	9.745000000000001
10274	9909	6.266666666666667
stop_219_32229	stop_221_32519	9.623333333333333
8669	13674	10.836666666666668
10409	10370	4.661666666666666
8441	8447	25.35666666666667
12140	7386	13.516666666666667
18293	8399	13.805
8389	9149	11.565
8791	13169	9.453333333333335
7511	stop_204_12619	0.49166666666666664
10412	18299	8.381666666666666
8770	stop_330_254319	1.43
13037	stop_1280_364359	11.763333333333332
7404	17546	8.58
12957	7993	8.965
17835	8305	14.571666666666665
13543	13545	5.278333333333333
18010	18011	11.976666666666667
7395	12961	18.358333333333334
7803	stop_213_31129	11.598333333333333
14028	17713	19.626666666666665
8478	stop_255_42919	2.3383333333333334
stop_223_35819	stop_227_36229	6.895
8633	12317	5.288333333333333
12938	stop_1486_372419	6.7733333333333325
stop_322_117319	stop_1234_362119	10.133333333333333
18332	13485	11.055
12357	12577	17.471666666666668
stop_335_260819	stop_335_260829	1.1983333333333335
7400	stop_186_7029	12.723333333333333
18064	13664	6.883333333333334
8899	stop_322_117329	13.07
12571	10324	8.72
9935	10499	12.201666666666666
9470	12509	10.795
10504	10445	7.645
18389	stop_13_26	13.885
10083	10092	3.98
11433	stop_207_12929	10.211666666666668
17561	stop_1486_372429	1.665
8661	10167	5.531666666666666
12070	12022	6.308333333333334
11173	11172	3.77
17270	9388	15.41
8373	17546	13.198333333333332
7371	17547	12.72
18310	7948	11.245000000000001
8124	8075	8.754999999999999
11977	stop_1234_362119	11.406666666666666
8705	17813	0.05
12959	stop_1234_362129	4.92
12942	9030	12.723333333333333
stop_1486_372419	stop_1486_372429	1.1133333333333333
12022	stop_322_117329	6.863333333333333
13531	13535	2.9183333333333334
13705	stop_1486_372419	12.026666666666667
7396	8328	11.258333333333333
12958	stop_204_12629	5.0
11420	13486	12.83
13717	12915	10.393333333333334
8164	12499	9.841666666666667
10511	7961	15.656666666666666
12616	18386	6.705
12595	17547	6.546666666666667
11173	13754	16.321666666666665
8672	12926	14.521666666666667
8384	14013	12.651666666666667
8260	9831	11.443333333333333
10331	7590	16.443333333333335
17566	7366	15.195
10842	stop_2_5	8.511666666666667
13329	13637	11.815
7885	stop_221_32529	9.47
17562	stop_1486_372439	3.8583333333333334
17706	stop_1494_373119	9.461666666666668
12717	11909	6.965
18292	13486	12.948333333333332
7459	7447	5.485
8924	18384	14.951666666666666
8537	stop_240_38219	4.3983333333333325
8103	11311	13.133333333333333
17825	11616	12.095
17937	9610	11.96
17543	8618	6.151666666666667
17972	17974	10.528333333333334
10421	10433	6.316666666666666
12962	7434	18.711666666666666
7516	7416	10.983333333333333
18330	9675	16.08
17537	17588	11.043333333333333
9050	11432	4.489999999999999
11420	13710	13.943333333333333
13072	10782	5.861666666666666
8526	13446	5.983333333333333
9666	9667	0.6583333333333333
12322	stop_329_253919	9.296666666666665
10560	13178	4.7283333333333335
8408	8404	5.911666666666666
12322	8402	9.458333333333334
14165	11909	12.698333333333332
7375	17587	13.413333333333332
11727	13295	9.16
7367	12309	12.3
7407	13042	1.5883333333333334
18290	stop_237_37729	15.716666666666667
13420	13411	0.02333333333333333
stop_279_57139	stop_1103_347119	13.97
13693	12930	11.395000000000001
11913	stop_568_303239	0.8033333333333333
12986	12985	1.0666666666666667
18286	7480	3.0516666666666667
7454	stop_246_40839	11.83
10184	10277	7.0
11106	17715	4.965
stop_214_31329	stop_219_32229	12.476666666666667
9492	11678	10.246666666666666
17910	stop_230_36539	7.653333333333333
10550	10131	10.871666666666666
12920	stop_321_115419	4.611666666666666
13722	12966	8.981666666666666
18291	stop_254_42419	6.75
7463	7489	13.256666666666666
8950	8979	5.96
stop_282_57519	stop_282_57529	1.2016666666666667
11616	11614	9.110000000000001
stop_219_32229	stop_325_136029	4.37
9147	stop_250_41829	3.746666666666667
17908	stop_568_303219	11.231666666666666
18291	12910	9.983333333333333
17830	stop_183_6119	14.305
12510	13171	7.3116666666666665
11306	stop_282_57519	12.485000000000001
18336	13716	14.17
13193	13839	15.8
7460	17668	10.131666666666666
13125	12019	6.663333333333333
10070	10323	11.036666666666667
18334	18147	20.168333333333333
13445	9860	12.56
12144	12305	9.488333333333333
13081	11741	17.758333333333333
10298	17317	6.098333333333333
stop_285_58429	stop_293_61329	10.368333333333334
8746	13945	10.163333333333332
11432	stop_203_12549	4.308333333333334
7365	17539	11.206666666666667
13063	9814	14.866666666666667
12893	stop_233_36929	14.436666666666667
8899	stop_202_12419	11.658333333333333
8599	stop_293_61319	15.5
stop_284_57729	stop_957_333829	14.723333333333333
7527	10871	14.081666666666667
12908	stop_12_24	11.208333333333334
7471	stop_205_12729	8.363333333333333
10183	10084	9.955
17918	stop_203_12559	1.4400000000000002
18053	10082	12.191666666666666
13104	13105	1.2016666666666667
10165	10053	8.461666666666666
9941	9942	0.6866666666666668
12367	18306	14.885
9030	7449	7.546666666666667
13485	stop_13_25	10.973333333333333
12470	stop_321_115429	12.923333333333334
7813	12941	9.673333333333334
13689	stop_957_333829	10.568333333333333
10092	10294	18.935
8137	12851	12.601666666666667
8415	14005	11.453333333333335
12717	stop_852_324239	1.1933333333333331
8170	14140	1.1016666666666666
12945	7929	5.745
13334	7670	5.0600000000000005
12499	8614	16.37333333333333
stop_222_35719	stop_227_36219	9.655
13443	11332	13.93
9292	9482	1.3
12885	13663	7.588333333333334
17916	12319	14.543333333333333
18158	10262	3.3183333333333334
8699	9875	7.09
12961	17830	9.671666666666665
13699	17891	19.040000000000003
9051	stop_5_11	12.768333333333334
7894	stop_1103_347129	9.254999999999999
stop_314_92249	stop_361_282119	7.141666666666667
10213	17377	15.389999999999999
12859	stop_339_62129	0.6883333333333332
13900	8077	8.610000000000001
12966	stop_322_117319	9.201666666666666
9149	stop_1234_362119	11.861666666666668
9120	13689	21.708333333333332
13651	stop_13_25	10.59
13853	7609	15.075
13523	9086	8.953333333333335
7813	7820	12.256666666666666
17567	17589	11.411666666666667
13717	12470	1.6383333333333332
13665	12470	13.69
10082	18191	1.1700000000000002
12995	stop_304_68229	6.508333333333334
12534	8154	33.08
stop_250_41829	stop_313_86729	11.375
7367	stop_1490_366229	14.764999999999999
7512	stop_1234_362119	8.678333333333335
7366	18333	10.828333333333335
8345	8645	4.13
12915	10855	10.805
13011	8682	5.91
13789	12931	7.680000000000001
12354	stop_330_254329	8.108333333333333
9415	11584	7.8100000000000005
8381	10200	2.515
11169	8615	12.751666666666667
12967	stop_216_31929	1.7116666666666667
18367	9980	3.4916666666666667
7482	7448	11.51
8578	13360	7.801666666666667
8075	8130	12.418333333333333
18367	17718	18.098333333333336
12010	stop_221_32519	7.8116666666666665
13238	10666	10.698333333333332
13666	18144	9.713333333333333
stop_248_41329	stop_250_41819	7.23
11654	8285	5.501666666666667
12298	stop_227_36229	5.575
7472	7448	15.445
8975	13474	11.645000000000001
8332	stop_239_37929	4.328333333333333
13724	7952	8.156666666666666
10039	11233	13.955
18335	18334	0.9666666666666667
11652	8780	13.041666666666666
13556	13683	6.531666666666666
8870	12613	9.058333333333334
13554	stop_196_8719	10.536666666666667
7804	stop_782_314129	12.943333333333333
10811	10812	1.41
13121	12017	5.988333333333333
8475	7525	10.053333333333335
12568	12321	4.668333333333334
17590	stop_1491_372319	11.846666666666666
9549	stop_314_92259	11.171666666666665
13945	13808	17.303333333333335
10076	12127	7.753333333333333
13620	9938	10.495000000000001
17775	7509	18.353333333333335
10489	13636	12.801666666666668
10096	8147	9.408333333333333
18307	13688	13.325
7452	stop_328_253819	10.354999999999999
stop_9_17	stop_254_42419	12.956666666666667
7897	stop_278_57019	14.016666666666667
7420	7413	1.7116666666666667
10000	7413	10.24
8975	8980	11.754999999999999
13179	stop_284_57719	14.261666666666667
17566	12314	13.33
12401	12457	7.635000000000001
8332	stop_328_253819	13.781666666666666
13906	12962	13.053333333333335
8630	stop_214_31319	20.904999999999998
13687	10838	13.801666666666668
8706	17973	4.321666666666667
10668	13206	10.321666666666665
13226	13229	1.4466666666666665
8084	stop_278_57019	10.206666666666667
12305	12303	12.270000000000001
7999	10848	14.316666666666666
10070	18150	11.653333333333334
18314	stop_253_42329	10.566666666666666
18150	17836	8.898333333333333
stop_221_32529	stop_224_35919	4.718333333333334
12954	stop_10_3	10.078333333333335
12899	stop_250_41819	0.8816666666666666
18314	9895	10.178333333333335
13329	10838	8.389999999999999
17586	12595	14.478333333333333
10323	7495	11.335
17941	stop_208_13029	12.278333333333334
12411	13676	1.8533333333333333
10476	10609	6.891666666666667
7952	stop_253_42329	9.2
18080	12353	10.656666666666666
7447	17836	10.889999999999999
10200	8311	15.368333333333334
13723	stop_219_32219	12.933333333333334
17271	12521	6.47
9050	stop_203_12539	0.1
7498	7999	10.8
stop_219_32229	stop_1487_373619	4.211666666666667
7959	stop_342_268529	3.533333333333333
17417	17386	7.051666666666667
13061	18307	10.728333333333333
11562	11566	0.5316666666666666
7418	17765	5.133333333333334
13669	7368	7.46
12303	7375	11.071666666666665
8369	10503	8.181666666666667
10481	11164	6.943333333333333
8147	stop_297_62419	9.223333333333333
10081	stop_216_31919	9.033333333333333
stop_12_20	stop_12_24	3.8033333333333332
18362	8698	11.693333333333333
18314	8021	14.17
stop_189_7339	stop_189_7349	0.9466666666666667
13908	13165	11.476666666666667
11909	stop_222_35729	12.843333333333334
18046	18036	5.121666666666667
18285	12302	11.343333333333334
9878	13722	10.978333333333333
12861	stop_345_268829	8.245
8089	stop_219_32219	13.82
12885	stop_1343_364719	12.195
stop_222_35739	stop_224_35929	10.705
12343	14006	6.5233333333333325
7998	12948	11.915
stop_233_36919	stop_234_37029	3.615
13335	13334	8.096666666666668
10544	8241	17.491666666666667
9596	12474	9.979999999999999
13810	13931	10.354999999999999
9120	10560	8.826666666666666
17679	17691	8.29
18296	8335	13.325
14166	17830	8.110000000000001
13667	17218	11.351666666666667
7893	stop_1103_347119	10.571666666666665
13471	13472	1.2033333333333334
12888	stop_1556_381029	8.263333333333334
13679	18029	9.6
12970	stop_222_35739	11.865
10609	10610	0.87
9050	13052	12.455
12953	stop_241_38329	7.205
17735	17737	11.336666666666668
18344	stop_261_45129	14.746666666666666
7528	18225	13.728333333333333
8617	stop_1492_372629	4.903333333333333
stop_248_41319	stop_313_86719	11.313333333333333
11761	13525	6.468333333333334
7402	stop_183_6129	3.115
10235	11927	7.989999999999999
18237	14151	2.93
13931	13932	3.8483333333333336
7885	stop_1487_373629	3.183333333333333
13002	stop_424_287029	11.026666666666667
12932	8710	7.0
8000	7985	12.801666666666668
9051	stop_230_36549	12.766666666666667
12927	stop_277_56719	7.336666666666667
17567	17552	15.546666666666665
8906	13715	7.931666666666667
10070	stop_1493_373019	16.446666666666665
7412	13629	4.406666666666666
12986	8112	15.158333333333333
8374	18248	15.096666666666666
18333	7478	14.185
8077	12964	10.318333333333333
8685	13012	7.155
12457	stop_570_303619	10.435
12846	stop_314_92249	15.145000000000001
12898	stop_246_40849	11.646666666666667
13136	13133	5.955
11516	stop_234_37029	13.476666666666667
10876	17268	11.648333333333333
10163	10484	0.30666666666666664
stop_203_12549	stop_207_12929	9.533333333333333
10648	stop_230_36549	14.236666666666668
9451	17816	9.801666666666668
13129	10975	3.8
8390	10509	10.925
13377	8576	3.0900000000000003
12739	17743	8.083333333333334
13695	stop_253_42319	9.736666666666668
9051	17940	14.988333333333333
18158	stop_239_37929	11.75
stop_311_82329	stop_782_314129	3.6866666666666665
7910	stop_234_37029	4.211666666666667
12341	12342	1.3783333333333334
18307	12546	7.616666666666666
12323	stop_245_40729	7.13
17307	10324	16.313333333333333
13553	13554	2.871666666666667
stop_292_61229	stop_294_61419	10.858333333333333
17619	17618	8.103333333333333
10096	9547	12.301666666666668
stop_204_12629	stop_1234_362129	9.301666666666668
7394	13628	15.546666666666665
13943	17887	0.08666666666666667
7424	9916	5.251666666666667
11612	8873	10.953333333333335
8403	7977	6.111666666666666
8076	stop_277_56729	10.020000000000001
12904	stop_13_27	12.655
13666	17958	10.776666666666667
18064	stop_2_4	2.74
17740	17738	7.083333333333333
14050	11722	17.258333333333333
17543	10070	15.181666666666667
8088	12967	10.456666666666667
17796	11814	10.065
12717	stop_204_12629	4.694999999999999
17830	stop_570_303629	9.565
8002	7993	12.675
9935	17884	6.5633333333333335
10569	8355	2.6416666666666666
stop_852_324239	stop_1102_347019	8.525
14040	8934	13.475
18357	10172	16.62666666666667
13653	13677	3.3316666666666666
7500	13708	13.998333333333333
13629	12306	9.226666666666667
8520	8577	12.711666666666668
13628	18285	12.585
8787	13169	22.240000000000002
7930	12951	14.06
13080	10081	10.639999999999999
11432	stop_852_324249	15.7
17824	13640	9.518333333333334
stop_335_260819	stop_1234_362129	11.625
12981	13008	7.933333333333334
17271	stop_1342_364619	10.928333333333335
13718	12010	13.111666666666668
7454	12880	11.598333333333333
8018	7948	4.53
12574	12575	8.69
13738	stop_342_268519	15.111666666666668
9588	9595	15.223333333333333
13018	13620	13.188333333333333
7360	13640	11.581666666666667
17546	8328	5.0216666666666665
8769	12353	10.360000000000001
10909	13157	11.378333333333334
10482	8310	9.471666666666666
7971	13632	11.311666666666667
12407	13748	6.375
12904	8770	8.246666666666666
8351	18362	11.610000000000001
9026	17834	13.608333333333333
13121	9755	9.961666666666668
17891	stop_1488_3329	11.138333333333332
7392	7367	11.528333333333334
11281	17380	16.3
8236	8223	14.073333333333332
7375	stop_1486_372429	8.886666666666667
8496	8495	6.680000000000001
12899	8018	6.711666666666667
17538	17590	6.825
12354	17987	13.516666666666667
11718	12461	2.8449999999999998
13106	13112	6.34
stop_1_2	stop_273_46529	10.916666666666666
9032	stop_328_253829	12.385
7472	stop_1234_362129	13.435
17566	8618	10.026666666666667
18202	10500	16.193333333333335
10078	10080	13.681666666666667
stop_8_16	stop_575_304129	13.893333333333334
10379	10383	12.541666666666666
7753	18046	6.293333333333334
12984	17247	11.345
stop_203_12539	stop_203_12549	0.7416666666666667
8123	13693	1.5333333333333334
17408	17416	3.1083333333333334
12441	8153	11.473333333333333
13383	17823	0.22166666666666668
9899	stop_225_36029	11.161666666666667
8231	11237	13.861666666666668
17939	13666	12.455
stop_240_38219	stop_241_38329	2.746666666666667
7669	7676	9.825
13906	7395	5.37
8311	17344	8.211666666666666
14048	13236	40.265
stop_322_117329	stop_852_324229	7.651666666666667
13062	8522	7.155
10087	10089	0.63
7404	17588	13.645000000000001
10855	12917	11.036666666666667
13052	7463	9.93
8409	stop_237_37729	2.158333333333333
12546	14082	12.333333333333334
7805	stop_282_57519	24.720000000000002
9607	13471	7.128333333333333
8495	8493	4.076666666666666
stop_243_39229	stop_252_42029	13.776666666666667
13054	8632	18.775
9966	17508	14.326666666666666
9618	17785	6.496666666666667
17567	10050	14.886666666666667
12942	stop_241_38319	10.511666666666667
17543	stop_1492_372619	2.566666666666667
7365	17562	9.895000000000001
7531	8474	6.475
13080	stop_214_31329	5.680000000000001
7505	7494	13.9
13186	13723	8.705
stop_280_57219	stop_291_61119	11.365
12010	stop_1487_373619	8.023333333333333
13446	18237	8.651666666666667
8195	12368	8.139999999999999
11977	stop_189_7339	4.3516666666666675
13042	stop_189_7339	12.256666666666666
17538	stop_1494_373129	13.685
13037	stop_290_61029	9.088333333333333
12309	stop_1492_372629	16.91
stop_2_5	stop_1280_364339	8.316666666666666
12996	9490	7.546666666666667
13699	12312	11.083333333333334
stop_224_35949	stop_1103_347129	10.57
13482	13480	6.46
13718	stop_568_303239	6.46
12984	stop_293_61319	6.581666666666666
13905	7410	11.43
7414	17775	13.735000000000001
17864	10492	5.585
11662	11663	0.06166666666666667
13715	stop_205_12729	10.728333333333333
18277	14029	12.056666666666667
12661	12667	10.036666666666667
stop_296_62319	stop_339_62129	9.113333333333333
13179	stop_216_31919	11.743333333333334
17748	17749	11.088333333333333
17691	17692	6.015
7511	stop_205_12729	5.276666666666667
13720	stop_957_333829	4.033333333333333
7450	7496	1.3433333333333333
stop_292_61219	stop_344_268729	7.735
12836	12837	0.51
12688	14005	15.806666666666667
7404	17549	9.04
18209	18208	8.746666666666666
7395	12938	17.77
17370	8505	5.091666666666667
13714	18274	11.615
7606	8705	2.2583333333333333
stop_186_7019	stop_335_260819	13.620000000000001
18357	9504	15.085
10874	8581	5.855
8970	11445	6.1466666666666665
17722	17721	9.511666666666667
7957	stop_255_42919	8.781666666666666
13023	stop_13_25	11.346666666666666
13949	13958	6.63
13701	12310	10.931666666666667
11515	stop_574_304019	7.2283333333333335
8299	8298	1.1666666666666667
12988	stop_298_63019	1.6783333333333335
10482	10226	5.461666666666667
8412	8615	11.773333333333333
7538	17975	5.458333333333333
10470	12348	11.178333333333335
7811	12941	6.85
10492	10493	0.31666666666666665
13212	13215	6.903333333333333
7402	18329	15.536666666666667
7371	8327	7.54
8468	8505	13.620000000000001
18057	12876	15.768333333333334
13531	7359	8.705
17311	12577	4.446666666666667
11355	11446	10.44
13485	stop_313_86719	12.085
7426	12402	12.846666666666666
13808	13927	13.221666666666666
9942	13822	4.661666666666666
10560	stop_221_32519	15.276666666666667
12595	8327	12.893333333333334
12322	stop_242_38829	14.033333333333333
12881	12975	5.1883333333333335
11509	stop_275_56029	7.653333333333333
18335	17577	8.875
8789	8951	10.101666666666667
13664	stop_1280_364359	13.321666666666665
7542	18385	6.955
8898	stop_186_7029	12.601666666666667
10387	17412	8.435
8058	17510	15.566666666666666
9483	9486	6.751666666666667
13615	stop_272_46419	15.004999999999999
7885	stop_223_35819	12.421666666666665
14151	18239	10.153333333333334
17544	stop_1488_3319	11.943333333333333
10221	10547	7.194999999999999
12887	stop_425_287119	1.4233333333333333
14073	17380	10.856666666666666
17706	stop_1552_378519	1.5483333333333333
8098	8103	14.711666666666668
12717	12401	11.011666666666667
18294	13058	7.473333333333333
10095	10170	1.7183333333333333
12888	12875	8.146666666666667
12719	12958	11.066666666666666
17891	17577	6.043333333333334
17987	stop_273_46519	9.971666666666666
18055	stop_1280_364359	8.466666666666667
7897	stop_225_36019	0.8516666666666667
17951	stop_6_12	9.478333333333333
13219	13224	8.97
10500	stop_257_43519	10.625
10924	10915	6.123333333333333
7516	7394	11.476666666666667
7394	12134	6.3566666666666665
stop_202_12429	stop_203_12539	13.591666666666667
8084	stop_225_36019	7.256666666666666
7553	11159	10.363333333333333
stop_207_12929	stop_208_13019	8.801666666666668
stop_13_25	stop_243_39229	9.176666666666668
stop_225_36029	stop_278_57029	13.733333333333333
10193	18190	3.7733333333333334
10378	18105	8.795
14165	12401	8.971666666666666
7931	stop_242_38829	9.889999999999999
12870	17941	13.06
17695	8978	11.558333333333334
stop_245_40729	stop_246_40839	6.418333333333334
7387	7398	11.208333333333334
18286	12309	9.815
10736	10737	0.30333333333333334
8210	stop_841_317650	15.211666666666668
7596	7597	9.313333333333333
17910	stop_233_36919	8.988333333333333
7463	7446	13.879999999999999
stop_282_57519	stop_284_57729	9.323333333333332
12718	stop_189_7319	9.966666666666667
13632	18202	5.965
17783	9618	10.121666666666666
17830	stop_186_7039	4.878333333333333
12946	12949	7.5
12510	13167	13.878333333333334
11306	stop_284_57719	10.764999999999999
14041	8924	6.871666666666667
13634	13688	14.68
7522	17970	7.045
stop_568_303239	stop_1102_347029	14.139999999999999
13177	7893	11.538333333333332
9856	8789	9.478333333333333
stop_316_94619	stop_321_115429	4.216666666666667
13719	stop_820_315829	9.295
13534	13716	10.298333333333334
13899	stop_323_126229	9.921666666666665
stop_225_36029	stop_957_333819	15.043333333333333
10226	12503	12.435
7407	stop_189_7329	12.293333333333333
8095	stop_289_58929	9.691666666666666
9841	9371	11.135
13731	18202	10.013333333333332
11733	13527	10.74
10150	10110	17.488333333333333
12939	17561	8.025
18290	stop_328_253829	13.84
stop_224_35919	stop_1103_347119	11.341666666666667
stop_275_56019	stop_339_62119	21.235
18159	12576	10.125
17774	13049	10.911666666666667
12970	13723	1.96
17724	11750	20.11
18025	stop_214_31319	11.751666666666667
12861	stop_292_61229	7.5649999999999995
17951	stop_575_304119	10.021666666666667
18346	8224	10.943333333333333
17716	7571	10.58
9568	17868	9.066666666666666
17918	stop_205_12719	6.258333333333334
13084	11538	8.548333333333334
12910	9147	10.656666666666666
12022	stop_203_12539	7.751666666666667
8163	13673	1.9316666666666669
8436	13128	11.15
13061	10877	15.254999999999999
8229	10481	5.453333333333333
10559	stop_214_31329	8.966666666666667
10602	stop_325_136019	7.878333333333333
18015	13956	10.17
12909	9147	9.983333333333333
10169	stop_11_23	15.023333333333333
14028	18257	19.916666666666668
17951	17950	1.5833333333333333
18050	9738	4.755
8003	12323	10.763333333333332
13299	13094	28.046666666666667
13058	stop_342_268529	7.426666666666667
8261	8260	0.885
12940	stop_325_136019	12.58
13049	18366	10.901666666666667
13186	stop_224_35929	9.808333333333334
stop_305_71519	stop_307_71819	7.8533333333333335
9723	10842	9.496666666666666
13707	12302	10.955
13948	13949	6.235
17916	17949	6.986666666666666
12350	14006	7.235
17711	17712	0.7783333333333334
13180	stop_226_36129	7.761666666666667
stop_257_43519	stop_272_46419	7.778333333333333
13350	11564	11.618333333333334
12938	17563	11.198333333333332
11969	13956	14.785
13669	stop_570_303619	11.483333333333333
13679	stop_339_62119	19.033333333333335
8088	13689	8.236666666666666
8899	13052	12.586666666666668
13663	stop_1343_364719	4.6066666666666665
10700	stop_219_32229	8.738333333333333
11538	11537	7.17
8431	10723	1.9566666666666668
10502	11211	10.59
stop_189_7339	stop_322_117329	5.958333333333333
8345	8222	9.911666666666667
12915	18029	11.226666666666667
9118	stop_245_40719	6.038333333333333
11808	9013	9.846666666666666
9968	13821	10.485000000000001
12967	stop_219_32229	7.288333333333333
7482	7439	6.608333333333333
7489	7483	9.506666666666666
11008	stop_242_38819	9.563333333333333
9118	12881	6.636666666666667
12332	12329	6.6883333333333335
13705	17563	8.365
10842	stop_1280_364339	15.063333333333333
12010	stop_222_35739	3.2516666666666665
7444	12310	2.881666666666667
10482	13152	9.746666666666666
17742	17744	11.525
7971	7965	8.411666666666667
9021	9019	10.068333333333333
12660	9529	4.676666666666667
8332	stop_241_38329	3.55
13724	12902	10.886666666666667
18335	17705	11.08
17544	17576	7.17
8146	10116	7.5633333333333335
18028	17779	3.893333333333333
stop_285_58419	stop_291_61129	15.645000000000001
13409	11462	8.011666666666667
13528	10914	8.583333333333334
10016	7977	15.555
stop_574_304019	stop_574_304039	2.5900000000000003
7805	stop_213_31129	0.9049999999999999
12996	12326	8.721666666666666
stop_223_35829	stop_852_324249	12.485000000000001
13327	8195	6.566666666666666
stop_214_31319	stop_283_57629	21.973333333333336
13298	11701	6.415
10716	stop_318_96029	13.743333333333334
9045	13474	13.57
13660	13117	11.381666666666666
11106	11105	0.83
8088	stop_283_57619	8.505
stop_221_32529	stop_1102_347019	5.97
8645	13686	13.278333333333334
7420	17762	6.15
10000	17762	4.386666666666667
7536	17972	15.708333333333334
9019	9734	6.15
12905	7950	15.368333333333334
13070	11527	8.629999999999999
11281	10213	7.02
7481	7483	9.268333333333334
11568	11570	7.7733333333333325
17566	10070	16.648333333333333
8371	7390	12.436666666666667
18360	18349	0.7016666666666667
8238	stop_841_317639	13.83
8084	stop_279_57139	1.0683333333333331
11770	8211	6.411666666666666
13665	11509	12.518333333333334
7908	stop_232_36829	11.895000000000001
stop_263_45329	stop_264_45429	3.8366666666666664
7984	stop_257_43519	11.65
8245	9753	15.161666666666667
12537	12534	5.078333333333333
10824	13846	10.686666666666667
18329	17585	13.061666666666667
8297	stop_574_304039	13.096666666666666
10127	12328	5.173333333333333
stop_1_1	stop_342_268529	10.068333333333333
18254	18265	11.571666666666665
10691	7531	12.055
17586	17547	9.604999999999999
12746	17813	5.6899999999999995
12411	10544	11.475
13628	12594	10.270000000000001
12930	stop_323_126219	9.104999999999999
17957	stop_323_126229	10.868333333333334
13845	13844	17.953333333333333
12343	12350	13.736666666666668
12847	stop_289_58919	8.166666666666666
10200	17342	15.018333333333334
7447	8297	13.403333333333334
9050	stop_204_12629	7.4399999999999995
12335	10121	9.891666666666667
10118	9142	13.51
10603	7893	7.341666666666667
8328	17714	9.556666666666667
9453	11552	17.865000000000002
18030	8074	11.961666666666668
17705	17543	13.94
13180	8630	8.511666666666667
11248	7822	2.7733333333333334
7957	stop_12_20	13.725
8135	stop_952_331019	2.283333333333333
8147	stop_298_63039	12.248333333333333
12306	stop_219_32219	14.376666666666667
10081	stop_219_32219	11.996666666666666
stop_189_7349	stop_568_303219	9.85
12855	9904	12.321666666666665
13126	8436	7.385000000000001
10823	12743	15.67
stop_189_7339	stop_202_12419	17.34
12575	12572	24.858333333333334
18305	11478	13.673333333333334
stop_276_56139	stop_424_287019	12.163333333333332
7928	stop_237_37729	12.598333333333333
12899	8015	12.413333333333332
9490	14082	15.561666666666667
11970	11969	0.33666666666666667
13906	7432	6.415
12975	stop_199_11229	11.111666666666668
8089	stop_221_32529	17.603333333333335
stop_294_61419	stop_314_92239	9.666666666666666
8206	stop_306_71619	6.623333333333333
8614	13399	5.83
9918	stop_571_303729	8.83
stop_296_62329	stop_424_287019	7.746666666666667
14153	14154	0.9
13177	stop_224_35919	10.08
13204	13237	12.543333333333333
12876	stop_199_11229	11.223333333333333
17501	17478	1.0483333333333333
8634	8238	5.423333333333333
12880	9978	9.733333333333333
18299	10426	25.048333333333336
18296	12901	9.943333333333333
7880	18387	10.738333333333333
18329	stop_1491_372329	13.604999999999999
12302	7371	10.908333333333333
13471	9611	8.79
stop_199_11229	stop_245_40729	7.485
13679	12930	9.006666666666666
13179	13186	2.45
12970	stop_224_35929	1.4883333333333333
7365	stop_1489_127119	10.646666666666667
8341	8339	5.085
8072	8350	17.581666666666667
8631	8097	3.265
8617	stop_1494_373129	9.018333333333334
12862	stop_346_269019	6.545
8190	8192	13.275
13749	18065	3.566666666666667
11913	stop_187_7129	10.155
17566	stop_1492_372619	6.401666666666667
7805	stop_318_96019	13.451666666666666
13846	12744	5.431666666666667
7437	7463	13.155
11334	11336	7.864999999999999
13180	stop_282_57519	6.545
8328	stop_183_6119	12.521666666666667
stop_188_7229	stop_322_117319	14.270000000000001
8372	8373	0.63
18320	18288	2.08
17567	17478	15.325
8599	stop_279_57129	11.796666666666665
12319	8710	5.403333333333333
17703	stop_1492_372619	14.941666666666666
17541	17562	6.071666666666667
12897	stop_252_42019	7.426666666666667
9923	8769	13.078333333333335
10163	10592	9.69
18028	7492	9.879999999999999
12898	18296	8.766666666666667
10145	10127	1.4966666666666666
7494	17928	17.255
13699	10323	9.846666666666666
13695	stop_255_42919	4.04
stop_314_92229	stop_314_92249	2.1416666666666666
8027	8478	11.44
13672	17956	13.996666666666666
18043	18039	4.755
12341	10511	9.76
8137	8146	9.485000000000001
12952	10262	12.558333333333334
12323	stop_246_40849	10.188333333333333
18332	8002	10.403333333333334
12953	7929	11.568333333333333
10063	7423	4.448333333333333
10401	17398	16.585
8342	8351	14.548333333333334
10113	10118	0.745
8212	8192	13.663333333333332
13018	stop_1_1	15.781666666666666
11800	11802	8.178333333333333
18293	12934	11.305
13178	stop_282_57529	8.871666666666666
7874	7880	0.9316666666666666
8373	7387	4.2283333333333335
13689	stop_213_31119	25.888333333333332
17283	8625	14.018333333333334
11977	stop_322_117319	7.1033333333333335
13375	8472	11.428333333333335
12959	stop_322_117329	4.319999999999999
12897	18310	9.566666666666666
stop_224_35939	stop_225_36019	6.078333333333333
10569	13650	7.785
13714	stop_204_12619	9.608333333333333
12141	10227	8.008333333333333
stop_852_324239	stop_1234_362119	14.354999999999999
11841	11471	7.433333333333334
7492	7493	2.671666666666667
10448	10458	10.161666666666667
14127	stop_841_317630	13.251666666666667
7500	12953	9.798333333333334
10511	13738	10.266666666666667
13629	7426	9.976666666666667
17941	stop_5_11	4.348333333333333
11515	stop_1495_373529	11.2
12878	stop_207_12919	12.745000000000001
stop_841_317630	stop_1342_364619	13.273333333333333
10694	13855	13.346666666666666
13327	13637	8.878333333333334
12851	stop_298_63019	7.1
stop_272_46419	stop_273_46519	5.913333333333333
12966	18274	13.955
13852	13850	8.514999999999999
18292	12899	4.431666666666667
17540	17546	10.04
9588	9589	7.511666666666667
8297	8305	9.129999999999999
stop_222_35739	stop_335_260829	12.441666666666666
7471	stop_1234_362119	10.591666666666667
8902	17896	7.368333333333334
10496	12240	13.883333333333333
8115	stop_291_61119	4.925
10482	17343	11.596666666666666
13586	stop_221_32519	14.54
8325	stop_1486_372419	6.989999999999999
12022	stop_852_324239	6.863333333333333
9645	10788	2.625
12885	8616	11.853333333333333
12412	12348	18.605
13839	13840	5.489999999999999
9026	8304	13.791666666666666
8298	stop_240_38219	12.981666666666666
10991	11432	2.525
8248	9041	10.213333333333333
13762	stop_266_45819	0.8583333333333333
8147	10244	12.368333333333334
stop_1491_372319	stop_1491_372329	0.5283333333333333
12009	12967	11.29
9166	11955	12.511666666666667
8337	7952	8.4
9689	17827	9.763333333333332
8614	9874	24.83833333333333
12536	8152	37.32833333333333
7936	7980	13.115
8000	8408	13.106666666666666
10613	stop_302_67929	11.775
8404	stop_237_37719	7.456666666666666
7434	stop_335_260829	12.033333333333333
9545	17507	19.27
stop_203_12539	stop_204_12639	7.53
7454	stop_199_11219	1.4216666666666666
13137	13146	15.785
9452	9460	11.345
10164	18023	3.3800000000000003
11806	11807	7.991666666666666
8146	stop_305_71529	12.148333333333333
12905	12320	24.543333333333333
stop_13_28	stop_246_40839	12.328333333333335
10167	13680	10.461666666666668
8403	stop_571_303719	12.306666666666667
9049	stop_1234_362129	12.323333333333332
12958	stop_335_260829	7.6033333333333335
8358	stop_278_57029	0.685
10766	8859	1.9016666666666666
11234	13680	1.3683333333333332
17282	9904	10.483333333333333
11438	12635	10.475
12997	stop_302_67929	12.043333333333333
18329	7379	7.141666666666667
9607	9610	11.770000000000001
13752	13081	6.795
8710	stop_246_40829	5.201666666666667
10490	10455	12.606666666666666
17545	18028	14.978333333333333
8363	8632	9.238333333333333
13348	17346	5.378333333333333
8863	8858	9.055
17543	stop_1494_373119	6.793333333333334
18384	18386	10.91
stop_222_35729	stop_852_324219	8.648333333333333
13217	13218	8.596666666666666
8336	12911	6.616666666666666
12846	stop_284_57719	10.458333333333334
10178	10180	8.781666666666666
7400	8325	16.396666666666665
13720	stop_280_57229	15.120000000000001
8398	9918	26.025
8195	12997	10.966666666666667
17717	17378	12.754999999999999
9815	8788	12.915
13539	17715	15.161666666666667
12959	stop_202_12419	10.066666666666666
7969	stop_257_43529	11.678333333333335
13037	stop_292_61229	6.971666666666667
stop_204_12619	stop_205_12719	3.57
17417	10379	6.008333333333334
13699	18150	13.041666666666666
13180	7811	11.578333333333335
8243	10574	10.056666666666667
12314	12309	1.025
18305	9568	14.78
10481	17344	12.328333333333335
12909	stop_250_41829	8.42
10375	10374	10.835
12305	8325	8.2
9049	8604	11.798333333333334
8415	10877	14.858333333333333
7414	13260	13.141666666666667
12877	stop_233_36919	1.9549999999999998
8708	17976	11.483333333333333
7964	stop_257_43529	10.301666666666668
17938	8124	12.296666666666665
10055	17965	10.861666666666668
8296	7502	3.2333333333333334
18144	17957	8.973333333333333
17577	stop_1492_372619	5.791666666666667
7381	8326	10.46
13058	10510	15.075
8169	8170	12.263333333333332
stop_321_115429	stop_1103_347129	15.348333333333333
17381	17376	10.5
17951	stop_1556_381029	13.34
13411	8903	12.793333333333333
stop_204_12639	stop_222_35739	13.961666666666668
7493	7449	9.106666666666666
17537	17892	11.411666666666667
11170	10113	9.541666666666666
7836	7837	1.8599999999999999
12897	18390	14.106666666666666
10209	10199	10.254999999999999
stop_216_31919	stop_226_36129	13.483333333333333
9073	9074	0.43166666666666664
13142	17782	11.475
7395	12305	12.91
8537	18158	11.656666666666666
10602	stop_852_324229	12.333333333333334
13658	stop_261_45119	9.655
18064	stop_1280_364329	9.286666666666667
7960	9926	20.631666666666668
10877	stop_840_317519	16.075
17218	stop_3_7	10.703333333333335
12909	18311	5.48
12343	8415	6.748333333333333
8063	17684	9.828333333333335
10459	10546	3.8983333333333334
12988	stop_299_63219	8.615
7398	12305	5.4
11977	7512	10.048333333333334
18285	8326	11.271666666666667
13722	stop_325_136029	11.788333333333332
stop_230_36539	stop_232_36819	11.448333333333332
17909	stop_5_10	1.2033333333333334
8261	9830	9.153333333333334
stop_1488_3329	stop_1493_373029	7.5600000000000005
8017	stop_13_25	13.19
12851	13001	12.676666666666668
10431	13439	6.455
8442	13130	12.34
12966	stop_852_324229	10.25
stop_186_7039	stop_570_303629	10.593333333333334
stop_267_45919	stop_272_46429	13.616666666666667
stop_224_35939	stop_279_57139	12.706666666666667
12952	stop_239_37929	4.473333333333333
11649	9393	12.746666666666666
7650	17628	6.0233333333333325
12915	stop_339_62119	14.503333333333334
18023	17891	7.428333333333333
11951	8222	15.306666666666667
stop_276_56139	stop_277_56729	13.79
stop_293_61329	stop_361_282119	11.166666666666666
13643	10496	6.763333333333334
10753	11355	6.739999999999999
11509	stop_277_56719	5.635000000000001
7809	7818	0.6183333333333334
17762	13629	14.458333333333334
8898	stop_188_7219	13.435
7960	7968	6.36
13615	stop_274_46619	10.26
12950	stop_239_37929	12.479999999999999
10079	10562	10.53
10041	11234	16.766666666666666
9169	9049	8.528333333333332
7820	stop_213_31129	12.356666666666666
9653	9655	8.528333333333332
8098	13689	10.0
10095	8147	6.4766666666666675
8300	9045	7.15
7412	10065	6.8149999999999995
13714	12402	8.788333333333332
12993	stop_299_63229	11.58
7897	stop_227_36219	11.03
13699	stop_1493_373019	17.64
stop_10_3	stop_237_37719	9.74
8252	8950	17.525
7395	stop_570_303619	18.02
7430	12457	1.7583333333333333
14043	18369	9.635
18287	8305	14.585
18158	7880	9.156666666666666
12849	12986	6.5649999999999995
stop_202_12429	stop_204_12629	12.206666666666667
9149	8899	7.36
17964	stop_1493_373029	7.076666666666667
7386	18367	14.358333333333333
stop_225_36029	stop_280_57219	11.216666666666667
7398	stop_570_303619	11.354999999999999
8269	8268	8.255
11606	17627	5.09
12322	12950	12.948333333333332
14165	8389	4.611666666666666
14028	14073	4.233333333333333
11955	stop_425_287119	10.965
18345	13656	14.661666666666667
13299	17342	8.043333333333333
13327	10838	11.646666666666667
12881	stop_6_12	8.395
12974	12898	9.506666666666666
12409	12330	2.5416666666666665
13239	13226	16.61
13670	8297	13.633333333333333
17713	stop_1491_372319	5.855
17513	17510	4.78
8020	stop_9_18	14.011666666666667
10504	13737	11.46
17911	stop_6_12	13.251666666666667
10151	13681	9.618333333333334
13052	stop_189_7319	18.245
13689	stop_283_57629	2.1533333333333333
7950	stop_250_41819	12.608333333333333
18035	18033	4.541666666666667
17909	17918	15.038333333333332
8415	13653	13.308333333333334
9969	9941	3.691666666666667
10603	stop_278_57019	11.07
10511	18370	8.955
8137	11169	4.713333333333334
9923	stop_9_18	9.101666666666667
12970	12009	11.973333333333333
stop_1_2	stop_258_44219	14.785
12343	13688	12.171666666666665
stop_321_115429	stop_338_56929	13.595
10062	13049	12.82
18030	stop_323_126219	8.198333333333332
13701	12942	14.389999999999999
12570	18150	3.646666666666667
12910	18389	7.058333333333334
7805	13631	11.378333333333334
13724	stop_12_21	8.655
stop_293_61319	stop_343_268619	6.843333333333334
8436	8441	14.076666666666666
13170	13167	5.903333333333333
17911	17914	12.620000000000001
10043	10045	12.538333333333332
13911	13907	0.73
12904	stop_571_303729	1.5683333333333331
stop_302_67929	stop_334_258219	7.25
10015	12909	2.7550000000000003
10055	17543	13.003333333333334
12717	stop_1102_347029	10.233333333333333
10838	8539	13.023333333333333
12909	18389	9.601666666666667
12503	11164	19.25
stop_343_268619	stop_343_268629	0.9299999999999999
12881	stop_575_304119	14.03
14048	14050	0.9866666666666667
18285	17560	9.696666666666665
13186	stop_225_36029	13.153333333333334
13025	12677	0.0
12954	12946	5.54
17218	stop_1280_364319	1.7283333333333333
12356	17929	12.82
8327	stop_1486_372439	6.291666666666667
7390	7375	13.401666666666667
17911	stop_575_304119	6.755
8801	9169	16.12
stop_257_43519	stop_274_46619	13.129999999999999
8020	12901	14.535
stop_1489_127129	stop_1490_366219	6.201666666666667
12411	12415	5.105
18244	13715	7.931666666666667
8906	11433	11.645000000000001
13330	stop_303_68129	15.256666666666666
8340	8338	9.935
12926	12964	1.4283333333333335
10413	17424	5.638333333333334
17546	stop_1489_127129	13.295
8326	stop_183_6119	4.4399999999999995
11909	7407	13.131666666666666
10780	10987	4.033333333333333
8118	9549	13.141666666666667
stop_237_37729	stop_239_37919	11.598333333333333
10117	stop_306_71619	9.685
13167	13166	0.6133333333333333
10125	12416	13.483333333333333
stop_183_6129	stop_570_303619	7.048333333333333
8128	18161	10.516666666666667
13447	18065	11.623333333333333
17876	9723	3.7233333333333336
7689	12589	7.891666666666667
8367	17537	1.2216666666666667
17911	17950	4.766666666666667
18332	stop_246_40849	12.405
stop_275_56029	stop_277_56719	8.47
13722	stop_1487_373619	13.661666666666667
7489	8419	13.936666666666667
13445	11332	9.04
9118	13789	10.901666666666667
11841	11842	9.353333333333333
12719	11913	7.4783333333333335
13414	7631	15.791666666666666
8301	14066	12.1
13715	stop_188_7219	9.056666666666667
8409	12948	4.683333333333334
9119	7885	12.706666666666667
12010	stop_224_35929	10.663333333333332
13803	13807	7.6466666666666665
stop_219_32239	stop_782_314119	8.07
10328	7591	14.108333333333333
10108	8412	10.716666666666667
13724	18080	6.585
18225	10717	16.955
10724	stop_306_71629	12.979999999999999
17915	stop_575_304129	7.418333333333334
9661	9676	10.08
12070	13639	12.043333333333333
12847	12984	12.163333333333332
17737	17738	0.5983333333333333
10153	8255	12.331666666666667
9167	stop_574_304019	10.666666666666666
7519	10345	9.931666666666667
17909	17910	1.4533333333333334
10706	stop_304_68219	12.139999999999999
7395	12145	12.478333333333333
13905	12961	13.020000000000001
8361	stop_213_31129	17.084999999999997
12568	8403	7.84
13355	9398	5.489999999999999
10064	7421	12.261666666666667
13671	stop_277_56719	10.55
13225	13226	1.3299999999999998
9723	13062	4.28
11008	7993	9.933333333333334
8608	13004	11.301666666666668
18292	stop_248_41319	10.306666666666667
8625	13686	11.778333333333334
7413	7426	12.629999999999999
13719	13586	7.448333333333333
7481	8419	11.148333333333333
7483	9026	10.575
9909	10302	11.113333333333333
12015	8447	6.058333333333334
10142	12409	6.096666666666667
13615	11742	18.853333333333335
9138	10070	3.6233333333333335
8371	18329	6.694999999999999
18296	stop_12_19	3.5766666666666667
13054	11248	11.988333333333333
18030	13492	0.77
11770	10453	11.91
9169	stop_203_12519	7.52
13701	9030	4.443333333333333
18150	10324	3.746666666666667
9171	18239	10.646666666666667
17778	17834	8.585
7411	12941	10.501666666666667
8369	8538	4.541666666666667
13036	stop_285_58429	16.193333333333335
12901	stop_12_19	10.6
stop_203_12519	stop_1234_362129	11.315
18359	18357	1.2016666666666667
8104	stop_283_57619	4.5
13628	17546	7.378333333333333
12343	12546	13.946666666666665
stop_12_19	stop_12_21	3.73
18294	stop_272_46429	11.131666666666666
9050	stop_207_12919	10.898333333333333
11281	14028	9.676666666666668
17722	17725	3.0566666666666666
13913	13161	12.701666666666666
13186	8103	8.758333333333333
10331	13845	10.611666666666668
12886	14127	14.41
12966	stop_204_12619	14.951666666666666
10053	17590	5.828333333333333
9966	9967	0.445
stop_273_46519	stop_342_268529	17.03666666666667
12888	12870	17.831666666666667
stop_1486_372439	stop_1489_127119	12.381666666666666
12854	stop_345_268819	8.416666666666666
8790	18128	5.010000000000001
12841	stop_294_61419	14.986666666666668
12854	12861	1.3150000000000002
13740	8305	12.223333333333333
13180	12840	15.043333333333333
8249	9046	9.448333333333332
stop_227_36219	stop_230_36519	15.383333333333333
12367	13637	9.108333333333333
7646	13331	4.738333333333333
18234	17267	11.923333333333334
12855	8095	12.308333333333334
12719	stop_852_324249	2.735
10427	10430	0.5433333333333333
11681	11650	18.38
13080	8361	16.505
7928	stop_240_38219	5.25
12899	7948	9.378333333333334
7366	8367	14.516666666666667
10016	stop_571_303719	6.875
12672	12234	11.796666666666665
13906	12457	5.285
18328	10016	4.8149999999999995
13037	17215	12.251666666666667
17394	10392	13.283333333333333
7998	8404	7.64
10050	10048	7.6433333333333335
17765	7416	11.503333333333334
14127	8616	5.418333333333334
13663	8616	6.328333333333333
8000	13486	7.085
7367	13746	12.815
13177	stop_225_36019	14.038333333333332
7434	stop_1234_362129	12.153333333333334
stop_386_285919	stop_386_285929	0.9583333333333334
13204	11159	10.088333333333333
10915	11760	8.053333333333333
8537	8404	11.606666666666666
13002	10245	5.828333333333333
12302	9981	13.786666666666667
7369	17587	10.773333333333333
stop_1488_3319	stop_1489_127129	12.201666666666666
stop_199_11229	stop_246_40849	12.388333333333332
13179	8362	13.003333333333334
12970	stop_225_36029	5.638333333333334
8326	stop_1491_372329	13.243333333333334
12998	stop_303_68119	10.273333333333333
12958	stop_1234_362129	5.526666666666667
18029	12930	7.511666666666667
stop_1494_373119	stop_1494_373129	0.3766666666666667
10211	10209	4.641666666666667
12907	stop_246_40839	10.218333333333334
13674	10135	11.301666666666668
13345	11551	13.943333333333333
7840	8887	11.15
18295	stop_243_39219	8.508333333333333
17566	stop_1494_373119	11.925
18235	9860	11.41
12144	17824	11.536666666666667
12457	12966	10.146666666666667
7804	18025	7.838333333333334
11508	stop_316_94629	11.871666666666666
8788	11474	10.933333333333334
13865	7689	8.146666666666667
17916	stop_246_40839	8.943333333333333
11734	9060	10.75
7931	8405	9.358333333333333
stop_189_7319	stop_205_12729	10.413333333333332
7478	17668	8.316666666666666
18283	10267	5.558333333333334
7905	stop_230_36519	0.0016666666666666668
17703	stop_1494_373119	9.615
8020	stop_254_42429	13.356666666666666
18294	18170	8.51
17540	17588	6.745
stop_216_31929	stop_325_136019	12.175
stop_292_61219	stop_293_61329	2.9883333333333337
10145	10123	12.733333333333333
11027	11026	2.8466666666666667
10165	17539	10.633333333333333
10277	10278	0.55
13669	10053	12.348333333333333
10848	stop_243_39229	8.818333333333333
8027	13696	7.256666666666666
13974	17942	9.196666666666665
7729	9380	9.656666666666666
7446	10323	10.888333333333332
8301	8247	8.251666666666667
7746	12542	10.986666666666668
8128	17956	11.971666666666666
17538	17588	11.68
8415	9714	9.088333333333333
10264	10084	12.511666666666667
7825	14053	7.925
18080	7957	5.6433333333333335
18170	11742	12.976666666666667
18332	9147	9.771666666666667
8906	stop_203_12549	11.168333333333333
7905	17909	8.205
11019	18203	11.916666666666666
12318	stop_329_253919	9.983333333333333
7822	stop_282_57529	14.328333333333335
7472	stop_202_12419	8.620000000000001
13188	17976	6.238333333333333
13417	8902	14.758333333333333
14043	14049	9.866666666666667
10560	13723	13.348333333333333
11809	9695	8.878333333333334
11808	11809	15.691666666666666
10648	10603	1.4383333333333332
12318	8402	7.825
12868	stop_1495_373519	8.023333333333333
13707	7396	9.091666666666667
stop_361_282119	stop_1280_364339	6.841666666666667
12852	12851	13.328333333333335
13737	9490	13.315
9972	12554	4.413333333333333
18275	13260	13.516666666666667
18321	7480	4.036666666666666
8903	8902	0.035
12897	9923	12.533333333333333
8020	8017	5.510000000000001
10135	10136	1.1183333333333332
11136	11137	1.0033333333333334
stop_224_35939	stop_227_36219	6.6850000000000005
13714	stop_205_12729	7.766666666666667
8608	stop_334_258229	12.846666666666666
7396	12304	8.81
7492	7503	14.563333333333333
8492	8497	10.653333333333334
12298	7512	14.611666666666668
12509	13171	6.736666666666666
17892	17891	0.7899999999999999
8990	9000	12.436666666666667
11651	12582	17.77
7398	13706	9.021666666666667
13620	stop_272_46419	13.413333333333332
7441	10323	11.093333333333334
11909	stop_335_260819	8.453333333333333
12851	stop_299_63219	1.6466666666666667
17588	17589	5.908333333333333
8381	12135	1.7633333333333332
18292	13651	8.043333333333333
8367	17589	5.493333333333334
17540	17549	10.375
12138	11171	10.031666666666666
9923	8017	7.29
8115	stop_293_61319	14.775
17537	stop_1490_366229	4.525
13717	stop_339_62119	4.61
13180	13179	1.0683333333333331
7971	stop_272_46419	9.128333333333334
11680	11686	9.756666666666666
10232	10079	13.788333333333332
10445	13704	9.655
11562	7734	10.371666666666666
8643	stop_346_269029	12.423333333333334
11803	13032	11.381666666666666
13136	13145	7.8149999999999995
8298	stop_242_38819	6.64
11548	13105	9.0
12846	12854	7.541666666666667
17267	17272	3.885
13342	13383	6.823333333333333
18289	8617	10.555
14005	stop_302_67919	8.693333333333333
12009	12941	12.305
8643	10313	14.34
stop_225_36029	stop_227_36229	10.845
8337	12902	4.951666666666667
11306	9899	10.014999999999999
13789	12319	10.718333333333334
7908	12022	17.191666666666666
7849	13209	17.901666666666664
8404	stop_239_37929	10.935
7928	7980	12.463333333333333
17215	17876	9.75
18349	17376	12.751666666666667
13130	11183	8.215
7985	18290	10.961666666666668
17330	8971	1.875
9393	18101	14.335
10000	10064	9.360000000000001
10164	18283	9.84
7721	10352	13.663333333333332
12905	7960	16.683333333333334
12342	17692	7.121666666666667
12920	stop_277_56729	7.233333333333333
8265	18124	13.545
7951	8336	13.556666666666667
stop_278_57029	stop_820_315829	9.023333333333333
10353	10358	5.118333333333334
8326	stop_570_303629	9.735000000000001
9030	9032	0.9933333333333334
11516	stop_425_287129	4.37
stop_12_21	stop_254_42419	9.013333333333332
8332	17760	8.903333333333334
12869	stop_574_304039	10.011666666666667
17282	8095	7.236666666666666
12997	stop_304_68229	6.738333333333333
12998	13329	7.086666666666667
10603	stop_225_36019	11.001666666666667
8127	stop_316_94619	14.941666666666666
17274	17273	5.8983333333333325
12350	stop_302_67929	10.66
8197	8384	9.596666666666666
8404	stop_328_253819	11.843333333333334
13950	12488	11.208333333333334
17543	stop_1552_378519	15.353333333333333
8336	13695	7.318333333333333
12917	8135	11.121666666666666
11600	11592	5.12
18248	9980	4.783333333333333
12910	stop_253_42329	1.3383333333333334
18030	stop_276_56119	13.696666666666665
13373	13354	5.265
13720	stop_283_57629	11.686666666666667
8195	8187	17.23
9815	18128	8.754999999999999
18389	stop_250_41819	8.898333333333333
12959	stop_203_12539	10.025
10897	12749	13.533333333333333
18248	17718	18.186666666666667
stop_219_32229	stop_1102_347029	8.078333333333333
12470	stop_278_57019	9.06
7959	7970	5.833333333333333
8922	13479	7.941666666666666
stop_260_30	stop_261_45119	13.233333333333333
13696	stop_253_42329	7.005
13899	stop_952_331019	9.175
7957	17987	13.788333333333332
10213	18342	14.375
17668	17836	8.318333333333333
17545	18334	14.751666666666667
13553	stop_217_32029	13.243333333333334
12303	18265	11.468333333333334
12907	7946	8.266666666666667
12985	stop_292_61229	12.331666666666667
10402	17386	15.78
stop_298_63019	stop_298_63049	2.8233333333333333
8015	stop_13_28	13.705
17577	stop_1494_373119	0.46499999999999997
17790	17787	10.716666666666667
9119	8630	21.003333333333334
10231	10078	4.065
9980	18265	9.651666666666667
8123	stop_316_94629	8.59
12949	8299	6.506666666666666
10460	12405	10.065
10716	11079	12.521666666666667
12570	7495	15.896666666666667
11321	stop_224_35919	13.79
12910	8021	7.005
18065	stop_3_7	12.923333333333334
8794	8793	3.518333333333333
13385	10760	12.161666666666667
11814	11813	0.09833333333333334
8166	13678	14.998333333333333
10116	12853	7.5600000000000005
10465	stop_1343_364719	10.985000000000001
10170	stop_296_62329	12.553333333333335
13972	13973	5.65
18409	12739	12.771666666666667
14053	8935	11.531666666666666
8104	stop_214_31319	18.916666666666668
12909	8021	11.313333333333333
stop_188_7219	stop_189_7339	9.838333333333333
10459	10449	10.145000000000001
7441	18150	12.616666666666667
13249	11355	7.3116666666666665
stop_223_35829	stop_226_36129	11.241666666666667
13479	13481	10.351666666666667
12403	17458	6.2716666666666665
12959	13052	10.995000000000001
18297	9147	6.448333333333333
7891	7511	14.493333333333334
12923	stop_571_303729	9.526666666666667
stop_298_63049	stop_299_63219	7.955
17940	stop_208_13029	12.131666666666666
14028	17379	10.648333333333333
17911	stop_1556_381029	9.496666666666666
7813	stop_222_35739	7.051666666666667
12931	18295	7.403333333333333
9120	stop_1487_373619	14.341666666666667
10220	10546	9.883333333333333
10500	stop_1_1	16.745
8906	11913	12.535
17970	8709	13.49
7964	17690	5.618333333333334
12952	stop_241_38329	4.298333333333333
8210	12332	24.75
17661	17663	8.571666666666665
13643	10354	11.016666666666667
17307	13480	25.048333333333336
10560	stop_224_35929	14.451666666666666
13720	13180	4.308333333333334
12306	stop_1487_373629	11.601666666666667
7781	9407	1.0816666666666668
10648	stop_222_35729	8.67
10081	stop_1487_373629	8.815
7804	stop_311_82319	13.370000000000001
13377	13378	0.9983333333333333
17912	17949	7.221666666666667
stop_189_7339	stop_852_324239	9.566666666666666
8645	stop_346_269019	15.815
12950	stop_241_38329	7.8133333333333335
9169	12893	10.065
8325	17563	10.565
7820	stop_216_31919	9.161666666666667
17552	12570	15.195
18065	8692	7.215
7395	17830	9.703333333333335
12984	stop_314_92249	10.528333333333334
stop_189_7329	stop_189_7349	0.335
12993	stop_301_63729	5.39
8732	8733	9.476666666666667
12953	7928	12.97
stop_207_12919	stop_207_12929	2.01
8095	10169	7.401666666666667
11969	8862	18.883333333333333
7707	7711	0.2783333333333333
stop_425_287119	stop_574_304029	12.353333333333333
8056	12980	8.236666666666666
10700	13722	12.343333333333334
stop_219_32219	stop_852_324239	14.591666666666667
18092	17552	11.226666666666667
17416	17417	1.035
7426	stop_188_7219	12.941666666666666
10849	stop_252_42029	9.43
12869	17940	10.921666666666665
8381	13299	14.653333333333334
12908	stop_248_41319	7.596666666666667
13136	13138	11.215
11173	11174	1.4366666666666668
11915	18008	10.715
12941	7820	3.9616666666666664
stop_13_25	stop_248_41329	13.041666666666666
12717	stop_188_7229	10.888333333333332
17753	12736	10.738333333333333
12917	stop_275_56019	12.161666666666667
11638	11639	6.016666666666667
7971	12355	15.645000000000001
13054	stop_282_57529	23.708333333333332
8240	stop_841_317630	14.896666666666667
18357	10550	8.771666666666667
stop_568_303219	stop_1102_347019	13.611666666666668
12409	10125	13.233333333333333
7500	8000	11.838333333333333
11798	12980	2.353333333333333
8337	stop_255_42929	4.511666666666667
13860	13858	10.838333333333333
12930	stop_277_56729	12.011666666666667
stop_10_3	stop_328_253819	5.866666666666666
8020	stop_12_19	7.2733333333333325
10991	stop_204_12629	9.216666666666667
11569	18044	11.061666666666667
8899	stop_570_303629	18.735
12329	12335	6.17
7483	17779	10.061666666666667
7948	stop_248_41319	15.203333333333335
14011	14009	3.6166666666666667
7985	stop_328_253819	9.863333333333333
12367	12346	1.0416666666666667
8522	10172	6.848333333333333
18225	13554	10.411666666666667
9138	17834	9.020000000000001
13737	12326	11.756666666666666
14165	stop_188_7229	8.591666666666667
7441	stop_1493_373019	15.893333333333334
13177	11248	13.261666666666667
7950	stop_253_42319	11.731666666666666
7411	7516	9.479999999999999
10244	10724	15.763333333333332
13135	13133	6.8
7512	stop_203_12529	8.118333333333334
8351	8668	4.573333333333333
7822	stop_213_31139	9.118333333333334
9141	11798	8.095
7392	12594	3.5083333333333333
7516	12306	13.386666666666667
8801	stop_335_260829	7.8516666666666675
12358	12337	4.711666666666667
13722	stop_204_12629	9.956666666666667
12902	stop_253_42319	11.776666666666667
17957	stop_952_331019	9.428333333333335
8906	stop_852_324249	8.26
13023	12908	13.57
10602	12009	8.676666666666668
12518	stop_841_317639	2.0966666666666667
17836	17834	5.151666666666667
7965	stop_342_268519	6.301666666666667
12570	17311	12.905
12917	17959	4.761666666666667
7369	stop_1486_372429	13.33
7509	12303	10.718333333333334
18284	17590	16.37333333333333
8361	13631	14.020000000000001
18390	stop_12_20	7.218333333333334
8166	14141	8.928333333333335
13630	10232	13.351666666666667
13180	11311	9.8
11650	8779	20.151666666666664
8616	stop_841_317650	6.975
8512	13361	3.5083333333333333
10449	10597	7.251666666666667
10055	8618	6.8983333333333325
8091	stop_213_31139	21.346666666666668
12717	stop_1234_362129	13.873333333333333
13117	11478	12.301666666666668
7993	stop_237_37719	11.726666666666667
10236	10080	2.925
7950	8015	1.4849999999999999
12900	stop_13_27	6.385000000000001
9147	stop_13_28	8.264999999999999
stop_299_63219	stop_306_71619	8.771666666666667
stop_343_268619	stop_345_268829	11.768333333333334
10491	8369	13.905
17539	13699	16.933333333333334
14048	11722	18.245
11811	11814	10.028333333333334
12989	stop_298_63029	8.531666666666666
12954	12952	9.718333333333334
18359	10142	9.321666666666665
17218	stop_1342_364619	9.221666666666666
10096	stop_296_62319	11.120000000000001
9916	14165	6.253333333333333
stop_207_12929	stop_233_36929	14.360000000000001
12941	stop_214_31319	11.998333333333333
12546	13677	7.303333333333333
8667	11727	16.183333333333334
11507	13666	10.44
18045	13774	10.876666666666667
13054	10559	13.695
8197	13390	10.771666666666667
11248	stop_219_32219	7.635000000000001
stop_187_7129	stop_568_303219	11.093333333333334
stop_222_35729	stop_568_303239	12.846666666666666
12926	12917	6.958333333333333
17546	stop_1491_372329	8.691666666666666
17586	17562	6.173333333333333
7505	7463	14.345
12929	11478	12.418333333333333
12957	stop_237_37729	11.68
stop_237_37729	stop_241_38319	7.088333333333334
12718	stop_222_35719	7.836666666666667
8367	10050	8.756666666666666
stop_291_61119	stop_314_92239	6.4399999999999995
10040	13954	12.115
12948	stop_241_38319	1.2683333333333333
8238	12331	21.75
18332	stop_250_41829	6.906666666666666
8350	18362	11.956666666666667
13667	9540	14.101666666666667
7722	10353	9.778333333333334
7489	7494	9.828333333333335
13714	9878	11.371666666666666
12323	stop_199_11229	13.120000000000001
12332	10145	13.93
11432	stop_230_36539	14.163333333333332
13715	stop_189_7339	1.1933333333333331
18284	stop_1494_373129	18.831666666666667
stop_188_7229	stop_852_324229	9.768333333333334
8409	8537	11.903333333333334
9119	7811	6.553333333333333
18370	17690	1.8783333333333334
17247	stop_345_268829	4.3100000000000005
12660	12658	9.858333333333333
7360	18345	13.254999999999999
10052	17562	13.833333333333334
9038	11475	10.825
13899	13114	7.864999999999999
18409	11472	1.1183333333333332
10108	8145	14.633333333333333
stop_230_36519	stop_1103_347129	16.546666666666667
12993	8608	15.225
12996	stop_840_317519	4.33
18225	10063	8.451666666666666
10109	12988	7.885000000000001
13723	stop_279_57129	13.18
12847	17247	4.111666666666666
7511	stop_189_7339	13.975
17918	stop_230_36549	14.273333333333333
13862	13863	10.655
12688	9714	15.775
17909	12878	7.468333333333334
stop_216_31919	stop_216_31929	1.3566666666666667
8222	stop_572_303819	15.493333333333334
7984	stop_1_1	11.756666666666666
13077	13324	2.8033333333333332
12402	17830	7.9399999999999995
12948	stop_329_253929	11.193333333333333
8118	7897	7.008333333333334
8361	stop_216_31919	6.721666666666667
13327	12995	13.068333333333333
10064	17774	9.511666666666667
12298	13587	8.968333333333334
13746	18288	6.4366666666666665
13165	9720	9.868333333333334
18332	18311	8.568333333333333
9723	8522	10.754999999999999
13183	stop_957_333829	1.6216666666666666
7648	11915	15.513333333333332
10976	10975	1.3783333333333334
stop_12_20	stop_248_41319	8.248333333333333
7822	stop_318_96029	12.835
11008	8298	6.91
stop_259_44919	stop_259_44929	1.4366666666666668
18292	stop_252_42019	7.016666666666667
7805	13054	1.9466666666666665
9935	12354	14.541666666666666
13719	7897	13.201666666666666
7483	7492	13.521666666666667
7840	10956	14.281666666666666
11433	stop_202_12429	13.988333333333333
9149	18274	14.751666666666667
10142	10127	12.356666666666666
stop_189_7319	stop_335_260819	4.96
7631	12587	16.511666666666667
10445	12368	7.760000000000001
stop_243_39219	stop_252_42029	13.565
7471	stop_322_117319	12.981666666666666
9138	18146	7.775
7434	stop_189_7349	7.733333333333333
13054	12940	11.26
8233	8220	5.676666666666667
12908	13651	4.578333333333333
7371	17541	7.923333333333333
13808	13810	5.931666666666667
12851	12850	1.4433333333333331
9633	9634	0.9149999999999999
11977	stop_852_324229	6.1483333333333325
9169	stop_203_12559	7.7316666666666665
12959	stop_852_324239	11.403333333333334
9540	9541	1.59
17713	17717	15.611666666666668
10559	stop_325_136029	14.893333333333334
17778	8304	12.021666666666667
8471	9381	6.828333333333333
13447	10171	11.985000000000001
11914	18007	17.959999999999997
12958	stop_189_7349	10.893333333333334
8327	17713	10.466666666666667
13036	stop_290_61029	9.191666666666666
18328	stop_13_25	2.375
9372	9374	7.9350000000000005
10210	10594	15.821666666666665
8672	11507	1.8150000000000002
7542	17712	18.403333333333332
12983	stop_344_268719	5.111666666666666
12747	13850	8.828333333333335
8604	stop_1103_347129	15.103333333333333
7908	13586	16.891666666666666
13650	10492	12.348333333333333
11661	11663	10.286666666666667
8528	18240	5.716666666666667
18292	18310	7.946666666666667
17914	stop_313_86719	12.906666666666666
12339	12358	8.561666666666667
12888	13670	13.45
stop_1486_372439	stop_1491_372319	7.864999999999999
9547	14127	16.931666666666665
13705	17589	14.183333333333334
17549	8327	5.319999999999999
13819	12135	17.01
12324	17412	18.058333333333334
12962	8389	12.573333333333332
8182	10612	11.981666666666666
12855	10168	9.129999999999999
13714	stop_335_260819	0.525
8745	13927	7.423333333333333
8293	12837	10.695
18335	17501	4.775
13651	8020	4.955
13080	8090	21.15666666666667
8358	stop_227_36229	11.026666666666667
11433	12958	8.396666666666667
7968	7961	1.0216666666666667
stop_285_58419	stop_314_92219	15.698333333333332
9847	8505	5.391666666666667
18328	12897	11.648333333333333
13005	stop_302_67929	7.696666666666667
11282	14073	5.548333333333333
18161	13960	15.473333333333333
17765	7394	15.873333333333333
9169	7462	5.6883333333333335
13204	13200	5.423333333333333
17891	17501	10.658333333333333
9850	17794	1.2316666666666667
10245	stop_298_63019	3.45
8413	8615	13.133333333333333
12319	13485	6.823333333333333
11174	10202	10.826666666666666
8128	stop_276_56119	6.983333333333333
13480	12572	13.796666666666665
17330	9044	15.053333333333335
7371	stop_1491_372319	8.37
10481	10157	13.196666666666665
8537	11008	10.896666666666667
10000	13707	15.276666666666667
11331	11333	3.7616666666666663
7498	stop_237_37719	11.088333333333333
12516	14013	5.5633333333333335
7416	7394	4.578333333333333
13722	12401	5.845
7596	13843	11.55
stop_325_136029	stop_852_324219	12.453333333333335
17392	17408	2.3866666666666663
8358	stop_316_94619	15.691666666666666
12595	stop_1491_372319	13.558333333333334
12907	stop_250_41819	6.86
7460	13740	3.555
12943	stop_328_253829	1.2950000000000002
12945	stop_237_37719	8.91
8021	8768	13.535
10070	17778	11.675
10139	8201	7.628333333333333
18295	stop_246_40819	14.045
stop_277_56719	stop_321_115419	11.751666666666667
18101	18100	9.295
18151	8645	10.479999999999999
13055	stop_233_36919	4.855
12144	8371	8.435
12457	7434	12.958333333333334
7439	7446	7.2266666666666675
11514	17771	6.463333333333334
7803	8631	7.911666666666666
12318	stop_242_38829	14.743333333333334
13019	13752	0.9783333333333334
10095	11169	10.563333333333333
7566	11214	17.848333333333336
8899	stop_186_7039	10.379999999999999
7590	12749	18.763333333333332
7478	17778	13.943333333333333
12849	stop_314_92219	9.698333333333332
9041	11636	7.713333333333334
12860	stop_820_315829	4.375
10041	13716	12.286666666666667
17703	stop_1552_378519	2.878333333333333
10133	12333	12.935
18293	13058	7.2733333333333325
10109	10170	1.7083333333333333
13819	10135	7.245
13701	7500	12.598333333333333
17591	18155	16.3
13413	11628	15.616666666666667
stop_242_38819	stop_329_253929	5.98
12850	11169	14.613333333333333
7494	17583	5.58
13669	8325	10.771666666666667
stop_3_6	stop_3_7	0.7416666666666667
stop_226_36129	stop_1103_347119	14.389999999999999
13132	11182	11.313333333333333
13531	13656	9.981666666666666
17344	11164	5.921666666666667
18334	17964	12.19
13351	8471	11.795
8906	stop_204_12639	5.778333333333333
12466	stop_316_94629	13.58
8003	8299	9.616666666666667
18345	18257	8.316666666666666
18297	stop_250_41829	8.620000000000001
10153	10154	11.075
12943	12356	10.516666666666667
13186	stop_214_31329	15.85
stop_222_35719	stop_222_35729	0.9966666666666666
12999	12997	8.535
11527	11540	0.3416666666666667
10716	17765	10.756666666666666
13707	8374	11.263333333333332
7891	10603	10.146666666666667
17830	18320	13.8
13058	7970	9.328333333333335
10171	stop_3_7	15.448333333333332
12136	12502	10.841666666666667
11571	11572	7.546666666666667
8223	8230	6.735
18275	10487	10.691666666666666
18321	12309	11.948333333333332
8405	8299	14.183333333333334
stop_219_32219	stop_224_35939	13.176666666666668
10139	stop_841_317650	11.663333333333332
9149	stop_852_324229	9.42
13385	18366	8.388333333333334
13853	13849	4.8983333333333325
13749	stop_3_7	10.375
7742	7741	6.571666666666667
12141	12503	4.755
7396	12302	3.565
17567	17965	6.973333333333333
12898	stop_12_24	7.666666666666667
7961	18202	4.906666666666666
8492	13141	10.973333333333333
12509	13167	13.303333333333335
7512	stop_852_324229	5.7266666666666675
7471	7512	7.868333333333334
11701	9583	10.875
stop_300_63419	stop_301_63729	3.4383333333333335
13620	stop_274_46619	11.785
12851	stop_301_63719	14.861666666666668
8631	13689	9.175
10075	10235	4.293333333333334
8336	stop_12_24	11.841666666666667
18292	18390	12.258333333333333
8769	stop_1_2	11.218333333333334
stop_1280_364319	stop_1280_364339	2.0883333333333334
11913	stop_219_32239	12.135
13728	10110	8.538333333333332
7402	17561	9.139999999999999
8075	8672	9.351666666666667
17537	stop_1492_372629	11.28
9904	stop_343_268629	11.768333333333334
7971	stop_274_46619	14.479999999999999
13376	13346	7.975
10770	9393	0.3716666666666667
13666	18029	2.0933333333333333
13177	12845	12.283333333333333
12298	stop_222_35739	6.306666666666667
17825	8862	11.416666666666666
10444	10613	11.981666666666666
13637	stop_334_258229	13.514999999999999
8975	9038	2.2083333333333335
17908	stop_219_32229	13.173333333333334
8799	13670	6.29
8604	9505	9.486666666666668
18152	stop_346_269019	6.6866666666666665
7999	stop_241_38329	14.266666666666667
12846	12984	7.691666666666666
17706	17576	9.148333333333333
18363	8391	9.795
11652	11651	0.16
18234	11335	11.431666666666667
9505	stop_1103_347119	14.69
7368	7365	1.695
17416	17420	8.643333333333334
13366	12828	8.926666666666668
18152	12862	11.058333333333334
11306	12849	9.781666666666666
13789	17949	12.068333333333333
8951	11016	10.316666666666666
8404	stop_241_38329	5.208333333333333
8781	8776	10.141666666666667
17591	stop_1492_372629	12.198333333333332
12986	stop_343_268629	14.915
13749	8692	10.741666666666667
17913	17953	9.406666666666666
12139	12136	5.358333333333333
10000	7414	11.751666666666667
9980	13539	2.5433333333333334
7400	12961	16.66166666666667
8252	9045	14.501666666666667
12905	7977	8.678333333333335
7421	7399	12.975
17215	18055	7.628333333333333
18025	8098	12.773333333333333
8862	10766	7.17
8799	8296	9.688333333333333
18023	stop_1493_373019	11.375
12928	stop_275_56029	1.2816666666666667
13178	8088	7.846666666666667
13346	13349	0.21833333333333332
12595	stop_570_303619	10.361666666666668
8631	stop_283_57619	10.446666666666665
8332	7928	4.755
12320	7936	17.561666666666667
7809	stop_213_31129	8.753333333333334
17282	10168	9.725
7802	13554	17.12
11174	11446	11.425
12998	10706	9.985000000000001
7964	stop_1_2	16.253333333333334
10673	10669	11.353333333333333
10603	stop_227_36219	1.3116666666666668
18277	17585	13.636666666666667
11192	13547	9.988333333333333
13054	stop_318_96029	11.643333333333334
12939	7390	6.886666666666667
17941	stop_203_12529	14.905
12849	stop_279_57139	11.545
12932	stop_245_40729	10.735000000000001
12878	stop_232_36829	4.5616666666666665
12910	stop_255_42929	13.116666666666667
stop_259_44919	stop_331_254829	5.25
7447	7483	5.965
11017	11018	4.33
13891	9753	9.686666666666667
13718	8899	13.241666666666667
9482	9716	12.145000000000001
18389	stop_253_42319	8.016666666666667
12959	stop_204_12629	5.638333333333334
12966	stop_186_7029	9.941666666666666
13802	11213	12.093333333333334
10108	10724	8.571666666666665
17949	17952	12.476666666666667
7959	stop_330_254329	14.081666666666667
18079	stop_9_18	1.8433333333333333
13669	17547	5.765
10040	10045	4.693333333333333
10043	10224	18.89
17919	17913	1.6516666666666666
13717	stop_820_315819	2.0683333333333334
18161	stop_323_126219	1.5216666666666667
18146	17835	6.846666666666667
10168	stop_289_58919	8.46
17668	8297	11.46
12907	8018	11.29
11540	18279	6.405
9142	10724	13.229999999999999
18029	17955	17.44
9026	17779	3.146666666666667
8973	9044	18.811666666666667
13053	17918	12.298333333333334
stop_298_63019	stop_300_63429	8.728333333333333
8801	stop_1234_362129	8.665
stop_232_36829	stop_386_285929	8.443333333333333
17577	stop_1552_378519	9.49
18359	11237	13.733333333333333
7959	10500	9.243333333333334
13668	8539	5.876666666666667
10231	10075	13.735000000000001
12949	10848	11.041666666666666
7390	7398	1.345
12859	stop_296_62319	9.646666666666667
13852	17813	12.246666666666666
stop_219_32239	stop_222_35719	8.961666666666668
stop_318_96019	stop_1487_373619	10.943333333333333
18389	8015	7.405
stop_203_12539	stop_230_36539	10.406666666666666
18334	17544	5.255
11564	11570	6.331666666666666
8234	8224	12.346666666666666
stop_225_36019	stop_225_36029	0.89
18299	17401	10.588333333333333
10170	stop_298_63029	7.708333333333333
14166	11909	13.923333333333334
12859	13693	16.41166666666667
10151	12416	13.421666666666665
13542	10787	12.295
13749	stop_1280_364319	14.881666666666666
13679	13671	13.49
18287	stop_237_37729	14.9
8768	stop_257_43529	14.776666666666667
17586	stop_1489_127119	5.791666666666667
stop_263_45319	stop_264_45429	3.441666666666667
7803	7747	11.535
10041	10209	10.014999999999999
13628	stop_1486_372439	8.53
13063	8238	12.395000000000001
18297	18389	8.775
10001	7412	13.171666666666665
12594	7375	14.618333333333334
11213	17981	7.5183333333333335
7743	9805	11.863333333333333
12560	18265	11.043333333333333
7805	8362	23.491666666666667
12305	17562	13.32
10221	10260	16.228333333333335
7813	stop_224_35929	12.478333333333333
18015	18017	8.896666666666667
17567	17543	7.803333333333333
13524	10923	3.8733333333333335
10077	10074	14.531666666666666
stop_214_31329	stop_282_57529	18.98
7717	11189	12.446666666666665
10055	stop_1492_372619	10.870000000000001
18296	7957	11.143333333333334
7379	17562	11.129999999999999
17771	stop_8_15	16.771666666666665
8317	stop_343_268619	4.626666666666667
stop_216_31929	stop_311_82329	10.275
13720	13183	4.6033333333333335
7781	13375	5.97
9935	stop_273_46529	9.248333333333333
7368	stop_183_6119	15.639999999999999
10052	stop_1489_127119	10.55
7369	7482	12.923333333333334
13037	stop_314_92239	1.01
12411	13094	16.77
13344	13774	4.833333333333333
12950	stop_243_39229	11.503333333333334
7820	stop_219_32219	12.125
7930	stop_241_38319	12.435
12901	7957	9.229999999999999
stop_189_7329	stop_202_12419	17.066666666666666
14049	13301	9.24
11969	18017	3.9283333333333332
13369	13366	6.62
11079	7407	13.438333333333333
11730	9061	11.548333333333334
8118	stop_279_57119	0.9833333333333333
8296	17928	13.229999999999999
7813	stop_311_82329	13.556666666666667
18092	17478	12.535
13036	9549	10.816666666666666
stop_204_12629	stop_852_324239	5.888333333333334
8205	stop_306_71619	6.251666666666667
13865	10680	10.481666666666666
12869	12877	14.541666666666666
7430	13715	10.861666666666668
7985	stop_241_38329	9.675
12908	stop_252_42019	9.183333333333334
9120	7809	11.004999999999999
13620	11742	15.548333333333334
13525	17619	6.931666666666667
11604	12589	14.9
stop_6_13	stop_245_40729	9.048333333333334
12613	18016	1.4583333333333333
12952	7929	6.8116666666666665
stop_264_45419	stop_1076_317419	11.895000000000001
11251	17478	1.5383333333333333
8254	8249	11.838333333333333
7417	7387	11.139999999999999
12897	8403	13.115
7802	stop_213_31119	12.383333333333333
stop_13_25	stop_252_42029	6.4783333333333335
13337	9381	5.4399999999999995
12717	stop_189_7349	9.655
8245	8365	4.28
12917	stop_276_56139	8.248333333333333
7971	11742	3.06
12141	10201	4.705
8027	18312	9.803333333333335
14040	8923	10.556666666666667
13952	11821	6.475
7930	stop_329_253929	14.393333333333334
8363	stop_282_57529	7.97
8248	17695	9.345
10351	12375	11.603333333333333
13444	18234	11.551666666666668
7413	17775	6.4366666666666665
13789	stop_245_40719	5.413333333333333
7822	stop_782_314129	6.746666666666667
13715	stop_322_117319	8.035
17346	17348	0.8133333333333332
stop_335_260819	stop_852_324239	5.035
10991	stop_207_12919	10.101666666666667
9810	13385	3.6083333333333334
9149	stop_204_12619	13.65
9923	stop_330_254319	13.418333333333333
12961	13628	6.543333333333334
stop_189_7319	stop_1234_362119	12.081666666666667
12615	8911	6.371666666666667
9916	18274	11.323333333333332
stop_204_12639	stop_335_260829	9.128333333333334
13661	18305	14.561666666666667
7511	stop_322_117319	8.396666666666667
12908	18310	10.801666666666668
7951	stop_255_42919	12.603333333333333
8442	8447	23.626666666666665
7411	7421	14.096666666666666
13631	stop_318_96029	5.345
12346	13637	8.17
13651	stop_252_42029	12.753333333333334
7512	stop_204_12619	1.0799999999999998
8351	12364	12.193333333333333
8435	8440	11.066666666666666
9026	7492	9.185
7392	17546	8.005
7495	8305	11.003333333333334
7516	7426	7.489999999999999
10463	10543	4.555000000000001
12902	stop_255_42919	1.0366666666666666
13704	13637	3.9316666666666666
12945	10262	12.065
12932	8002	16.465
17836	8304	9.911666666666667
10379	17398	16.081666666666667
11509	8130	11.620000000000001
stop_230_36539	stop_386_285919	4.148333333333333
7369	stop_1488_3319	8.675
7434	stop_322_117329	13.048333333333334
10043	10594	8.626666666666667
10444	10445	0.86
18390	stop_13_26	13.951666666666666
17401	10423	2.0683333333333334
7471	10991	2.3233333333333333
9032	8305	15.223333333333333
13932	13933	9.895000000000001
7951	7948	11.441666666666666
7950	7948	5.128333333333333
17939	8075	9.886666666666667
13714	stop_1234_362119	10.971666666666666
8873	17813	0.5733333333333334
12958	stop_322_117329	4.931666666666667
13532	13535	1.4233333333333333
13651	7950	12.496666666666666
8414	14013	7.843333333333334
18328	stop_313_86719	9.686666666666667
17827	10988	4.911666666666666
10560	8103	11.753333333333334
stop_224_35929	stop_225_36019	5.948333333333333
13706	stop_1486_372419	9.988333333333333
13198	10669	13.305
12951	13486	11.67
12677	12915	10.936666666666667
9166	7447	10.453333333333335
7670	9778	0.755
13421	13420	4.805000000000001
11507	12926	15.413333333333332
13444	11334	13.851666666666667
13688	14013	10.838333333333333
10330	7590	15.270000000000001
17567	7366	14.278333333333334
11248	stop_221_32529	12.71
12886	10465	10.555
stop_267_45939	stop_273_46519	7.4
17705	stop_1494_373119	10.381666666666666
10136	10142	12.335
7505	7447	6.795
8925	18384	15.273333333333333
12957	stop_240_38219	2.9833333333333334
13645	stop_302_67929	7.211666666666667
17826	11616	12.396666666666667
12718	stop_223_35829	12.576666666666666
17538	stop_1488_3329	0.4583333333333333
12352	stop_267_45919	12.41
13683	7529	4.653333333333333
7885	13631	11.593333333333334
12836	12020	6.828333333333333
7515	7416	11.17
11708	13203	14.566666666666666
9660	9675	10.405
7432	stop_187_7119	0.7133333333333333
18079	12353	10.476666666666667
9049	11432	4.371666666666667
12951	13710	14.386666666666667
7414	10346	13.626666666666667
11708	11159	20.14
8528	13446	5.9783333333333335
8409	8404	5.6899999999999995
12660	17349	12.083333333333334
11583	13364	6.713333333333334
10053	17588	10.691666666666666
12934	9932	15.893333333333334
8355	9568	6.248333333333333
13371	13370	0.018333333333333333
8389	13042	3.395
stop_216_31929	stop_957_333819	10.968333333333334
8512	8579	10.981666666666666
8278	11648	3.4650000000000003
stop_216_31919	stop_219_32229	6.448333333333333
14053	11713	10.566666666666666
8630	stop_957_333819	8.553333333333335
12402	12966	8.678333333333335
8770	12320	27.158333333333335
10166	13680	11.53
13616	11741	19.06833333333333
12366	14006	6.151666666666667
12121	12555	4.595
13653	8170	14.83
12298	13723	8.985000000000001
10015	8003	12.821666666666665
13023	stop_6_13	9.988333333333333
13194	13839	15.57
10545	8241	18.701666666666664
7648	18003	8.846666666666666
7504	17668	11.74
8809	8859	1.3216666666666665
17958	stop_276_56139	12.08
7805	7803	11.8
13946	13815	13.925
12145	12305	10.315
9935	11741	12.881666666666666
11433	stop_203_12549	1.2816666666666667
13058	9935	19.64333333333333
8089	stop_282_57519	8.276666666666667
stop_9_18	stop_255_42919	11.4
12880	stop_6_13	5.591666666666667
8214	13094	8.128333333333334
7434	stop_202_12419	10.575
13447	stop_3_7	5.131666666666666
8233	8230	13.395000000000001
7525	10871	14.216666666666667
12908	18390	8.84
11722	13211	10.243333333333334
7946	stop_12_24	7.326666666666667
9169	stop_205_12719	12.59
10183	10188	7.961666666666667
9051	stop_205_12729	8.666666666666666
stop_314_92249	stop_1280_364339	12.360000000000001
stop_8_15	stop_8_16	0.48833333333333334
9938	9933	8.381666666666666
13715	7512	13.155
12855	8643	11.945
10193	10082	3.525
13397	8699	29.69
12958	stop_202_12419	10.673333333333334
18023	10053	8.25
12939	stop_183_6129	2.4383333333333335
12875	stop_5_10	12.115
10201	12502	9.933333333333334
13486	stop_13_25	11.451666666666666
12842	stop_957_333829	15.061666666666667
8672	12928	8.878333333333334
11477	11476	0.9766666666666667
13023	17916	9.248333333333333
8768	stop_330_254319	3.368333333333333
7358	10037	7.260000000000001
7511	7512	1.4016666666666666
14042	17711	7.191666666666666
7885	stop_216_31919	6.568333333333333
12339	8614	10.806666666666667
12986	stop_290_61029	4.795
stop_222_35729	stop_227_36219	8.796666666666665
9291	9482	1.24
12880	17916	5.345
10110	10222	5.596666666666667
8328	8326	8.996666666666666
12738	17743	8.366666666666667
12905	7971	14.966666666666667
12931	12319	9.531666666666666
12946	stop_239_37919	5.458333333333333
8223	8692	10.955
12962	17830	9.479999999999999
13905	stop_570_303619	12.681666666666667
stop_314_92259	stop_361_282119	7.746666666666667
13080	8091	20.884999999999998
stop_285_58419	stop_314_92259	14.061666666666667
12464	9086	0.89
13720	9900	15.228333333333333
17892	stop_1493_373019	5.838333333333334
12677	12470	2.0683333333333334
8390	9875	13.033333333333333
13005	stop_304_68229	11.201666666666666
12535	8154	33.50666666666667
12322	12568	9.29
stop_208_13029	stop_232_36819	13.793333333333333
9672	17734	12.763333333333332
10245	stop_299_63219	8.226666666666667
7367	18333	12.171666666666665
17673	8729	8.918333333333333
10096	13001	9.926666666666668
7412	stop_196_8719	15.083333333333334
13693	10855	9.208333333333334
8681	8682	0.5399999999999999
8128	stop_277_56729	10.270000000000001
12355	stop_330_254329	8.741666666666667
8249	8301	6.428333333333333
12472	11507	8.998333333333333
10481	10200	8.425
13421	9501	6.2716666666666665
7480	7448	12.05
10594	11233	8.576666666666666
13416	12602	11.688333333333333
13722	8389	10.958333333333334
stop_242_38819	stop_243_39219	13.55
9035	12577	16.238333333333333
stop_1488_3319	stop_1493_373029	6.796666666666667
7667	7666	4.883333333333334
8522	8232	6.9383333333333335
12009	stop_221_32519	7.756666666666666
18029	18144	8.913333333333332
12855	12856	2.0349999999999997
10602	stop_227_36229	5.968333333333334
7460	7448	9.72
8253	13474	9.688333333333333
12945	stop_239_37929	3.775
8021	12352	14.703333333333335
18281	18342	6.95
10070	7444	12.95
11611	11613	12.141666666666667
18151	8222	14.42
11651	8780	13.201666666666666
7520	13683	4.888333333333334
9978	stop_246_40819	12.771666666666667
9722	18055	12.08
13054	stop_782_314129	12.413333333333332
7624	7625	10.521666666666667
17552	17697	12.933333333333334
13124	12017	5.444999999999999
13019	13620	12.85
8899	stop_188_7229	14.996666666666666
10150	13681	5.466666666666667
7527	7525	0.6483333333333333
8337	stop_331_254819	10.67
9542	9544	12.946666666666665
7956	12352	13.758333333333333
7478	7444	15.093333333333334
8299	7980	9.468333333333334
12849	stop_314_92259	11.696666666666665
13011	10943	7.7
7471	stop_203_12529	0.9933333333333334
12129	12127	7.7266666666666675
10109	8147	6.425
13819	8229	18.240000000000002
7498	stop_328_253819	11.45
13815	9360	20.15
7809	12307	11.97
7894	stop_278_57019	13.758333333333333
7419	7413	1.2083333333333333
12663	12669	8.02
7459	7457	13.131666666666666
13183	7822	11.553333333333335
8253	8980	9.206666666666667
12852	11169	13.97
17567	12314	13.715
12945	stop_328_253819	12.908333333333333
18170	10500	16.08833333333333
9493	17973	5.3100000000000005
10493	8353	6.4350000000000005
10665	13206	1.21
12904	8021	13.293333333333333
13076	12232	10.793333333333333
8003	10848	9.116666666666667
18297	stop_253_42329	11.866666666666667
13297	11735	5.551666666666667
stop_222_35719	stop_224_35919	12.68
11713	8924	15.611666666666668
12953	stop_10_3	9.405
9878	7511	13.506666666666666
13639	17918	6.638333333333334
7891	7893	10.721666666666666
9533	12668	13.488333333333333
13680	13656	14.103333333333333
12883	stop_6_12	9.32
7680	13333	12.081666666666667
10463	8214	22.026666666666664
13809	13929	7.838333333333334
10440	18183	2.1
stop_219_32219	stop_226_36119	15.516666666666667
7809	13631	7.798333333333333
11680	11661	18.85
stop_314_92249	stop_343_268619	10.79
12134	7398	11.563333333333333
9049	stop_203_12539	0.6783333333333333
13385	8661	14.78
17727	17728	0.965
12441	8698	11.746666666666666
13058	10500	13.026666666666667
12898	stop_13_28	11.575
9722	stop_3_6	5.048333333333333
13665	8358	15.604999999999999
13025	stop_338_56929	8.226666666666667
10313	stop_289_58929	1.4766666666666666
7471	13053	11.168333333333333
12302	7375	11.475
17986	stop_274_46619	11.785
10545	12415	10.24
9704	9688	6.095
9968	9941	4.63
12961	stop_183_6119	4.633333333333334
7379	stop_1489_127119	12.879999999999999
7381	stop_1489_127129	12.604999999999999
13722	stop_1102_347029	13.643333333333334
10001	12140	15.708333333333334
8103	8630	3.2
11913	stop_222_35729	12.983333333333333
9388	17274	13.091666666666667
8075	12927	14.389999999999999
12883	17914	9.943333333333333
9904	stop_345_268829	1.1666666666666667
8801	12966	6.441666666666666
8118	stop_226_36119	14.321666666666665
17877	12738	8.173333333333334
8372	7371	10.825
18320	7477	13.661666666666667
stop_226_36119	stop_279_57129	14.56
13013	8684	11.65
12298	stop_224_35929	8.335
13336	13334	8.136666666666667
17566	9138	20.09333333333333
7472	7460	8.575
12362	8613	16.848333333333333
stop_214_31329	stop_318_96029	11.496666666666666
7411	stop_1487_373619	13.525
stop_221_32519	stop_226_36129	7.486666666666666
17547	7375	9.703333333333335
10770	11455	14.716666666666667
8436	10976	10.15
7368	17538	10.07
9024	9025	0.5216666666666667
18291	8335	11.17
8980	8974	14.075
17750	17749	1.2366666666666668
17680	12341	4.193333333333333
12887	stop_1556_381029	6.34
17591	stop_1494_373129	6.681666666666667
9049	13052	12.336666666666668
12472	12677	2.2366666666666664
14047	14051	5.083333333333333
8113	9541	11.663333333333332
7721	10354	10.051666666666668
11760	13525	7.39
11248	stop_1487_373629	9.528333333333334
7931	7985	12.026666666666667
9142	stop_306_71629	1.02
12928	stop_277_56719	7.706666666666666
12574	13482	40.138333333333335
12070	13715	8.33
11516	stop_574_304019	8.651666666666667
8233	8245	8.335
13329	stop_303_68129	14.965
8373	18248	14.09
18321	7478	15.475
11747	11211	12.361666666666668
8684	13012	6.78
13042	stop_570_303619	10.058333333333334
9551	17861	12.696666666666665
10929	17268	9.808333333333334
10603	stop_230_36549	14.285
stop_1_1	stop_330_254329	12.645000000000001
12337	9715	7.08
8076	18161	11.556666666666667
stop_246_40849	stop_248_41329	11.49
13378	8576	4.088333333333334
12939	18329	14.336666666666668
17695	11475	11.558333333333334
7461	7478	15.513333333333332
12585	12586	1.6666666666666667
12932	stop_246_40849	7.163333333333333
8670	18346	4.553333333333333
8265	8269	2.39
11306	7894	15.493333333333334
12878	stop_234_37029	3.7183333333333333
7447	8419	13.401666666666667
9850	9851	3.7633333333333336
13891	10301	8.2
9810	13532	7.716666666666667
12319	stop_245_40729	6.783333333333333
13400	7631	15.963333333333333
8300	14066	12.181666666666667
13443	18240	9.093333333333334
13123	12018	15.21
12966	stop_188_7219	8.773333333333333
stop_293_61319	stop_294_61419	12.181666666666667
11730	17303	18.251666666666665
13740	7493	12.591666666666667
8115	stop_314_92249	11.033333333333333
10203	11172	4.798333333333333
7555	7553	0.525
17258	stop_841_317630	2.8216666666666668
7412	9916	12.361666666666668
10871	10872	0.8416666666666667
8374	17713	14.32
13631	stop_782_314129	2.566666666666667
17668	10324	12.633333333333333
13667	stop_291_61129	5.993333333333334
12717	stop_322_117329	7.751666666666667
12870	stop_207_12919	8.386666666666667
9756	12018	12.955
7516	7418	4.711666666666667
stop_3_6	stop_1342_364619	14.0
18029	17958	9.883333333333333
8090	8103	13.391666666666667
17739	17738	8.361666666666666
10474	8255	10.754999999999999
11717	11722	8.266666666666667
10497	12556	11.791666666666666
12531	stop_263_45329	12.735000000000001
14052	18384	11.56
7490	8305	10.546666666666665
13906	9916	11.591666666666667
stop_852_324249	stop_1102_347019	9.736666666666668
8089	stop_213_31129	17.36
8103	stop_213_31139	22.901666666666664
11537	9741	3.921666666666667
7390	18285	8.955
8000	12951	9.938333333333333
11433	stop_852_324249	13.104999999999999
8798	12870	12.911666666666667
stop_335_260829	stop_1234_362129	11.5
18344	18343	0.31
8936	18384	13.66
stop_219_32239	stop_223_35829	12.758333333333333
18389	7948	3.0133333333333336
12577	12575	9.453333333333335
12905	stop_571_303719	9.745000000000001
8234	13662	14.763333333333332
14032	13535	11.426666666666668
13300	8311	7.238333333333333
8661	13640	11.335
13679	12915	5.123333333333333
13803	13608	25.408333333333335
17912	12880	6.908333333333333
7959	13632	11.773333333333333
13753	13748	1.1533333333333333
7542	8934	8.828333333333335
7741	17600	67.61833333333333
12953	stop_237_37719	0.8383333333333333
18306	14013	14.208333333333334
13124	9755	9.545
10648	stop_1102_347019	10.543333333333333
13722	stop_335_260829	6.665
8617	stop_1488_3329	6.495
12594	7367	10.243333333333334
8497	8495	6.5183333333333335
10694	10898	6.675
12401	stop_852_324249	10.756666666666666
12355	17987	12.925
7805	8631	18.663333333333334
13817	18357	14.638333333333332
8361	8362	7.425
8240	10140	11.465
8195	stop_303_68119	10.836666666666668
17567	8618	8.901666666666667
18293	stop_272_46429	11.508333333333333
10077	10080	14.448333333333332
stop_230_36519	stop_321_115429	13.668333333333333
7764	18046	7.61
10055	stop_1494_373119	13.818333333333333
8317	stop_345_268819	8.395
17414	17416	3.9883333333333337
13720	8361	10.608333333333333
7891	stop_224_35919	12.446666666666665
13699	17778	9.376666666666667
9964	9961	11.893333333333334
stop_202_12419	stop_205_12729	9.063333333333333
12314	7488	15.326666666666666
7930	stop_243_39219	10.854999999999999
8084	8115	12.33
7675	7676	9.836666666666668
12886	stop_305_71529	8.333333333333334
7392	17588	14.191666666666666
11009	13710	12.28
stop_221_32529	stop_325_136019	7.453333333333333
10622	11506	8.391666666666667
11079	13034	14.098333333333333
17563	stop_1489_127129	9.148333333333333
8118	stop_280_57229	5.015
13152	13094	20.96333333333333
13036	17215	11.0
7964	17679	9.085
9028	9029	1.4433333333333331
9967	17508	13.881666666666666
stop_6_13	stop_246_40849	8.168333333333333
18341	18345	4.796666666666667
12718	stop_568_303219	4.488333333333333
10914	11760	8.316666666666666
12897	9926	8.916666666666666
10084	10278	11.385
10085	10278	4.008333333333334
17852	17606	9.748333333333333
9171	18237	1.7766666666666666
8182	12368	8.97
13714	stop_189_7339	4.755
13905	13706	17.029999999999998
12915	stop_276_56139	12.803333333333335
17311	13481	33.64833333333333
8398	18170	13.248333333333333
13947	13949	6.5233333333333325
9119	stop_219_32229	12.586666666666668
7407	stop_568_303239	11.871666666666666
13587	7897	8.955
13789	stop_246_40839	3.44
10871	17976	6.058333333333334
12983	stop_293_61319	6.616666666666666
8604	stop_321_115429	12.65
11909	stop_322_117319	13.761666666666667
7936	18311	15.626666666666667
17869	10492	4.985
9149	stop_205_12729	10.193333333333333
17809	12667	9.99
7482	7441	11.465
stop_222_35739	stop_325_136029	4.053333333333333
17909	stop_203_12559	14.131666666666666
stop_254_42419	stop_255_42919	6.655
13847	13848	2.546666666666667
7512	stop_205_12729	5.473333333333333
13807	13928	16.981666666666666
18293	18170	8.305
10559	stop_957_333829	7.6866666666666665
9969	13821	9.546666666666665
10090	10091	14.061666666666667
stop_291_61129	stop_293_61329	8.885
14142	14005	15.833333333333334
7392	17549	8.465
18206	18208	9.221666666666666
12341	17682	12.386666666666667
7516	14166	9.156666666666666
10449	10458	9.671666666666665
12595	10053	12.531666666666666
13718	18274	10.17
7532	10871	8.95
10300	10301	6.891666666666667
7609	8705	2.5683333333333334
13752	stop_267_45939	0.9016666666666667
stop_307_71819	stop_307_71829	1.1466666666666667
8300	8247	8.333333333333334
7741	12542	9.886666666666667
17680	18073	8.764999999999999
17724	17721	10.153333333333334
18312	stop_255_42919	4.14
12974	stop_13_25	14.278333333333334
13538	17381	12.163333333333332
8076	17956	11.92
18202	11742	12.915
8645	8220	14.028333333333334
12717	12022	5.67
17775	13261	12.503333333333334
7369	stop_1490_366219	9.883333333333333
10474	10153	1.91
9709	9708	1.155
14032	10241	3.295
12940	12941	2.19
7400	7394	5.968333333333334
12352	stop_9_17	8.636666666666667
13738	7961	16.85
8233	8692	11.876666666666667
11553	11554	6.263333333333334
9428	13544	11.883333333333333
13532	7359	11.185
13651	8017	9.085
17308	12577	7.92
17539	17891	9.458333333333334
stop_224_35929	stop_227_36219	7.668333333333334
13486	stop_313_86719	12.468333333333334
9916	12402	14.606666666666666
7809	stop_196_8719	14.076666666666666
stop_237_37719	stop_240_38229	8.763333333333332
7670	7675	9.796666666666665
8260	8262	10.91
11508	stop_275_56029	7.636666666666667
8788	8951	5.201666666666667
12961	stop_570_303629	1.095
12893	stop_5_11	10.72
10734	10736	6.47
17392	17412	6.5233333333333325
8801	8898	1.995
8057	17510	8.56
18277	17718	5.741666666666666
12326	10612	8.371666666666666
7568	17380	16.096666666666668
12886	8210	12.035
18286	18028	14.721666666666666
12953	18287	14.743333333333334
17543	stop_1488_3319	13.153333333333334
17705	stop_1552_378519	3.6883333333333335
12331	12333	11.53
9895	13695	10.001666666666667
17587	17589	5.711666666666667
12887	12875	11.151666666666667
8018	7952	13.285
13446	17878	5.843333333333334
8617	17577	9.74
11977	stop_186_7029	13.285
7894	stop_225_36019	0.8350000000000001
17538	stop_1490_366229	5.25
9889	13405	7.296666666666667
7461	stop_1234_362119	14.513333333333332
8635	17627	17.131666666666668
17950	stop_6_12	9.6
13683	7531	12.218333333333334
13180	12970	11.76
18316	18315	1.6383333333333332
8358	stop_820_315819	7.988333333333333
13634	14142	11.129999999999999
7515	7394	11.716666666666667
12366	12350	13.365
7432	stop_189_7319	8.598333333333333
7368	stop_1493_373029	16.078333333333333
stop_203_12519	stop_203_12539	1.74
18244	stop_204_12639	5.778333333333333
13183	stop_283_57629	8.838333333333333
stop_223_35819	stop_1102_347029	5.7316666666666665
stop_13_26	stop_243_39229	10.104999999999999
10402	18105	8.846666666666666
12718	10700	9.03
10781	12670	60.725
10274	13891	1.34
10269	11591	11.966666666666667
8355	17869	13.555
10591	18342	9.071666666666665
13705	17587	8.506666666666666
7493	17836	3.3033333333333332
10226	8311	13.793333333333333
stop_246_40819	stop_246_40839	2.481666666666667
12920	13665	1.6483333333333334
12719	stop_189_7319	10.305
13696	stop_331_254819	12.736666666666668
10015	7946	12.953333333333335
12948	12949	6.98
11742	stop_273_46519	17.541666666666668
14053	8924	6.635000000000001
11515	stop_425_287129	5.288333333333333
7930	7931	3.466666666666667
7804	stop_214_31319	4.073333333333333
stop_12_20	stop_254_42419	10.563333333333333
13178	7893	10.435
12466	stop_820_315829	0.6933333333333334
10227	12503	12.763333333333332
8389	stop_189_7329	10.866666666666667
8108	stop_289_58929	10.9
18306	13678	13.081666666666667
9369	9371	11.613333333333333
13058	9938	15.083333333333334
10117	12853	9.795
18225	stop_217_32029	8.911666666666667
13004	12996	7.885000000000001
7452	stop_10_3	12.72
12938	17561	7.09
11730	18387	13.238333333333333
18158	12576	9.665
12923	8021	13.108333333333333
8801	9051	13.853333333333333
8798	7460	10.496666666666666
17950	stop_575_304119	9.366666666666667
11621	13406	9.243333333333334
8402	10849	13.668333333333333
9569	17868	7.463333333333334
11332	17877	13.673333333333334
18349	18309	1.7716666666666667
13724	9147	11.961666666666668
12958	stop_203_12539	8.161666666666667
8826	8827	0.43166666666666664
8164	13673	0.9683333333333334
13665	13671	15.716666666666667
stop_213_31119	stop_311_82329	14.798333333333334
10560	stop_214_31329	9.188333333333333
18155	17307	11.805
8776	10770	8.653333333333334
7381	stop_183_6119	13.575
9505	stop_321_115419	3.3666666666666667
11638	11354	13.298333333333334
18235	17274	9.678333333333335
7535	8709	5.633333333333334
8294	12836	10.388333333333332
12360	17690	9.581666666666667
12900	9147	10.425
7610	7605	1.475
13705	17561	12.095
17706	stop_1492_372619	15.025
8576	9415	9.408333333333333
12986	stop_292_61229	11.264999999999999
12941	stop_325_136019	12.903333333333334
17549	7368	14.286666666666667
7437	17965	11.421666666666665
17386	17389	19.236666666666668
13817	8230	8.036666666666667
stop_305_71529	stop_307_71819	7.885000000000001
9035	7985	15.033333333333333
17850	17724	11.295
13132	8442	15.773333333333333
17283	12984	10.743333333333334
stop_314_92239	stop_314_92249	0.7816666666666666
13179	stop_226_36129	7.585
stop_5_11	stop_203_12519	12.886666666666667
13607	18221	28.926666666666666
17330	13750	10.683333333333334
13587	stop_224_35939	10.625
stop_214_31329	stop_782_314129	11.129999999999999
18013	13956	14.486666666666668
11105	17379	15.153333333333334
12952	7928	3.941666666666667
12967	12940	3.73
13718	stop_222_35729	12.055
12464	10924	7.816666666666666
7434	13052	11.503333333333334
11961	11960	1.5766666666666667
10468	stop_1343_364719	10.173333333333334
14165	14166	2.4583333333333335
7424	stop_318_96019	12.185
stop_208_13029	stop_234_37019	13.25
8980	11475	6.368333333333334
8432	10723	1.6
10456	10450	11.731666666666666
18277	11106	1.5966666666666667
8127	stop_275_56019	16.268333333333334
13693	18029	9.629999999999999
11794	12979	12.648333333333333
17908	13722	11.768333333333334
7454	stop_245_40719	6.025
12958	13052	11.601666666666667
9014	9013	0.3733333333333333
12860	stop_277_56719	16.283333333333335
7480	7439	8.935
7498	stop_241_38329	14.33
18271	18272	1.5366666666666666
7454	12881	6.4766666666666675
10838	stop_301_63729	10.868333333333334
8522	10550	11.471666666666666
18032	18011	12.396666666666667
12009	stop_222_35739	4.135
8216	10139	4.79
11516	stop_1495_373529	12.816666666666666
7959	7965	8.93
7460	7439	14.731666666666666
17258	stop_307_71819	11.086666666666668
9018	9019	1.3900000000000001
12658	9529	5.181666666666667
11770	10706	14.283333333333333
12871	stop_574_304029	1.1083333333333334
12945	stop_241_38329	2.8433333333333333
10139	12332	18.666666666666668
18334	7441	11.516666666666667
17501	10070	16.58
17543	17576	7.046666666666667
8003	stop_252_42029	13.241666666666667
10226	10227	0.3283333333333333
7407	stop_186_7019	5.721666666666667
12333	12335	9.018333333333334
stop_285_58429	stop_291_61129	15.443333333333333
12939	7392	6.803333333333333
8801	stop_322_117329	5.180000000000001
13352	13378	1.7583333333333333
9490	12326	9.193333333333333
17282	18055	11.725
8478	12902	2.5133333333333336
8576	8577	1.05
10063	13629	12.685
13722	stop_188_7229	5.721666666666667
12861	stop_285_58429	7.4783333333333335
8362	11248	14.676666666666668
10717	stop_318_96029	14.175
10182	10183	8.881666666666666
7471	stop_204_12619	6.788333333333333
12917	13117	7.503333333333333
8123	stop_275_56029	8.688333333333333
17566	18335	11.993333333333334
7462	stop_203_12529	13.508333333333333
stop_222_35719	stop_1102_347019	1.9916666666666667
8644	13686	15.026666666666667
7419	17762	4.9783333333333335
8791	8789	8.935
13074	11527	8.908333333333333
10373	10407	0.4033333333333333
10848	stop_252_42029	9.520000000000001
12893	17940	8.538333333333332
17567	10070	17.011666666666667
7950	stop_330_254329	13.778333333333334
8217	stop_841_317639	13.398333333333333
8431	8435	18.611666666666668
13135	13138	10.395000000000001
12574	12573	33.568333333333335
12536	12534	5.71
13855	13846	0.755
13186	stop_221_32519	12.15
18285	17585	12.085
7968	18370	16.003333333333334
13054	13080	1.2733333333333334
7891	12010	4.444999999999999
stop_1_2	stop_342_268529	9.95
8408	12950	12.635
12338	13398	15.861666666666668
12546	8384	8.236666666666666
10050	8618	8.896666666666667
10991	stop_1234_362129	10.371666666666666
12747	17813	4.931666666666667
18240	14153	5.8533333333333335
12964	stop_323_126219	7.591666666666667
17956	17959	4.918333333333334
7524	7532	5.176666666666667
9753	9754	1.115
12134	18285	14.403333333333334
9049	stop_204_12629	7.641666666666667
13447	stop_1342_364619	16.62666666666667
8241	8778	6.576666666666667
12328	10121	10.781666666666666
11732	12572	13.068333333333333
13665	12472	12.84
18008	18005	5.786666666666666
17849	11749	12.588333333333333
8002	stop_13_27	10.061666666666667
7471	7472	13.011666666666667
8072	8342	5.091666666666667
8128	13666	1.5266666666666666
13179	8630	8.376666666666667
8584	stop_952_331019	4.486666666666666
12307	stop_219_32219	13.843333333333334
12961	stop_186_7039	10.725
7381	stop_1491_372329	7.986666666666666
8350	8668	4.92
13127	8436	7.3966666666666665
10824	12743	15.998333333333333
18304	11478	15.501666666666667
13443	13446	11.998333333333333
12877	stop_208_13019	15.691666666666666
8075	8128	5.611666666666666
10151	13095	7.36
8801	7434	8.936666666666667
12349	10379	17.168333333333333
12974	9978	12.066666666666666
13058	13632	9.035
stop_219_32239	stop_568_303219	12.026666666666667
12298	stop_225_36029	12.858333333333333
8669	8221	13.291666666666666
stop_278_57029	stop_279_57119	10.243333333333334
12362	18362	14.626666666666667
stop_297_62419	stop_424_287019	11.185
13724	8337	15.56
13178	stop_224_35919	9.215
13205	13237	6.6866666666666665
18289	17591	6.83
8974	9038	3.8316666666666666
8089	13631	14.295
17915	9978	5.008333333333334
18298	10426	26.233333333333334
11653	8779	20.163333333333334
18291	12901	7.631666666666666
13710	stop_571_303729	15.208333333333334
18285	stop_1491_372329	13.104999999999999
9657	9656	1.5916666666666666
13114	11478	11.078333333333335
17680	10510	13.626666666666667
8412	8145	5.003333333333333
17563	stop_183_6119	11.733333333333333
10064	10063	2.2216666666666667
8137	12988	12.363333333333333
8342	8339	6.72
8618	17591	15.146666666666667
8608	8192	11.873333333333333
18294	stop_1_1	10.598333333333333
8625	18065	8.296666666666667
8015	stop_252_42019	8.255
17567	stop_1492_372619	5.276666666666667
7481	7463	14.860000000000001
11333	11336	8.754999999999999
stop_318_96029	stop_782_314119	7.033333333333333
13179	stop_282_57519	6.605
17566	7482	15.198333333333332
stop_189_7319	stop_322_117319	7.836666666666667
11729	7874	5.65
13587	stop_279_57119	14.185
8371	8373	1.155
stop_213_31129	stop_216_31919	12.343333333333334
14141	9714	20.756666666666668
18057	12883	12.036666666666667
11420	stop_329_253929	1.6016666666666666
7891	stop_568_303239	12.883333333333333
10484	10592	9.996666666666666
17778	7492	4.141666666666667
17321	11171	16.313333333333333
12521	stop_841_317619	2.115
18314	18296	2.6683333333333334
10631	12979	16.675
7492	17928	14.373333333333333
7461	7490	16.026666666666667
12585	10824	12.983333333333333
17539	12312	9.318333333333333
18042	18039	4.25
11794	11797	0.9149999999999999
12342	10511	10.591666666666667
8138	8146	2.4066666666666667
12319	stop_246_40849	10.456666666666667
7503	8304	8.94
stop_222_35719	stop_335_260819	11.568333333333333
13443	18364	15.898333333333333
12966	stop_189_7339	1.6833333333333333
12961	7404	8.648333333333333
9120	stop_213_31119	7.796666666666667
8909	13863	5.895
9900	stop_290_61029	8.225
stop_222_35739	stop_852_324239	7.319999999999999
17970	7535	8.078333333333333
18341	12560	6.5616666666666665
12841	stop_285_58419	1.5633333333333332
13740	7503	4.328333333333333
13661	13114	6.781666666666666
10179	10182	10.438333333333333
9643	9644	7.823333333333333
stop_227_36229	stop_1103_347129	2.9099999999999997
7970	7968	6.823333333333333
11801	11802	7.72
13667	stop_293_61329	5.251666666666667
10081	stop_213_31129	12.238333333333333
7516	17775	10.275
13714	stop_322_117319	6.668333333333334
11474	14066	8.308333333333334
7400	8389	8.053333333333333
stop_314_92219	stop_1280_364359	12.098333333333333
stop_224_35949	stop_225_36019	3.8666666666666667
13718	stop_204_12619	9.335
10095	stop_298_63019	9.57
12135	10227	7.333333333333333
stop_852_324249	stop_1234_362119	14.123333333333333
11470	11471	8.96
8103	stop_216_31929	13.976666666666667
7368	10052	5.296666666666667
10459	10458	11.163333333333332
14130	stop_841_317630	12.628333333333334
17394	17395	9.865
12941	18274	14.833333333333334
7998	12953	13.79
8710	stop_13_26	12.581666666666667
13425	17896	11.254999999999999
13152	17342	15.126666666666667
13166	13169	5.5183333333333335
12967	stop_318_96029	10.971666666666666
stop_841_317639	stop_1342_364619	13.053333333333335
10825	13855	8.516666666666667
12850	stop_298_63019	8.543333333333333
13849	13850	11.831666666666667
9587	9589	8.115
10164	8617	4.576666666666667
10383	17412	12.401666666666667
9051	stop_1234_362119	10.895000000000001
12366	stop_302_67929	9.629999999999999
9074	9072	7.741666666666666
13300	17342	7.045
13679	10855	9.178333333333335
12970	stop_221_32519	5.163333333333333
8326	stop_1486_372419	6.368333333333334
12958	stop_852_324239	10.764999999999999
9050	12022	7.651666666666667
12946	12945	2.7266666666666666
10116	8615	13.475
12407	12348	18.986666666666668
13838	13840	4.866666666666666
12504	12586	17.795
stop_570_303629	stop_1486_372429	12.886666666666667
12594	10055	14.896666666666667
7928	11008	3.71
11438	18239	6.041666666666667
17566	stop_1488_3319	6.4
12974	stop_313_86719	6.111666666666666
9387	17267	9.071666666666665
9167	11955	11.031666666666666
8338	7952	8.215
8894	8893	6.736666666666666
13899	13660	4.145
14166	stop_186_7039	10.458333333333334
17549	stop_1491_372319	9.456666666666667
9918	7980	14.798333333333334
7931	8408	13.441666666666666
10612	stop_302_67929	12.33
8405	stop_237_37719	7.498333333333333
7452	18287	5.428333333333333
17715	17380	5.98
8187	14013	9.54
stop_203_12549	stop_204_12639	7.568333333333333
7781	13348	10.603333333333333
13138	13146	15.173333333333334
9451	9460	11.356666666666666
10165	18023	3.5116666666666663
13699	7444	10.78
10015	stop_250_41819	9.851666666666667
8668	18363	6.383333333333334
9051	7908	11.201666666666666
10823	12749	12.018333333333334
18030	12926	12.088333333333333
12366	13688	11.393333333333334
12314	18028	5.364999999999999
7446	17778	6.989999999999999
7385	13656	14.001666666666667
10131	12333	9.328333333333335
17344	10732	12.033333333333333
12886	stop_307_71829	1.5483333333333333
stop_283_57629	stop_284_57719	5.791666666666667
8359	stop_278_57029	0.175
17919	8074	11.95
18320	stop_189_7329	11.076666666666666
8906	stop_189_7319	7.616666666666666
stop_189_7349	stop_852_324219	9.723333333333333
13080	7822	10.598333333333333
17563	stop_1491_372329	4.53
11233	13680	1.8083333333333333
18285	7379	5.858333333333333
13616	13081	8.648333333333333
7358	13656	6.636666666666667
10716	10062	8.345
17914	stop_6_13	1.3433333333333333
13011	11810	27.623333333333335
stop_303_68119	stop_334_258219	4.538333333333333
7424	12307	4.923333333333333
12852	10117	7.193333333333333
12613	8858	6.6066666666666665
8076	stop_276_56119	7.455
7952	12911	1.9816666666666667
stop_292_61219	stop_1280_364329	13.74
10753	9044	14.925
9878	stop_852_324219	7.53
11332	11333	4.871666666666667
8090	stop_214_31329	23.73166666666667
8399	9918	25.916666666666668
8182	12997	9.715
14073	17715	13.03
7396	8374	2.171666666666667
8899	18320	3.7416666666666667
stop_325_136019	stop_852_324219	11.736666666666668
10015	10849	9.01
13179	7811	11.858333333333333
10081	stop_318_96019	4.386666666666667
7930	12949	10.375
18304	9568	14.97
12900	stop_250_41829	8.71
11945	9546	3.993333333333333
18282	10591	6.923333333333333
7441	17778	11.163333333333332
11909	stop_325_136019	11.278333333333334
7965	stop_257_43529	9.395000000000001
stop_11_22	stop_346_269029	7.114999999999999
8367	17965	10.426666666666668
17540	13705	4.085
9588	9587	0.6033333333333334
8297	7502	3.7483333333333335
9895	stop_12_24	10.436666666666667
13324	12233	16.608333333333334
13018	13752	2.485
17914	17916	1.6233333333333335
8252	8787	14.873333333333333
12931	8003	14.26
8135	stop_323_126229	11.35
17950	stop_1556_381029	12.685
13644	stop_840_317519	13.381666666666666
7444	7449	7.788333333333333
stop_304_68229	stop_334_258229	12.511666666666667
10956	14017	7.626666666666667
10114	10113	3.841666666666667
18092	17965	3.6766666666666667
11311	stop_290_61019	10.104999999999999
7523	7524	7.883333333333334
10039	10199	8.0
stop_301_63719	stop_304_68229	9.111666666666668
12957	18158	12.386666666666667
12304	17561	10.148333333333333
10257	18257	13.301666666666668
12595	8325	10.585
stop_277_56729	stop_339_62119	15.056666666666667
13100	13102	0.9299999999999999
9651	9652	7.3933333333333335
10053	17892	14.061666666666667
17245	stop_3_7	8.770000000000001
8362	12845	10.798333333333334
8630	13689	2.005
13954	13925	2.1933333333333334
12900	18311	5.056666666666667
10095	13001	3.481666666666667
18244	13639	12.238333333333333
7893	7885	13.368333333333334
8672	9505	12.185
13680	18257	12.093333333333334
8780	13299	13.151666666666667
13714	7512	8.718333333333334
9434	9752	11.729999999999999
10474	10154	12.985000000000001
7452	12954	10.751666666666667
17544	9138	19.696666666666665
stop_230_36549	stop_232_36819	12.108333333333333
17416	17389	11.948333333333332
17910	stop_5_10	0.8066666666666666
12137	12502	10.045
11606	7680	7.151666666666667
12351	10613	5.308333333333334
8599	12849	1.54
7948	stop_13_25	14.553333333333335
12850	13001	13.201666666666666
11306	stop_226_36129	13.948333333333332
13699	12570	14.411666666666667
stop_267_45929	stop_272_46429	11.97
stop_224_35949	stop_279_57139	10.495000000000001
11654	9393	12.801666666666668
13331	17628	5.826666666666667
13693	stop_339_62119	15.728333333333333
stop_237_37719	stop_242_38829	11.111666666666668
17588	stop_1488_3319	12.123333333333333
8973	11355	10.695
stop_277_56719	stop_277_56729	0.91
10351	10496	0.8566666666666667
7424	stop_782_314119	10.245000000000001
13062	18055	12.893333333333334
11508	stop_277_56719	4.933333333333334
8130	stop_275_56029	14.258333333333333
12942	stop_239_37919	14.79
12949	stop_239_37929	11.708333333333334
17549	stop_570_303619	13.603333333333333
7568	17376	15.635
13639	9049	6.528333333333333
17508	17513	6.385000000000001
8404	7928	8.233333333333333
13706	7369	15.673333333333334
12992	12989	8.928333333333335
9652	9655	7.828333333333333
9895	18079	6.3516666666666675
8021	18079	11.143333333333334
7929	7985	12.845
stop_259_44919	stop_320_105129	11.458333333333334
13718	12402	7.343333333333334
18274	stop_852_324249	9.953333333333335
9389	17266	11.058333333333334
11977	stop_188_7219	8.253333333333334
7894	stop_227_36219	10.893333333333334
17538	stop_1492_372629	10.715
17566	17576	12.514999999999999
7953	8336	7.495
stop_243_39219	stop_313_86729	15.581666666666667
8630	stop_283_57619	1.4849999999999999
stop_202_12429	stop_322_117329	11.733333333333333
13180	7894	15.141666666666667
13699	7437	15.113333333333333
9453	13371	10.441666666666666
7956	18079	4.42
18305	18304	2.2216666666666667
13556	13554	5.7716666666666665
stop_203_12519	stop_204_12629	7.665
7482	stop_1493_373029	15.595
17965	stop_1493_373029	6.985
7808	stop_318_96029	12.818333333333333
17703	17576	9.586666666666668
13073	13076	5.2266666666666675
8412	10724	8.48
stop_13_26	stop_246_40829	12.770000000000001
7780	9751	17.19
13658	18344	5.3133333333333335
10452	13636	5.88
8604	stop_203_12519	12.823333333333332
8266	8268	5.005
17577	stop_1488_3319	15.025
10501	10502	0.7233333333333333
12868	stop_425_287119	13.033333333333333
10065	13050	12.729999999999999
17585	17714	4.501666666666667
stop_205_12719	stop_852_324249	9.578333333333335
stop_255_42929	stop_331_254819	6.8966666666666665
10226	17342	13.443333333333333
stop_246_40819	stop_250_41819	15.378333333333334
17836	17779	6.15
12570	7444	12.241666666666667
8770	7977	11.293333333333333
13018	9551	7.483333333333333
18334	18092	7.515
13679	11509	4.326666666666667
13616	10499	12.871666666666666
10116	10114	11.018333333333334
11770	8538	4.923333333333333
10015	8018	13.098333333333333
12948	12951	10.860000000000001
7957	stop_253_42319	4.375
11769	13687	7.848333333333333
13307	9070	13.486666666666668
12842	stop_283_57629	6.383333333333334
18034	18033	3.183333333333333
17910	17918	13.593333333333334
12321	7936	19.10666666666667
18332	stop_13_28	2.231666666666667
10782	12233	5.8
10559	7822	4.3149999999999995
12938	7381	13.016666666666667
7402	7390	8.13
8138	11169	2.643333333333333
7437	12314	5.968333333333334
stop_1488_3329	stop_1489_127129	11.768333333333334
10150	12416	9.270000000000001
17940	stop_203_12529	15.061666666666667
7359	8661	1.8883333333333332
8801	11432	10.868333333333334
8798	13740	7.35
13669	stop_1489_127119	11.96
18293	stop_257_43519	4.855
8374	12303	4.868333333333334
7458	7457	8.788333333333332
13724	18389	8.363333333333333
stop_293_61329	stop_343_268619	6.843333333333334
13665	12915	8.431666666666667
13697	13399	9.533333333333333
18080	stop_9_18	2.2583333333333333
10332	10045	5.968333333333334
18007	10856	10.741666666666667
18147	17835	5.988333333333333
10016	12909	2.0
8367	17543	12.368333333333334
8419	17964	12.94
8478	stop_12_21	13.078333333333335
12900	18389	10.115
13705	7381	10.84
12502	11164	19.723333333333336
10166	18265	14.131666666666666
7809	8362	27.673333333333336
13905	12966	14.495000000000001
10050	stop_1492_372619	12.951666666666666
12953	12946	6.295
8345	18065	14.378333333333334
17987	stop_267_45929	4.886666666666667
17245	stop_1280_364319	0.8716666666666666
stop_232_36819	stop_386_285929	8.003333333333334
13817	11237	7.233333333333333
7897	stop_224_35919	5.453333333333333
18092	17543	10.033333333333333
stop_187_7119	stop_187_7129	0.715
13816	10467	8.261666666666667
17283	17247	6.131666666666666
10849	stop_243_39229	9.211666666666668
12869	12871	7.11
10108	12987	10.051666666666668
stop_5_11	stop_203_12559	13.368333333333334
12876	stop_575_304119	1.625
12861	12847	8.846666666666666
13587	stop_226_36119	14.291666666666666
8315	stop_296_62329	4.368333333333334
18079	7957	5.786666666666666
7553	11708	11.35
12070	11433	12.443333333333333
13327	stop_303_68129	13.815
12952	12322	12.916666666666666
13644	14082	9.111666666666668
8084	stop_224_35919	12.725
10412	17424	6.161666666666666
7417	12144	7.335
13229	13227	6.168333333333334
9900	9549	8.171666666666667
8315	12927	18.863333333333333
stop_238_37819	stop_239_37919	5.941666666666666
13492	stop_276_56139	14.415
10430	10431	5.576666666666667
10113	stop_306_71619	13.1
9778	13332	8.128333333333334
12069	13225	10.636666666666667
stop_186_7019	stop_570_303619	10.04
8951	11474	14.953333333333335
8219	18065	17.351666666666667
18064	9723	4.636666666666667
9973	12554	4.525
13746	7477	5.986666666666666
stop_224_35919	stop_279_57129	12.528333333333334
12876	17950	8.888333333333332
17908	7430	13.785
7930	7983	12.936666666666667
9014	13017	7.616666666666666
stop_276_56119	stop_277_56719	14.053333333333335
8358	13587	7.8566666666666665
7454	13789	10.741666666666667
12329	12410	11.67
13415	7631	15.713333333333333
10449	17458	16.82
18024	7809	14.58
9149	stop_188_7219	9.815
7398	17562	13.343333333333334
12009	stop_224_35929	10.608333333333333
9138	7492	13.135
13316	10177	10.658333333333333
17614	17620	7.383333333333334
17540	17716	10.683333333333334
7411	10717	8.735000000000001
17501	18146	16.898333333333333
11169	stop_306_71629	13.021666666666667
8522	12378	9.871666666666666
7893	stop_226_36129	4.7683333333333335
7407	stop_187_7129	2.4616666666666664
12333	10124	13.973333333333333
7518	10345	9.0
stop_202_12419	stop_1234_362119	5.858333333333333
7960	7962	6.25
13036	stop_314_92239	2.6816666666666666
13720	7897	17.125
7722	12374	8.088333333333333
11909	18274	3.393333333333333
8478	18080	10.621666666666666
8135	18305	5.885000000000001
13722	stop_189_7349	9.435
18037	11544	8.778333333333334
8384	9715	14.49
9397	9398	0.4583333333333333
10062	7421	13.158333333333333
10224	13925	13.514999999999999
8123	stop_277_56719	1.7950000000000002
9568	9569	1.995
14046	13301	8.295
stop_272_46419	stop_342_268519	11.886666666666667
7459	8304	12.231666666666666
11509	8127	8.793333333333333
13664	13686	11.905
9532	11945	8.793333333333333
8252	14066	4.331666666666666
8166	8169	6.611666666666666
12016	8447	6.338333333333334
8195	13704	6.028333333333333
17703	17706	2.8883333333333336
10345	13314	10.496666666666666
9139	10070	4.358333333333333
18296	8020	5.65
8795	13168	14.116666666666667
12868	8296	12.47
18291	stop_12_19	3.0083333333333333
8229	10227	8.373333333333333
13639	stop_203_12519	5.52
stop_299_63219	stop_300_63419	12.123333333333333
7956	stop_259_44929	15.776666666666667
13241	13222	0.2783333333333333
13049	13532	12.108333333333333
10189	10440	9.665
10076	12129	0.24166666666666667
13234	13235	0.495
18328	8020	12.378333333333334
12862	stop_289_58919	1.7033333333333334
12521	8615	5.55
7998	13485	10.141666666666667
11794	11815	12.115
13180	stop_224_35949	11.858333333333333
7390	17546	10.04
9035	8408	12.775
12934	stop_272_46429	0.9133333333333333
17218	8625	10.953333333333335
12967	stop_782_314129	4.883333333333334
10760	10028	3.941666666666667
10096	8315	14.488333333333333
8906	12718	9.54
12462	13215	9.29
9049	stop_207_12919	10.78
8088	8103	4.946666666666667
8171	8308	14.379999999999999
10330	13845	8.76
17546	stop_1486_372419	2.29
12518	14127	12.541666666666666
11514	stop_574_304029	11.783333333333333
stop_273_46529	stop_342_268529	17.08
13697	9874	28.541666666666668
8317	stop_294_61419	18.756666666666668
18307	stop_302_67929	13.433333333333334
8128	12926	5.375
13179	12840	14.908333333333333
stop_1493_373019	stop_1494_373119	11.723333333333333
7462	7472	1.2666666666666666
12368	13637	7.461666666666667
17392	10392	7.598333333333333
8144	14130	16.146666666666665
12405	12054	7.6016666666666675
9120	10081	8.746666666666666
8350	12364	12.54
8643	13713	13.663333333333332
11678	11650	13.46
9119	18024	12.023333333333333
11008	stop_240_38219	8.870000000000001
9000	13911	6.875
12322	13710	6.260000000000001
7367	8367	13.32
12671	12234	11.503333333333334
8710	stop_313_86729	5.556666666666667
18295	10016	6.7283333333333335
12306	13631	9.921666666666665
10056	10048	7.373333333333333
10081	13631	1.1533333333333333
17541	8328	10.925
18334	stop_1493_373029	13.356666666666666
17774	7416	10.995000000000001
14130	8616	4.866666666666666
10468	8616	11.263333333333332
7931	13486	6.835
17501	stop_1494_373119	5.6466666666666665
7971	7959	0.5183333333333333
13080	stop_283_57629	27.563333333333333
13178	stop_225_36019	13.638333333333332
stop_6_13	stop_199_11229	12.315
8974	11636	11.086666666666668
12957	8404	10.191666666666666
10244	10245	1.3383333333333334
11420	stop_243_39219	9.633333333333333
10055	17587	10.376666666666667
12314	17583	7.536666666666666
12298	8604	13.383333333333333
12999	stop_303_68119	8.973333333333333
8736	8738	4.101666666666667
8801	stop_203_12539	14.788333333333332
11742	stop_257_43529	4.863333333333333
10410	17425	11.911666666666667
10208	10209	0.9316666666666666
stop_221_32529	stop_957_333819	13.045
11815	11810	9.353333333333333
13789	stop_199_11219	11.928333333333335
13662	10135	11.538333333333332
17822	11551	13.566666666666666
7822	stop_311_82319	9.748333333333333
9686	10988	4.760000000000001
7849	8887	10.428333333333335
18292	stop_243_39219	11.273333333333333
13130	12015	6.761666666666667
17567	stop_1494_373119	10.8
7424	7420	13.745000000000001
11170	stop_305_71529	1.8416666666666666
12145	17824	10.311666666666667
13042	12966	11.54
12358	9714	11.286666666666667
13054	18025	7.595
9933	12555	11.591666666666667
stop_243_39219	stop_243_39229	0.715
18288	7482	11.435
12931	stop_246_40839	6.168333333333334
9050	stop_386_285929	9.95
8228	10135	6.253333333333333
13717	stop_278_57029	9.966666666666667
7908	stop_230_36519	1.7366666666666668
10135	10142	13.056666666666667
stop_204_12619	stop_852_324219	6.868333333333334
7964	11741	10.285
17713	17562	10.781666666666666
10484	18309	9.245000000000001
17778	7458	15.828333333333335
7948	7957	14.621666666666666
9851	13123	11.313333333333333
10127	10123	11.401666666666667
18023	17539	10.401666666666667
10871	13188	6.41
10691	7529	4.465
7537	10871	4.166666666666667
17264	9860	12.771666666666667
13973	17942	9.223333333333333
7488	10323	12.795
8384	13678	10.56
12401	stop_187_7119	6.441666666666666
8138	12852	12.931666666666667
7828	14053	8.451666666666666
11909	stop_852_324229	5.845
7908	17909	8.948333333333332
17662	17663	1.26
12961	13669	11.78
9120	stop_214_31329	1.6266666666666665
13707	13657	2.6416666666666666
8015	9923	5.9350000000000005
9014	11809	25.165000000000003
9138	17965	14.521666666666667
13740	7502	10.543333333333333
8112	stop_290_61029	10.483333333333333
13372	9397	11.376666666666667
8801	13052	14.74
13132	13149	0.8283333333333334
13111	10633	11.488333333333333
8372	17549	13.013333333333332
13542	9429	7.573333333333333
7400	17830	8.006666666666666
7421	7410	10.433333333333334
7984	9923	13.74
18335	17891	5.883333333333334
18080	stop_254_42429	12.661666666666667
stop_224_35949	stop_227_36219	7.408333333333333
8104	stop_957_333819	6.721666666666667
13718	stop_205_12729	9.146666666666667
10095	stop_299_63219	12.963333333333333
7386	12304	11.261666666666667
13023	12323	10.205
10602	7512	14.936666666666667
13811	18271	7.931666666666667
stop_8_16	stop_1495_373529	7.883333333333334
18307	10612	9.879999999999999
11913	stop_335_260819	8.116666666666667
12850	stop_299_63219	0.87
10317	9533	12.389999999999999
10481	12135	6.876666666666667
12010	stop_325_136029	0.83
13720	stop_224_35939	14.491666666666667
17591	9139	19.866666666666667
12677	stop_339_62119	5.528333333333333
7959	stop_272_46419	9.066666666666666
12946	7991	9.438333333333333
11566	7734	10.85
13974	12504	5.358333333333333
11804	13032	4.508333333333334
stop_186_7019	stop_186_7029	0.6799999999999999
12966	7512	14.061666666666667
8190	12999	3.1383333333333336
8970	13754	12.611666666666668
stop_13_25	stop_313_86729	8.7
11321	8089	11.391666666666667
17265	17272	5.788333333333333
17566	stop_1490_366219	12.851666666666667
10053	stop_1490_366229	5.35
12877	stop_5_10	9.49
12144	12145	1.2266666666666666
8526	11331	13.918333333333333
12301	10211	10.623333333333333
12659	11575	7.203333333333333
8197	12688	8.215
8338	12902	4.548333333333333
13899	18144	10.17
18124	18123	0.87
14166	stop_188_7229	9.816666666666666
10242	11591	6.323333333333333
7379	18367	10.973333333333333
7478	7448	2.105
10428	10427	5.25
8645	8692	13.935
8405	stop_239_37929	10.976666666666667
8020	stop_248_41329	13.011666666666667
17414	10402	11.118333333333334
13131	11183	7.763333333333334
10165	18283	8.451666666666666
7891	stop_227_36219	9.020000000000001
17539	stop_1493_373019	4.756666666666666
8114	8144	10.03
8231	8692	11.303333333333335
8027	8336	13.978333333333333
10211	11234	12.266666666666667
8369	13329	21.3
7446	7444	7.886666666666667
stop_261_45129	stop_320_105129	8.105
stop_12_24	stop_254_42419	7.766666666666667
12945	17760	8.531666666666666
11516	13055	13.103333333333333
18314	13695	12.766666666666667
13908	9716	15.735000000000001
9167	8297	8.5
17349	10874	10.97
12318	12568	7.656666666666666
12999	13329	7.569999999999999
13616	17884	6.739999999999999
8579	9773	7.423333333333333
8169	8384	10.078333333333335
8405	stop_328_253819	11.885
13949	12488	11.561666666666667
7910	13055	4.97
7952	13695	3.453333333333333
12929	8135	9.805
11680	11681	0.6416666666666667
12134	7385	12.6
8074	17955	7.510000000000001
13419	9501	8.458333333333334
13724	stop_253_42329	1.0816666666666668
10199	11233	7.6850000000000005
8145	9142	13.520000000000001
8182	8187	16.518333333333334
8975	18128	10.436666666666667
18390	stop_250_41819	8.965
10898	12749	13.595
8899	18286	11.808333333333334
10015	8015	8.91
8523	8232	7.113333333333333
18008	18009	1.3733333333333335
8923	13479	9.126666666666667
7802	8633	2.018333333333333
18312	17987	15.004999999999999
18282	18342	6.4816666666666665
7441	7444	12.514999999999999
8419	17836	11.158333333333333
12302	18265	10.941666666666666
12718	17918	11.681666666666667
stop_298_63029	stop_298_63049	2.6766666666666667
7805	8630	26.918333333333333
8018	stop_12_21	4.614999999999999
8801	11909	15.155
7530	8708	11.521666666666667
10232	10078	3.855
12931	7946	14.491666666666667
9981	18265	8.321666666666667
12927	stop_296_62329	21.251666666666665
10717	11079	12.603333333333333
10114	13668	12.428333333333335
13724	8021	7.1
8414	12338	16.0
9551	stop_267_45929	6.5216666666666665
13314	10760	11.923333333333334
12304	7381	8.988333333333333
8125	17954	14.283333333333333
8168	13678	15.708333333333334
10169	stop_345_268829	10.935
8205	12853	4.708333333333333
7811	stop_214_31329	6.443333333333333
11472	12739	11.653333333333334
18047	13542	12.53
10346	13049	14.858333333333333
18312	stop_260_30	33.458333333333336
12900	8021	12.181666666666667
stop_188_7229	stop_189_7339	9.853333333333333
10095	12988	7.891666666666667
9741	9740	0.2733333333333333
10108	stop_298_63049	13.831666666666667
12562	9596	8.603333333333333
17283	17218	12.520000000000001
10753	17330	0.5816666666666667
10733	10735	7.6483333333333325
12850	12988	8.411666666666667
12876	stop_1556_381029	8.758333333333333
7885	11913	12.558333333333334
12070	11913	12.933333333333334
8474	8709	15.335
7965	17690	6.573333333333333
stop_12_21	stop_248_41319	9.518333333333334
18290	12357	14.968333333333334
17588	stop_1490_366219	5.926666666666667
12905	12354	9.698333333333332
10351	10354	14.785
12472	stop_338_56929	7.465
10559	13180	7.665
12307	stop_1487_373629	10.485000000000001
10603	stop_222_35729	9.923333333333334
13054	stop_311_82319	12.84
18357	12410	13.585
10544	12415	11.42
8798	stop_574_304019	7.566666666666666
10466	10201	15.486666666666668
12949	stop_241_38329	6.933333333333334
7817	18232	13.166666666666666
13639	12893	10.371666666666666
8326	17563	10.014999999999999
8328	stop_1489_127129	15.325
12983	stop_314_92249	10.563333333333333
12994	stop_424_287019	8.335
9389	17274	13.443333333333333
stop_1490_366219	stop_1493_373019	12.501666666666667
11714	11699	8.613333333333333
8108	10169	8.368333333333334
18013	8862	19.18166666666667
8224	8366	15.886666666666667
12959	stop_189_7349	9.376666666666667
7953	8478	7.725
12930	18161	9.216666666666667
9916	stop_188_7219	14.701666666666666
17878	12738	8.493333333333334
18311	stop_252_42029	3.9883333333333337
18146	7493	13.075
18305	8161	5.905
10481	13299	14.26
12505	13136	14.138333333333332
7946	stop_248_41319	8.053333333333333
10213	10163	13.206666666666667
stop_203_12519	stop_207_12919	10.938333333333333
17668	8419	11.446666666666665
12466	stop_277_56719	12.601666666666667
stop_13_26	stop_248_41329	11.673333333333334
12985	stop_285_58429	15.806666666666667
18328	stop_252_42029	4.58
11681	11659	11.473333333333333
11909	stop_204_12619	12.545
17754	12736	10.526666666666667
8801	stop_852_324239	12.558333333333334
13425	8845	5.171666666666667
7490	7493	7.0633333333333335
17218	stop_314_92249	11.735000000000001
11637	11639	0.265
7959	12355	15.583333333333334
9878	12010	4.236666666666666
stop_188_7219	stop_335_260829	9.136666666666667
8413	8412	1.5183333333333333
12885	stop_841_317630	8.616666666666667
17381	17380	0.275
7998	8000	4.611666666666666
11799	12980	2.7083333333333335
stop_12_19	stop_253_42329	11.92
7493	10324	7.618333333333334
10991	stop_322_117329	12.178333333333335
12356	17310	15.97
13332	12235	9.493333333333334
8338	stop_255_42929	4.108333333333333
12964	stop_277_56729	13.72
13899	17958	12.545
10050	17589	12.001666666666667
13347	9751	11.620000000000001
7434	stop_570_303629	18.738333333333333
13839	9642	10.935
13942	13943	6.843333333333334
10191	18053	1.1216666666666666
14010	14009	4.808333333333334
8632	stop_213_31129	16.775
12368	12346	2.216666666666667
11305	10172	5.516666666666667
10345	13535	7.806666666666667
9139	17834	8.165
12749	13845	15.498333333333333
18296	7950	13.561666666666667
18311	7950	12.365
12859	8315	11.961666666666668
10016	stop_13_26	7.605
13117	17959	9.82
8145	14130	5.41
12842	stop_285_58429	8.695
7504	8296	13.071666666666665
13178	11248	10.516666666666667
8787	18127	6.4816666666666665
13674	13662	1.8666666666666667
7523	17972	14.753333333333334
13722	stop_322_117329	9.24
18328	7950	12.935
7515	12306	14.08
8898	stop_335_260829	7.989999999999999
17987	stop_9_18	8.963333333333333
11009	12951	7.305000000000001
stop_259_44929	stop_260_30	20.875
8229	17342	12.526666666666667
12975	18332	11.326666666666666
8017	stop_12_19	12.235000000000001
12594	17590	11.76
7591	12586	10.118333333333334
8240	12518	13.141666666666667
13669	stop_1491_372319	12.498333333333333
8706	9493	1.0483333333333333
12952	stop_237_37719	10.435
12457	stop_335_260829	15.32
8210	8201	1.53
18310	stop_13_27	6.408333333333333
12929	17959	5.316666666666666
stop_13_28	stop_571_303729	12.391666666666667
stop_302_67919	stop_303_68119	11.418333333333333
8168	14141	10.19
10233	10232	5.378333333333333
13539	18265	12.195
18248	18256	5.275
7569	7553	8.168333333333333
stop_290_61019	stop_314_92229	9.471666666666666
13179	11311	9.65
10460	10597	5.8100000000000005
13517	11710	7.443333333333333
8367	8618	6.263333333333334
12950	stop_237_37719	14.18
10079	10080	0.7316666666666667
13718	stop_1102_347019	13.05
stop_299_63229	stop_306_71619	8.736666666666668
stop_343_268629	stop_345_268829	12.66
10559	10081	12.626666666666667
10050	stop_1494_373119	15.451666666666666
12993	stop_298_63029	9.360000000000001
12953	12952	10.473333333333333
8138	8616	10.556666666666667
12321	13632	12.696666666666665
8095	stop_345_268819	3.8133333333333335
17245	stop_1342_364619	9.889999999999999
13183	8361	6.881666666666666
13349	12660	8.793333333333333
7359	13680	9.92
10109	stop_296_62319	13.401666666666667
11079	14165	6.366666666666666
stop_208_13019	stop_233_36929	15.081666666666667
18092	8618	16.131666666666668
stop_187_7119	stop_189_7329	9.873333333333333
10244	stop_300_63429	11.031666666666666
10108	10245	13.155
stop_278_57029	stop_316_94629	15.58
8169	13390	11.360000000000001
12861	8108	7.0183333333333335
9460	13110	8.05
7553	13203	4.79
8154	8153	5.4766666666666675
17560	17588	12.56
8770	stop_571_303719	8.088333333333333
12035	13077	11.635
11913	13034	12.516666666666667
9878	stop_568_303239	12.225
stop_189_7349	stop_205_12719	10.496666666666666
13518	11731	9.658333333333333
stop_238_37819	stop_241_38319	10.935
12719	stop_222_35719	6.430000000000001
13299	8311	8.236666666666666
12010	11909	11.363333333333333
18357	8523	14.366666666666667
stop_568_303219	stop_852_324229	4.698333333333333
stop_307_71829	stop_841_317619	4.925
8217	12331	21.06833333333333
17908	13042	15.648333333333333
17589	stop_1489_127129	6.263333333333334
17713	stop_1489_127119	9.886666666666667
12897	8769	9.228333333333333
10355	10353	11.011666666666667
10991	stop_202_12419	10.518333333333334
13718	9878	10.936666666666667
12319	stop_199_11229	12.478333333333333
12329	10145	7.241666666666666
11433	stop_230_36539	9.768333333333334
9149	stop_189_7339	0.07333333333333333
stop_189_7319	stop_852_324229	9.756666666666666
7805	7811	12.391666666666667
13677	9714	19.038333333333334
8089	8362	7.3933333333333335
7929	stop_241_38319	5.205
12885	12852	8.583333333333334
8661	18345	10.378333333333334
8216	10140	12.353333333333333
8361	7885	12.956666666666667
10181	10182	0.245
17829	8903	3.921666666666667
stop_279_57119	stop_290_61029	12.253333333333334
9490	stop_840_317519	10.673333333333334
13631	stop_311_82319	3.555
8310	11163	2.81
10667	10668	0.8366666666666667
8672	stop_321_115429	9.981666666666666
7512	stop_189_7339	12.833333333333334
stop_1280_364329	stop_1280_364339	3.3616666666666664
14142	9714	15.811666666666667
17908	stop_187_7129	14.28
17910	12878	7.933333333333334
8236	8221	13.073333333333332
11335	18237	13.296666666666665
10062	17774	10.33
10602	13587	9.361666666666668
17682	17683	1.7
13752	13615	10.523333333333333
13186	stop_957_333829	2.191666666666667
7658	11915	15.113333333333333
17836	7458	16.315
12961	8326	8.648333333333333
17560	17549	2.7216666666666667
10095	12850	12.413333333333332
8413	9541	11.976666666666667
11509	8672	5.828333333333333
7929	stop_329_253929	6.48
7849	10956	15.456666666666667
8634	stop_841_317619	15.073333333333332
9051	stop_322_117319	13.158333333333333
9719	9720	0.3416666666666667
13132	12016	10.176666666666668
9139	18146	6.95
17957	17958	6.783333333333333
8221	8220	5.591666666666667
17687	14023	11.93
7946	13651	0.6766666666666666
13714	stop_852_324229	4.886666666666667
13639	stop_203_12559	5.7316666666666665
10931	14140	16.268333333333334
10991	12022	9.264999999999999
17539	10053	7.5233333333333325
18269	14010	9.663333333333332
10560	stop_325_136029	14.504999999999999
8098	stop_213_31119	17.578333333333333
12920	12466	13.270000000000001
8472	9381	6.705
8219	10171	5.9783333333333335
11915	18007	17.961666666666666
17657	17658	10.046666666666665
12951	18310	13.701666666666666
18295	stop_13_25	0.925
9166	7461	15.129999999999999
9371	9374	7.571666666666667
13368	10633	4.3149999999999995
13002	stop_297_62429	1.6066666666666667
7390	17549	9.848333333333333
12306	9916	6.965
8906	9050	11.35
11248	stop_213_31129	13.608333333333333
8224	13674	5.316666666666666
7977	18311	17.12
11909	12402	5.498333333333333
8127	8076	5.79
12887	13670	12.786666666666667
8118	9900	5.123333333333333
12010	stop_852_324239	10.533333333333333
13722	12022	10.931666666666667
8190	stop_304_68229	1.3416666666666666
stop_265_45719	stop_266_45819	10.95
12613	13957	18.858333333333334
7462	7505	10.643333333333334
8238	8210	4.675
7606	7609	0.42
12856	10168	10.421666666666665
13718	stop_335_260819	1.52
7722	10355	5.055000000000001
7802	8090	11.886666666666667
8359	stop_227_36229	11.07
stop_208_13029	stop_425_287119	18.978333333333335
stop_285_58429	stop_314_92219	15.496666666666666
13715	stop_186_7029	9.451666666666666
18284	stop_1490_366229	15.863333333333333
17819	13360	12.24
10488	10596	10.335
13058	stop_272_46419	18.408333333333335
10074	10079	8.264999999999999
10212	14073	11.998333333333333
13708	18290	14.188333333333333
9038	9046	4.391666666666667
17774	7394	15.365
13639	7462	7.835
17501	stop_1552_378519	7.781666666666666
10108	10095	6.735
13205	13200	0.5850000000000001
8617	17501	14.593333333333334
12942	12945	12.305
18104	18120	8.496666666666666
12957	11008	10.406666666666666
10244	12993	11.115
13061	14013	5.708333333333333
7395	7394	4.113333333333333
12402	12401	0.76
17370	8468	8.581666666666667
9034	17311	16.698333333333334
18056	17771	16.028333333333332
9856	13474	6.245
14127	stop_305_71519	14.528333333333334
8801	stop_204_12629	9.731666666666666
stop_213_31119	stop_214_31329	7.485
8359	stop_316_94619	15.578333333333335
7504	13740	5.371666666666667
12954	stop_328_253829	4.41
18292	stop_246_40819	13.063333333333333
17587	stop_1486_372429	13.16
7424	7413	14.043333333333333
11170	stop_307_71829	9.791666666666666
12145	8371	8.071666666666667
11977	7434	11.813333333333333
13042	7434	14.758333333333333
7964	7960	10.261666666666667
7483	7446	7.233333333333333
9292	9717	11.896666666666667
9909	9754	9.973333333333333
13054	7817	12.925
11970	8858	10.879999999999999
11724	11736	6.0649999999999995
17938	17955	15.486666666666668
12138	10157	10.938333333333333
7434	stop_186_7039	10.383333333333333
12602	12601	7.696666666666667
9138	12314	12.055
10499	stop_273_46519	16.631666666666668
12931	stop_250_41819	11.56
7399	7402	18.34333333333333
12923	9918	7.776666666666667
14140	14155	7.681666666666667
7448	17778	15.175
7509	13656	11.203333333333335
12859	stop_820_315829	5.861666666666666
13672	stop_323_126229	12.068333333333333
10140	12333	14.311666666666667
7385	12303	7.038333333333333
8643	stop_289_58929	14.860000000000001
8910	11629	10.58
stop_242_38829	stop_329_253929	6.4399999999999995
12915	stop_316_94619	8.106666666666666
18023	18289	13.175
7492	17583	7.655
8526	18409	10.283333333333333
8144	8138	13.786666666666667
stop_227_36219	stop_1103_347119	4.541666666666667
13149	11182	12.141666666666667
13532	13656	12.84
12869	stop_208_13029	1.2516666666666665
12401	stop_189_7319	9.716666666666667
18276	13705	14.735000000000001
18289	17964	10.811666666666667
7993	10849	12.831666666666667
12070	stop_204_12639	6.53
13913	9292	3.628333333333333
12141	8311	14.723333333333333
12961	17560	12.056666666666667
stop_222_35739	stop_1102_347029	1.72
12854	stop_343_268619	4.4383333333333335
8088	stop_214_31329	13.888333333333332
8790	8788	6.14
13535	13534	1.9516666666666667
12841	stop_292_61219	8.621666666666666
17386	17394	1.2116666666666667
10717	17765	10.295
8618	17964	14.043333333333333
7404	stop_1486_372439	9.491666666666667
17912	17772	9.621666666666666
8372	7375	11.06
13053	stop_205_12719	11.870000000000001
7951	7946	12.723333333333333
12855	stop_345_268829	12.286666666666667
7983	8299	11.593333333333334
stop_219_32229	stop_224_35939	13.186666666666667
13095	13094	0.1
12846	13036	16.733333333333334
13314	18366	9.031666666666666
7968	stop_258_44219	14.82
7366	7368	4.631666666666666
8625	stop_3_7	8.475
7747	7741	7.708333333333333
12135	12503	5.430000000000001
12898	18390	14.286666666666667
7386	12302	3.5900000000000003
18314	stop_12_24	3.89
13037	9549	10.06
12970	stop_957_333829	11.323333333333332
8222	8234	9.148333333333333
13309	13307	0.8666666666666667
9169	7511	13.203333333333335
stop_1_1	stop_272_46419	5.165
13708	12943	4.581666666666666
12850	stop_301_63719	15.081666666666667
7420	7400	15.215
7952	stop_12_24	8.228333333333333
11569	18042	7.61
10239	11845	2.466666666666667
12994	stop_297_62419	10.533333333333333
13720	stop_226_36119	10.658333333333333
13671	8672	9.483333333333333
8898	17830	16.658333333333335
7959	stop_274_46619	14.418333333333333
13351	13346	6.42
stop_325_136029	stop_782_314129	12.763333333333332
12998	stop_301_63719	7.3516666666666675
12946	7983	4.906666666666666
13178	12845	13.705
10602	stop_222_35739	4.55
7496	7449	6.2683333333333335
10560	stop_1487_373619	13.120000000000001
17826	8862	11.713333333333333
stop_186_7019	stop_188_7219	12.21
8253	9038	4.9366666666666665
12994	12928	21.376666666666665
10070	7439	16.403333333333332
18151	stop_346_269019	6.4
7780	13347	10.671666666666665
10053	stop_1492_372629	13.878333333333334
17546	17563	5.045
12457	17830	1.3533333333333333
17705	17576	10.068333333333333
8844	8845	0.815
18362	8391	8.938333333333333
13705	stop_1490_366219	14.201666666666666
8777	10770	8.045
17417	17420	8.485000000000001
13663	10139	12.455
10323	12310	6.681666666666667
13899	18305	15.645000000000001
17916	stop_245_40719	8.373333333333333
8894	9865	10.17
8798	stop_1495_373529	11.979999999999999
17941	stop_232_36819	1.5150000000000001
stop_189_7319	stop_204_12619	13.878333333333334
7478	7439	4.548333333333333
8978	11016	4.201666666666666
12885	stop_307_71819	1.0516666666666667
stop_283_57619	stop_283_57629	0.765
11589	9529	13.383333333333333
7804	8098	20.48166666666667
8405	stop_241_38329	5.25
13492	13117	13.395000000000001
10133	12332	6.166666666666667
17478	stop_1492_372629	10.655
11615	13416	8.695
17697	8923	16.513333333333332
17566	10164	10.661666666666667
8020	stop_252_42029	12.35
7459	9026	14.368333333333334
7418	7399	11.675
18030	18161	8.55
8369	10706	13.215
12893	12869	8.13
stop_5_10	stop_203_12519	13.003333333333334
18305	13117	9.35
stop_328_253819	stop_328_253829	0.8533333333333334
10753	13750	10.175
10855	stop_275_56029	9.445
7825	7828	1.26
12870	stop_234_37029	13.905
8906	stop_202_12429	10.205
12945	7928	5.153333333333333
14028	17717	9.175
7818	stop_213_31129	8.888333333333332
12718	9149	9.629999999999999
12999	10706	12.576666666666666
7965	stop_1_2	15.346666666666666
10674	10669	11.854999999999999
8114	stop_314_92249	15.161666666666667
12938	7390	6.755
7998	12950	9.921666666666665
stop_219_32219	stop_221_32529	9.34
7952	18079	13.301666666666668
18024	13554	18.533333333333335
8440	8448	17.303333333333335
8020	7950	8.085
12134	8372	8.815
7407	8899	13.035
13724	stop_255_42929	11.913333333333332
11016	11018	2.7266666666666666
18092	10070	7.656666666666666
10413	18298	7.72
18390	stop_253_42319	7.95
8171	14141	0.31333333333333335
8537	12950	12.753333333333334
13663	stop_841_317630	2.2333333333333334
10015	7948	9.048333333333334
8523	10550	12.423333333333334
10332	10224	12.32
13261	13533	8.135
12677	stop_820_315819	2.385
18144	stop_323_126219	1.95
7802	7742	11.095
12939	stop_1486_372429	8.013333333333334
11251	10070	17.476666666666667
12330	12335	10.428333333333335
12853	10724	12.856666666666666
10716	stop_217_32019	11.455
13052	17918	12.446666666666665
stop_298_63029	stop_300_63429	8.628333333333334
8898	stop_1234_362129	8.04
7402	7392	7.043333333333334
13019	stop_273_46519	6.486666666666666
17537	stop_1488_3329	1.15
8018	stop_13_27	12.201666666666666
8801	12401	13.671666666666665
10083	10507	7.694999999999999
10232	10075	13.525
18274	stop_187_7119	13.541666666666666
8161	stop_952_331019	13.296666666666665
8906	12958	3.4033333333333333
13390	13398	8.533333333333333
9465	10634	5.883333333333334
13708	9032	9.55
13849	17813	12.868333333333334
stop_214_31329	stop_311_82319	11.926666666666668
12442	18362	12.186666666666667
stop_221_32519	stop_222_35719	7.6883333333333335
9551	stop_273_46519	1.4400000000000002
18390	8015	7.471666666666667
stop_203_12549	stop_230_36539	10.351666666666667
18289	17544	5.025
12927	8128	10.421666666666665
8125	17959	17.56
8682	13015	9.573333333333332
13720	8104	9.118333333333334
8220	8224	11.264999999999999
12898	18332	12.49
18298	17401	11.773333333333333
10510	13632	16.721666666666668
11306	11311	1.1433333333333333
9429	10787	7.078333333333333
8625	stop_1280_364319	9.75
8769	stop_257_43529	14.963333333333333
9973	12121	9.651666666666667
12316	7747	5.265
8285	11648	3.7199999999999998
7390	stop_1486_372439	11.361666666666668
10000	7412	14.456666666666667
stop_292_61229	stop_314_92229	7.991666666666666
7721	9805	2.546666666666667
10597	12403	3.481666666666667
stop_260_29	stop_267_45939	42.16
11761	17611	11.75
9170	11333	10.073333333333332
8862	18017	14.955
17507	17512	7.265
12961	18320	18.48166666666667
8332	12952	1.775
12320	8398	6.78
17282	stop_345_268829	10.616666666666667
stop_216_31919	stop_282_57529	14.798333333333334
stop_204_12619	stop_568_303239	12.24
13325	10783	11.191666666666666
8367	stop_1492_372619	10.235000000000001
18291	7957	13.495000000000001
7371	17562	10.913333333333332
17772	stop_8_15	15.721666666666666
stop_217_32019	stop_311_82329	8.598333333333333
10559	13183	8.056666666666667
9407	13375	4.888333333333334
10603	stop_224_35919	8.111666666666666
8361	stop_282_57519	8.308333333333334
7365	stop_183_6119	16.00166666666667
stop_202_12419	stop_322_117319	15.991666666666667
10352	12374	9.501666666666667
8076	13666	1.2033333333333334
7910	stop_386_285929	12.185
13695	18080	10.813333333333333
12949	stop_243_39229	12.206666666666667
11724	13297	11.568333333333333
8000	stop_241_38319	12.828333333333335
8328	stop_1491_372329	10.706666666666667
18092	stop_1492_372619	12.446666666666665
7366	12312	9.416666666666666
12595	17562	9.013333333333332
9932	9933	7.791666666666667
13410	8844	9.325
9850	17370	10.461666666666668
18013	18017	4.226666666666667
7953	13696	12.186666666666667
9900	stop_279_57119	4.181666666666667
8887	8886	0.8366666666666667
stop_204_12639	stop_852_324239	6.641666666666667
18296	stop_254_42429	8.825
13740	7490	5.955
7991	stop_241_38319	9.443333333333333
13866	10680	10.761666666666667
7502	stop_574_304019	10.516666666666667
11251	stop_1492_372619	11.546666666666665
7946	stop_252_42019	13.139999999999999
18296	13724	7.806666666666667
14045	17711	6.3516666666666675
stop_8_15	stop_245_40729	12.376666666666667
17668	7494	7.338333333333334
stop_290_61029	stop_291_61119	4.4783333333333335
12609	18016	0.028333333333333332
11617	11618	0.20666666666666667
stop_264_45429	stop_1076_317419	12.46
8973	9038	12.979999999999999
7400	7426	12.188333333333333
13676	10463	5.073333333333333
8633	stop_213_31119	11.31
stop_13_26	stop_252_42029	7.261666666666667
12985	stop_290_61029	3.9033333333333333
12901	stop_254_42429	2.171666666666667
12929	stop_276_56139	9.185
7490	7503	7.6483333333333325
8135	13114	2.9633333333333334
7959	11742	3.0716666666666668
8413	8145	6.3
8000	stop_329_253929	10.271666666666667
17732	17733	2.74
7998	8002	10.411666666666667
8338	stop_259_44919	14.525
17765	17775	1.9016666666666666
18024	stop_213_31119	5.135000000000001
9149	stop_322_117319	7.5
12570	10323	8.373333333333333
stop_335_260829	stop_852_324239	5.121666666666667
10095	8315	15.613333333333333
10503	10444	6.245
18244	12718	9.54
8670	8220	12.021666666666667
18293	stop_1_1	10.975
8661	12560	14.318333333333333
12855	stop_11_23	7.395
10191	18191	12.011666666666667
9470	13170	10.831666666666667
12605	8911	4.633333333333334
8391	9875	12.9
13227	13228	2.5266666666666664
11079	18274	12.098333333333333
18296	8017	10.816666666666666
18311	8017	10.418333333333333
13222	13223	11.236666666666668
stop_216_31929	stop_221_32519	12.641666666666667
18243	18240	9.893333333333334
7512	stop_322_117319	8.138333333333334
7946	18310	14.808333333333334
8027	stop_255_42919	13.106666666666666
18030	17956	4.828333333333333
stop_223_35829	stop_224_35949	9.066666666666666
7542	8923	11.445
11505	17626	12.128333333333334
8298	13485	13.873333333333333
13025	11507	9.291666666666666
12920	11507	6.078333333333333
13729	11171	16.106666666666666
18328	8017	10.815
12594	17546	7.17
10383	10385	9.370000000000001
13749	8625	5.223333333333333
7515	7426	8.418333333333333
stop_221_32529	stop_227_36229	11.716666666666667
13946	13928	8.645000000000001
7813	stop_221_32519	9.926666666666668
8635	7650	12.006666666666666
8240	10468	8.923333333333334
8698	9874	5.71
7458	8304	8.531666666666666
13317	17598	7.183333333333334
12996	stop_302_67919	1.365
11612	11613	12.229999999999999
11508	8130	12.415
stop_230_36549	stop_386_285919	4.42
13723	stop_223_35829	8.386666666666667
10613	10612	1.1966666666666665
10055	stop_1488_3319	1.9666666666666666
10194	18192	2.658333333333333
9964	9965	1.5816666666666668
9051	10991	2.6266666666666665
8298	7980	9.991666666666667
13934	13933	2.32
8027	7948	11.143333333333334
13718	stop_1234_362119	12.351666666666667
9001	9486	8.84
13689	12842	7.908333333333333
7395	8389	9.875
8415	14013	9.6
18295	stop_313_86719	8.93
8003	stop_313_86729	14.746666666666666
13349	13348	12.801666666666668
10109	stop_298_63019	9.563333333333333
11516	11955	7.006666666666666
13417	17829	11.271666666666667
12470	12915	12.031666666666666
9167	7447	11.981666666666666
7673	9778	0.5583333333333333
10385	10394	0.7616666666666667
7985	stop_237_37719	6.025
12908	stop_246_40819	15.895000000000001
12576	11729	17.841666666666665
13207	13206	10.698333333333332
8238	stop_307_71829	13.585
11649	11655	9.585
17743	18071	4.8966666666666665
12518	10465	5.34
17591	17577	5.84
10209	13680	11.411666666666667
17835	17583	10.673333333333334
stop_276_56129	stop_323_126229	9.57
9120	8361	10.541666666666666
13019	12353	13.736666666666668
12343	stop_302_67929	10.001666666666667
11613	11616	0.495
12360	12361	0.61
12719	stop_223_35829	11.168333333333333
12841	12985	16.516666666666666
12353	stop_267_45919	13.295
18357	8232	9.815
11248	13631	6.96
12930	stop_276_56119	2.006666666666667
18335	18150	21.991666666666667
17589	stop_1491_372329	11.275
13752	17987	5.0633333333333335
7430	stop_187_7119	2.1233333333333335
9551	12353	19.490000000000002
17271	stop_841_317650	6.418333333333334
10991	stop_203_12539	3.5616666666666665
7936	9918	1.6833333333333333
7368	18286	13.963333333333333
18040	13775	6.275
10001	17765	4.126666666666667
9815	8248	3.5433333333333334
7929	stop_243_39219	14.05
11584	13364	5.635000000000001
8361	7811	6.836666666666667
10181	10186	12.061666666666667
13661	13660	5.2266666666666675
13081	17987	9.808333333333334
14165	stop_186_7039	9.866666666666667
13717	stop_316_94619	13.935
13665	stop_316_94619	1.05
17861	9932	9.285
10494	9568	6.046666666666667
10667	13237	9.875
17829	11629	14.043333333333333
18343	12536	12.593333333333334
12845	stop_957_333819	11.491666666666667
8135	10494	11.331666666666667
12881	17914	9.018333333333334
8147	12853	13.135
13752	stop_260_30	42.45166666666667
10602	13723	8.42
10016	8003	13.7
17585	13669	14.221666666666666
12974	stop_6_13	8.516666666666667
7658	18003	8.896666666666667
7368	17964	14.158333333333333
9549	stop_290_61019	1.8066666666666669
18205	13908	10.254999999999999
stop_296_62329	stop_297_62419	8.875
8336	stop_254_42419	5.636666666666667
17560	7375	8.516666666666667
11509	12927	7.033333333333333
17549	8325	5.625
12555	12554	0.5316666666666666
stop_219_32219	stop_1487_373629	3.4283333333333332
17915	stop_6_13	1.0083333333333333
17416	17394	7.658333333333333
stop_282_57529	stop_957_333829	6.878333333333333
7524	13188	10.321666666666665
8219	stop_3_7	11.016666666666667
10212	17379	14.885
8221	8230	13.023333333333333
9859	9860	1.1533333333333333
8229	12503	7.25
7946	18390	7.025
12352	stop_1_1	13.2
12461	13211	9.441666666666666
11311	stop_957_333819	9.828333333333335
13639	stop_205_12719	10.403333333333334
9147	stop_12_24	8.256666666666666
stop_314_92259	stop_1280_364339	12.965
10991	13052	9.011666666666667
10700	stop_852_324219	8.845
9149	7512	12.76
8098	stop_214_31329	24.475
12856	8643	13.236666666666668
12920	12677	13.103333333333333
18363	8699	13.020000000000001
10648	stop_325_136019	12.7
12938	stop_183_6129	0.87
13055	stop_5_10	12.478333333333333
11438	18237	6.41
10200	12502	8.726666666666667
9166	7504	8.413333333333334
stop_1342_364619	stop_1343_364729	11.091666666666667
9436	9435	0.17833333333333332
12996	10613	11.343333333333334
10679	10680	1.1083333333333334
13002	stop_298_63049	6.473333333333333
7820	stop_318_96019	4.998333333333333
11507	12928	8.639999999999999
13010	8681	6.3149999999999995
12974	17916	7.776666666666667
8769	stop_330_254319	3.555
7360	10037	7.783333333333333
11248	stop_216_31919	1.9216666666666666
18286	7478	13.376666666666667
13958	13956	9.236666666666668
8127	8077	12.371666666666666
7668	7677	7.09
17345	17343	8.516666666666667
17915	17916	1.2883333333333333
9878	stop_227_36219	9.943333333333333
18335	stop_1493_373019	11.791666666666666
12948	stop_239_37919	5.948333333333333
17546	7369	14.506666666666666
9609	10292	7.538333333333333
7722	10495	10.75
13141	13147	0.9766666666666667
11742	stop_1_2	10.455
7802	8091	10.116666666666667
stop_285_58429	stop_314_92259	13.860000000000001
12954	stop_242_38819	11.335
17891	stop_1493_373019	5.948333333333333
17247	stop_343_268629	12.696666666666665
17348	10874	10.055
stop_246_40849	stop_313_86729	6.066666666666666
8599	stop_314_92249	11.758333333333333
stop_204_12629	stop_322_117329	7.941666666666666
17774	12145	17.94
8104	13689	5.008333333333334
18040	13341	11.885
13205	13238	17.608333333333334
10470	12582	7.864999999999999
7471	stop_232_36819	15.985000000000001
11955	13670	1.4333333333333333
17674	8729	10.006666666666666
10109	13001	3.993333333333333
12847	stop_346_269029	12.835
8130	13760	9.995000000000001
7577	11709	10.485000000000001
8247	13474	12.091666666666667
12859	stop_275_56029	22.028333333333332
7459	17779	13.361666666666668
12402	8389	5.651666666666667
7449	12310	4.96
stop_242_38829	stop_243_39219	14.01
8118	13586	14.638333333333332
12847	10313	8.205
9034	12577	14.575
8115	12849	2.4166666666666665
7677	7666	5.013333333333334
stop_260_30	stop_331_254819	24.361666666666668
17703	11251	4.748333333333333
14127	stop_307_71819	14.741666666666667
13663	stop_307_71819	7.803333333333333
11305	8232	6.943333333333333
7651	18010	15.795
stop_213_31119	stop_217_32029	16.035
7504	7448	10.193333333333333
17749	17752	10.521666666666667
17587	stop_1488_3319	12.033333333333333
17697	17696	1.1033333333333333
9723	18055	9.108333333333333
7631	7625	10.985000000000001
8294	12017	10.895000000000001
8077	stop_275_56029	14.736666666666668
13525	17602	0.05
7399	7390	10.54
13696	12352	13.503333333333334
9051	stop_203_12529	0.07333333333333333
8402	7936	7.416666666666667
10932	14155	16.133333333333333
9049	stop_232_36829	15.285
7964	10499	11.178333333333335
17876	stop_2_5	1.165
7531	7533	13.870000000000001
11420	12951	1.2683333333333333
18152	stop_289_58919	11.068333333333333
7505	7457	13.476666666666667
9454	13371	9.888333333333332
8352	8353	0.5916666666666667
11909	stop_1102_347019	13.675
12141	17342	14.625
18045	18046	0.02666666666666667
18344	stop_320_105129	19.301666666666666
13071	12232	18.7
13050	13640	14.791666666666666
8413	10724	8.781666666666666
10185	10085	9.045
9118	17915	13.801666666666668
13535	7360	8.8
stop_222_35729	stop_224_35919	12.223333333333333
8936	8935	4.381666666666666
12545	13634	11.153333333333334
18272	17378	14.431666666666667
10700	7893	11.186666666666667
13960	stop_323_126219	16.029999999999998
17541	17714	4.645
11944	12668	4.895
10943	11810	19.923333333333336
7650	13404	5.753333333333333
13815	13929	4.403333333333333
10507	18183	2.6933333333333334
7951	8018	9.116666666666667
18341	13640	15.701666666666666
stop_219_32229	stop_226_36119	15.431666666666667
8027	stop_12_20	10.501666666666667
7818	13631	8.395
stop_314_92259	stop_343_268619	10.18
12140	7398	12.341666666666667
8358	stop_225_36029	13.813333333333333
stop_279_57129	stop_338_56929	7.71
13314	8661	15.428333333333335
stop_216_31929	stop_1487_373619	9.988333333333333
13644	13677	12.165
12943	stop_237_37729	5.173333333333333
9935	stop_342_268529	12.445
10547	10489	11.418333333333333
18314	stop_13_28	11.370000000000001
17282	17283	1.7583333333333333
9723	stop_3_6	1.2183333333333333
stop_289_58919	stop_345_268829	8.215
12970	stop_1102_347029	10.71
12899	stop_12_21	9.175
13309	9070	12.641666666666667
9169	12959	12.045
9051	13053	11.471666666666666
stop_1_1	stop_274_46619	10.516666666666667
10931	14008	8.535
13708	8409	10.403333333333334
13719	13717	10.238333333333333
8613	8698	29.355
17884	stop_273_46519	10.5
10269	10242	5.755
12962	stop_183_6119	5.043333333333334
7371	stop_1489_127119	12.596666666666666
9814	stop_3_6	12.468333333333334
7420	12140	13.405
12932	stop_13_28	6.955
10000	12140	15.521666666666667
10086	10278	11.056666666666667
7813	stop_1487_373619	4.708333333333333
13001	stop_424_287019	12.604999999999999
9386	17274	11.531666666666666
stop_203_12529	stop_203_12559	1.3599999999999999
18277	7571	6.683333333333334
18366	8661	8.073333333333332
8898	12966	6.346666666666667
13906	stop_187_7119	5.993333333333334
18310	stop_571_303729	8.416666666666666
13608	18221	29.176666666666666
8371	7371	11.396666666666667
18288	7477	11.581666666666667
stop_226_36129	stop_279_57129	14.648333333333333
13014	8684	11.18
10602	stop_224_35929	7.746666666666667
12595	stop_1489_127119	12.143333333333334
11606	8508	25.39
stop_186_7019	stop_189_7339	8.978333333333333
17567	9138	20.456666666666667
12364	8613	15.583333333333334
18281	10163	5.821666666666667
8310	17345	10.641666666666667
stop_216_31919	stop_318_96029	12.913333333333332
8003	stop_243_39229	0.8916666666666667
stop_246_40829	stop_248_41319	12.938333333333333
9138	stop_1492_372619	21.040000000000003
13128	10976	5.201666666666667
12224	12221	0.22
7426	17830	12.035
stop_223_35819	stop_325_136029	8.09
13053	7477	10.639999999999999
7365	17538	9.263333333333332
13812	17377	16.061666666666667
8248	8974	8.493333333333334
18124	18125	4.066666666666666
17941	stop_234_37019	9.305
17679	12341	4.0216666666666665
12930	stop_424_287019	14.458333333333334
7804	8097	22.126666666666665
8777	18122	12.018333333333334
17478	stop_1494_373129	5.138333333333334
9617	17786	9.603333333333333
13529	12464	9.17
13352	9415	7.078333333333333
12662	12663	0.02
7530	8475	8.155
12840	stop_282_57529	9.733333333333333
7459	7492	12.245000000000001
13183	7897	15.796666666666665
7418	12144	13.58
12457	stop_189_7349	10.826666666666666
7502	stop_1495_373529	10.696666666666665
stop_5_10	stop_203_12559	13.485000000000001
12853	stop_306_71629	1.6883333333333332
10855	stop_277_56719	10.568333333333333
12577	13482	39.375
8221	8245	8.84
8229	10201	5.069999999999999
8738	8737	2.0516666666666667
13409	9500	9.496666666666666
17762	13261	13.078333333333335
13723	7894	6.266666666666667
8003	7929	14.56
12367	17270	15.073333333333332
13226	13227	7.4
13735	17268	11.645000000000001
stop_322_117329	stop_335_260829	2.73
12940	stop_311_82329	4.833333333333333
18359	10171	14.633333333333333
10716	7419	7.35
stop_1_2	stop_330_254329	13.04
17830	13715	11.565
12338	9715	7.8133333333333335
stop_248_41319	stop_248_41329	1.405
12938	18329	13.516666666666667
7998	11420	14.58
18127	11475	8.011666666666667
11715	13301	8.948333333333332
13180	stop_216_31929	11.01
8405	7929	6.7733333333333325
stop_219_32219	stop_223_35819	11.346666666666666
12134	7387	4.861666666666666
13338	8472	12.431666666666667
13385	13532	4.930000000000001
8166	9715	14.321666666666665
13058	11742	11.94
17953	17952	1.5150000000000001
stop_293_61329	stop_294_61419	11.961666666666668
8474	7527	10.951666666666666
8887	10957	16.016666666666666
10358	18019	27.896666666666665
13447	8625	11.143333333333334
17908	stop_782_314129	13.59
8373	17713	13.313333333333333
11251	18146	16.268333333333334
13950	13951	6.025
8523	12378	10.606666666666666
stop_3_7	stop_1342_364619	14.125
8631	8103	13.675
13645	12343	3.015
7381	stop_1486_372419	6.961666666666667
13722	stop_852_324239	5.211666666666667
12305	8328	6.0183333333333335
13676	12347	10.563333333333333
14040	18384	12.115
9030	stop_328_253819	12.648333333333333
7462	stop_1234_362119	14.446666666666665
13954	9782	6.636666666666667
18274	stop_189_7319	14.756666666666666
13418	17792	10.913333333333332
13004	13637	13.266666666666667
12298	stop_221_32519	8.411666666666667
11536	9741	3.671666666666667
8374	8327	8.465
7379	8328	8.395
9542	14130	7.766666666666667
7931	12951	11.44
10317	9966	12.408333333333333
12362	12364	2.018333333333333
9541	8616	15.366666666666667
8799	12870	11.225
12846	stop_344_268729	7.388333333333334
8934	18384	9.883333333333333
12442	8152	6.568333333333333
stop_221_32519	stop_223_35829	7.473333333333333
18390	7948	3.08
13720	12842	13.155
8220	13662	13.68
11605	13336	10.445
14033	13535	11.298333333333334
stop_199_11229	stop_575_304119	10.221666666666666
9941	9960	11.741666666666667
7811	stop_221_32519	11.631666666666666
10346	13314	10.26
12996	13061	4.483333333333333
10166	10167	2.0216666666666665
18285	stop_1486_372419	9.941666666666666
8625	stop_1342_364619	17.918333333333333
17258	12518	4.671666666666667
10487	7360	15.748333333333333
8801	stop_186_7039	13.873333333333333
12545	14013	12.733333333333333
10603	stop_1102_347019	11.796666666666665
12402	stop_335_260829	9.041666666666666
9019	9028	12.07
7424	7412	9.639999999999999
8494	8495	0.06666666666666667
10825	10898	5.361666666666666
7421	7417	7.128333333333333
8182	stop_303_68119	9.585
10499	stop_257_43529	11.033333333333333
13900	8584	7.793333333333334
8367	stop_1494_373119	13.183333333333334
7385	17824	1.7033333333333334
8672	stop_276_56129	12.118333333333334
10559	8361	3.2933333333333334
13748	12054	10.941666666666666
10848	stop_571_303719	12.014999999999999
7396	7379	12.131666666666666
8076	12926	5.846666666666667
7432	stop_568_303219	11.711666666666668
10700	stop_224_35919	11.695
13481	13483	4.775
13023	stop_246_40829	3.115
7461	7472	2.82
10212	18281	6.751666666666667
12309	7488	16.093333333333334
8000	stop_243_39219	7.455
13023	12974	2.9316666666666666
18092	stop_1494_373119	16.154999999999998
stop_245_40719	stop_246_40849	5.84
12594	17588	10.683333333333334
18342	18309	0.5733333333333334
12318	13710	4.626666666666667
stop_222_35719	stop_325_136019	4.115
9900	stop_280_57229	0.10833333333333334
stop_253_42319	stop_254_42429	8.118333333333334
13153	13094	20.631666666666668
12880	stop_246_40829	13.261666666666667
17909	stop_233_36929	7.8533333333333335
10876	13735	1.805
13705	17715	12.736666666666668
13740	7488	9.286666666666667
7820	13631	1.2716666666666667
9489	11648	17.796666666666667
11251	stop_1494_373119	6.22
7971	18202	11.188333333333333
11321	stop_957_333819	4.85
13034	stop_187_7119	3.5266666666666664
10149	10150	8.066666666666666
stop_290_61029	stop_293_61319	13.951666666666666
7529	8474	14.120000000000001
8114	9540	7.798333333333333
18207	18203	0.33166666666666667
8973	11636	12.133333333333333
7400	14166	7.8983333333333325
12719	stop_568_303219	6.5233333333333325
7984	9926	6.031666666666666
7396	13657	11.723333333333333
8414	18306	15.363333333333333
11562	13292	9.653333333333334
stop_225_36019	stop_957_333829	14.473333333333333
7535	7537	9.016666666666667
13718	stop_189_7339	6.010000000000001
13693	stop_276_56139	13.303333333333335
17308	13481	30.34
8399	18170	13.543333333333333
13366	10633	10.376666666666667
8389	stop_568_303239	9.465
13586	7897	9.44
18024	stop_214_31329	12.133333333333333
10872	17976	5.681666666666667
12967	stop_311_82319	7.885000000000001
18244	9050	11.35
8670	8230	6.653333333333333
7822	12940	5.593333333333334
7496	9035	13.385
7962	18170	9.995000000000001
12325	9714	10.066666666666666
9470	13166	14.473333333333333
17910	stop_203_12559	12.686666666666667
13667	stop_1280_364329	10.139999999999999
10451	10450	7.21
13673	9875	15.066666666666666
stop_254_42429	stop_255_42919	6.568333333333333
12298	stop_325_136029	10.351666666666667
8267	8504	14.911666666666667
7946	9923	14.606666666666666
17310	12574	5.905
10613	13704	12.905
10560	stop_957_333829	7.088333333333334
8332	8298	12.076666666666666
7999	12319	11.443333333333333
12594	17549	7.743333333333334
13037	8114	16.143333333333334
12342	17682	11.136666666666667
7515	14166	10.173333333333334
7811	stop_325_136029	10.221666666666666
12887	17911	14.551666666666668
10460	10458	10.538333333333332
10543	12407	12.198333333333332
13183	stop_224_35939	12.456666666666667
7566	7555	8.226666666666667
18364	18241	0.6383333333333333
7533	10871	5.161666666666666
9722	13749	10.493333333333334
7820	stop_782_314119	3.816666666666667
13616	stop_267_45939	10.613333333333333
17679	18073	8.593333333333334
8240	10139	2.8866666666666663
13851	7606	12.503333333333334
11568	7734	12.446666666666665
8644	8220	12.221666666666666
12326	14005	5.108333333333333
12659	9529	4.996666666666667
13338	11568	11.328333333333335
17268	17269	0.6633333333333333
13723	stop_224_35949	2.2916666666666665
11970	13957	14.613333333333333
12304	stop_183_6129	11.923333333333334
10055	stop_1490_366219	5.14
12905	7969	21.785
17799	17897	2.5900000000000003
17918	stop_5_11	14.275
8339	7953	7.1883333333333335
10233	10236	15.51
14033	10241	3.42
7891	stop_219_32239	9.376666666666667
13699	7439	14.553333333333335
stop_278_57019	stop_316_94619	15.729999999999999
8668	12362	7.903333333333333
7366	stop_1493_373019	14.601666666666667
12353	stop_9_17	9.421666666666665
stop_202_12419	stop_203_12529	13.2
12314	7478	13.456666666666667
8221	8692	11.791666666666666
13340	13342	7.923333333333333
11555	11554	0.25
17545	17891	10.341666666666667
8613	8614	1.84
8345	13686	12.053333333333335
10401	10402	8.355
10109	stop_299_63219	12.911666666666667
11079	12402	14.72
17563	stop_1486_372419	4.8
7818	stop_196_8719	13.895000000000001
8604	stop_227_36219	14.048333333333334
7673	7675	10.443333333333333
8259	8262	1.275
12962	stop_570_303629	1.2483333333333335
12136	10157	6.225
10735	10736	6.1483333333333325
12350	10612	6.036666666666666
7571	17380	15.116666666666667
12518	8210	15.143333333333334
12910	13695	10.05
9120	8090	23.37
8145	8205	8.754999999999999
9171	17878	12.705
13714	stop_186_7029	13.688333333333333
12141	10158	9.268333333333334
8634	10133	11.086666666666668
13402	13405	0.675
12353	stop_272_46429	16.893333333333334
13898	11463	3.4866666666666664
13653	8384	7.245
9086	10915	14.53
17760	12575	14.588333333333333
10015	7936	14.415
9119	stop_213_31139	4.09
13179	12970	11.581666666666667
8248	8790	9.19
10063	stop_196_8719	9.585
8359	stop_820_315819	7.9
7450	10324	15.473333333333333
17589	stop_1493_373029	12.858333333333333
7430	stop_189_7319	11.028333333333334
stop_841_317630	stop_841_317650	2.453333333333333
7365	stop_1493_373029	15.438333333333333
7964	17884	17.296666666666667
13186	stop_283_57629	11.270000000000001
12995	8187	12.853333333333333
7368	7481	9.893333333333334
11730	11733	0.895
12961	12962	1.355
10001	13050	4.595
12883	stop_246_40819	7.583333333333333
12658	11575	7.0183333333333335
12854	stop_292_61219	8.615
12719	10700	7.623333333333333
13661	18144	9.086666666666668
10028	11591	6.03
10494	17869	13.353333333333333
7951	stop_253_42319	1.3
11658	11661	9.591666666666667
13672	stop_952_331019	3.615
8372	7398	12.353333333333333
10592	18342	9.618333333333334
7444	17836	0.13166666666666668
10227	8311	13.645000000000001
13651	stop_248_41329	8.835
11432	17918	4.4816666666666665
7951	8027	1.1616666666666666
8435	8436	0.4166666666666667
11311	stop_280_57219	9.57
12915	stop_820_315819	12.308333333333334
12875	stop_208_13019	12.7
9551	stop_257_43529	13.018333333333334
18308	10117	14.158333333333333
13644	8166	9.610000000000001
11679	11660	21.938333333333333
10016	7946	12.961666666666668
17585	17560	9.295
14029	18265	15.186666666666667
11478	stop_323_126229	12.821666666666665
8000	7931	1.505
13054	stop_214_31319	4.716666666666667
7482	17964	9.55
11509	8128	4.8100000000000005
13816	8224	12.678333333333335
10788	9646	13.856666666666666
17914	9978	4.205
10113	12853	13.251666666666667
7929	12949	2.5616666666666665
8187	12996	1.8233333333333335
7498	stop_10_3	14.54
9032	17835	15.393333333333334
7951	8015	12.693333333333333
12489	9596	5.8116666666666665
stop_5_11	stop_230_36549	9.163333333333332
18276	17378	15.395000000000001
7905	stop_321_115419	13.693333333333333
8799	7460	11.815
7885	7811	6.258333333333334
11622	13406	8.013333333333334
8403	10849	13.83
13327	stop_334_258219	14.95
12427	17321	8.746666666666666
8794	13167	10.311666666666667
12718	stop_852_324219	1.3983333333333334
18150	17307	13.071666666666665
11637	11354	8.566666666666666
13674	10467	13.295
17540	stop_1486_372439	8.67
11807	9014	9.076666666666666
7536	8709	6.966666666666667
12361	17690	8.971666666666666
12886	12521	6.038333333333333
13706	17561	10.446666666666665
18056	12883	11.821666666666665
12331	12332	1.895
13492	12964	13.573333333333332
8127	12964	12.84
12010	stop_1102_347029	3.0716666666666668
18274	stop_782_314119	14.31
17345	10734	11.811666666666667
7481	17965	10.620000000000001
13018	stop_267_45929	1.1783333333333335
10222	10221	7.293333333333334
17849	17724	10.848333333333333
13149	8442	16.601666666666667
12657	9528	5.515
18232	18225	1.95
12303	18248	11.31
9609	17783	12.531666666666666
13586	stop_224_35939	10.42
7368	stop_1489_127129	11.538333333333332
stop_216_31919	stop_782_314129	6.825
7811	stop_1487_373619	8.608333333333333
18244	stop_202_12429	10.205
17264	17274	1.3566666666666667
18128	9045	12.361666666666668
10358	13292	9.693333333333333
8643	10169	6.701666666666667
8090	8091	4.385000000000001
8361	stop_782_314119	12.678333333333335
stop_223_35819	stop_852_324239	10.585
12911	8478	3.6533333333333333
11909	stop_188_7219	5.593333333333334
7412	stop_318_96019	14.013333333333332
8248	11475	8.276666666666667
13444	9170	7.681666666666667
9980	17716	17.501666666666665
11797	12979	11.764999999999999
13110	9465	10.756666666666666
10477	10476	6.571666666666667
13075	13074	7.261666666666667
12859	stop_277_56719	15.646666666666667
7953	18312	9.531666666666666
10374	10373	7.245
11432	17910	15.055
10732	10735	6.415
10465	stop_841_317630	7.216666666666667
8220	8364	9.438333333333333
11305	10550	12.253333333333334
7651	18011	3.8183333333333334
18409	18243	5.183333333333334
11769	8212	6.373333333333333
12920	13679	11.088333333333333
13325	12671	8.785
13670	stop_574_304029	1.5616666666666668
18289	7441	10.731666666666666
stop_322_117329	stop_1234_362129	8.828333333333335
17587	stop_1490_366219	5.796666666666667
8770	12354	8.915
8389	stop_186_7019	7.75
12954	7993	11.254999999999999
12354	stop_272_46419	13.08
9118	stop_8_16	6.29
10117	8212	11.083333333333334
11021	11022	10.271666666666667
stop_9_18	stop_253_42319	6.0233333333333325
12546	12688	9.111666666666668
12938	7392	5.696666666666667
7525	7536	11.068333333333333
12402	stop_188_7229	0.6333333333333333
8363	11248	16.448333333333334
12929	13117	7.123333333333333
9051	stop_204_12619	6.965
18244	12958	3.4033333333333333
13177	stop_283_57619	10.721666666666666
17567	18335	10.868333333333334
11816	9725	14.57
14045	8936	14.445
stop_222_35729	stop_1102_347019	2.145
12846	stop_291_61129	16.118333333333332
17681	8065	7.364999999999999
18343	stop_1076_317429	11.558333333333334
12304	18329	2.4733333333333336
18147	7493	12.365
7969	7961	4.385000000000001
13543	13088	15.751666666666667
8352	8164	12.988333333333333
12577	12573	34.33166666666667
10324	17834	0.0
7910	stop_207_12929	14.258333333333333
13615	13617	2.0783333333333336
12986	stop_285_58429	15.836666666666668
13905	12401	10.139999999999999
12545	14141	11.288333333333332
12975	13486	14.635
7964	7961	10.133333333333333
10700	12010	3.731666666666667
8409	12950	12.413333333333332
13544	18051	12.958333333333334
10056	8618	9.035
8212	8211	0.8350000000000001
13673	18363	8.203333333333333
11660	11677	26.529999999999998
9049	stop_322_117329	12.76
13661	17958	11.461666666666668
17958	17959	0.9049999999999999
13587	stop_221_32529	15.01
12140	18285	15.181666666666667
12943	stop_240_38219	13.253333333333334
13720	11306	5.833333333333333
11652	8778	12.764999999999999
13631	stop_214_31319	8.528333333333332
12809	13517	15.868333333333334
9655	9657	4.0
11563	13338	9.081666666666667
7960	stop_342_268519	6.038333333333333
10346	13535	7.965
18010	18005	6.071666666666667
8980	9046	11.698333333333332
12899	stop_13_27	6.415
13114	17959	11.389999999999999
9051	7472	13.315
12010	7822	12.411666666666667
12337	13389	14.445
18014	8870	5.068333333333333
13188	8708	5.41
12537	8153	38.7
12935	stop_260_30	12.971666666666666
17908	11079	5.111666666666666
7930	8409	11.418333333333333
13418	8826	3.6633333333333336
12962	stop_186_7039	10.566666666666666
13855	12743	5.15
stop_203_12529	stop_205_12719	8.131666666666666
13671	8128	7.0616666666666665
8898	7434	6.941666666666666
11816	11808	5.961666666666667
13850	7610	8.741666666666667
13606	13608	5.718333333333334
10602	stop_225_36029	12.973333333333333
17829	13411	10.328333333333335
12364	18362	15.075
18281	10591	7.391666666666667
12907	18297	6.131666666666666
12333	10145	4.258333333333334
7893	stop_222_35719	11.356666666666666
stop_13_27	stop_571_303729	11.726666666666667
8408	stop_240_38229	7.881666666666666
stop_314_92219	stop_314_92239	1.995
13672	13114	3.2333333333333334
13516	11710	6.733333333333333
17679	10510	13.455
8147	8145	9.848333333333333
8906	stop_568_303219	11.475
10591	18222	10.526666666666667
10062	10063	1.34
10957	14017	8.311666666666666
9050	stop_230_36519	10.881666666666666
17544	stop_1494_373129	6.113333333333333
18385	18388	10.6
stop_222_35719	stop_852_324229	7.626666666666667
7530	7524	6.598333333333333
12717	13715	9.443333333333333
12840	stop_284_57729	0.9766666666666667
7459	7458	4.348333333333333
13664	18065	8.423333333333334
18033	7726	9.713333333333333
8021	stop_252_42019	13.445
12841	stop_314_92229	16.018333333333334
8112	stop_314_92239	15.051666666666668
17271	9814	10.021666666666667
7959	9935	10.301666666666668
17567	7482	15.583333333333334
stop_203_12559	stop_205_12729	8.083333333333334
13586	stop_279_57119	14.67
7908	stop_386_285929	3.545
9461	13110	8.608333333333333
12904	18311	8.915
17547	17588	14.201666666666666
stop_213_31139	stop_216_31919	10.283333333333333
13723	7885	13.063333333333333
9050	17909	12.843333333333334
18157	stop_238_37819	8.896666666666667
12951	stop_329_253929	0.6266666666666667
10700	stop_568_303239	12.879999999999999
11839	11470	4.8533333333333335
7423	13261	14.295
7366	10053	11.048333333333334
13063	stop_841_317619	0.9633333333333333
8219	10549	12.43
18297	18296	3.5233333333333334
18161	17956	10.463333333333333
stop_294_61419	stop_344_268719	19.053333333333335
10294	10084	22.495
12586	10824	11.379999999999999
8801	13718	9.415
17545	12312	8.639999999999999
8197	14140	12.885
13420	8902	12.831666666666667
stop_222_35729	stop_335_260819	12.565
10184	10300	13.754999999999999
12962	7404	9.065
8903	13863	10.06
9899	stop_290_61029	8.196666666666667
stop_344_268719	stop_344_268729	0.9183333333333333
8474	7535	9.865
7416	12304	13.79
8317	stop_285_58419	7.725
8089	7885	13.231666666666666
12298	stop_852_324239	12.28
10180	10182	10.03
17876	stop_1280_364339	8.91
7891	18274	12.555
7515	17775	9.35
13718	stop_322_117319	6.828333333333333
11475	14066	8.586666666666668
13645	13644	9.776666666666667
10448	10547	6.043333333333334
8060	17681	7.751666666666667
9388	17266	10.706666666666667
stop_1490_366229	stop_1491_372319	11.896666666666667
10156	12426	4.828333333333333
stop_243_39229	stop_313_86729	15.46
8118	stop_224_35939	12.9
13444	14151	7.655
8604	stop_5_11	9.101666666666667
7496	18290	7.483333333333333
13005	10612	13.285
8441	13131	13.618333333333334
13168	13169	1.04
10109	12850	12.361666666666668
17547	17549	1.3666666666666667
stop_221_32519	stop_224_35949	5.885000000000001
10724	stop_297_62429	12.651666666666667
12354	12355	0.9700000000000001
17537	10165	5.801666666666667
stop_292_61219	stop_314_92219	8.116666666666667
18162	9589	9.06
10165	8617	4.575
9171	11334	11.05
13699	12310	13.166666666666666
17954	17958	12.418333333333333
13905	7394	9.456666666666667
9071	9072	0.19
18064	stop_361_282119	12.45
17258	10468	9.139999999999999
8801	stop_188_7229	13.545
9049	12022	7.8533333333333335
12948	12945	3.3633333333333337
17304	17303	0.7116666666666667
9723	stop_1280_364359	13.193333333333333
10545	11659	10.428333333333335
10037	11233	16.726666666666667
9642	13840	5.498333333333333
10052	8617	10.651666666666667
stop_338_56919	stop_820_315829	7.506666666666666
13019	9551	7.275
17567	stop_1488_3319	5.35
11170	stop_299_63229	14.306666666666667
10170	10244	5.743333333333334
9676	9674	7.895
17544	11251	10.335
17941	stop_386_285919	8.448333333333332
17266	17267	0.9016666666666667
8335	7952	5.848333333333333
8327	stop_1491_372319	11.778333333333334
stop_227_36229	stop_278_57019	11.03
7983	stop_237_37719	10.886666666666667
11321	stop_280_57219	13.941666666666666
12966	stop_335_260829	5.793333333333334
7498	18287	7.265
17716	17380	5.776666666666667
8249	8789	13.176666666666668
8125	8076	6.375
7385	8371	8.403333333333332
13715	7434	7.98
9407	13348	10.835
13447	8219	6.486666666666666
13658	stop_320_105119	16.453333333333333
stop_225_36019	stop_280_57229	10.866666666666667
11742	stop_342_268519	5.216666666666667
13672	10494	9.993333333333334
13023	stop_248_41329	10.413333333333332
7461	7505	10.998333333333333
10016	stop_250_41819	9.860000000000001
12870	stop_425_287129	18.053333333333335
10824	12749	13.126666666666667
12309	18028	6.008333333333334
13668	10838	15.405
7488	17778	8.92
17824	13656	14.781666666666666
12410	12333	4.876666666666667
13201	13206	12.353333333333333
18294	stop_257_43519	4.4783333333333335
12518	stop_307_71829	5.72
18044	11570	18.69
17913	8074	11.386666666666667
7808	7817	0.7516666666666667
12871	7457	9.736666666666668
12070	stop_189_7319	8.014999999999999
7503	7457	9.403333333333334
13913	13908	2.4883333333333337
13073	12232	15.963333333333333
12335	12328	2.605
8145	stop_841_317650	14.778333333333334
stop_280_57229	stop_290_61019	6.668333333333334
7360	13656	6.318333333333333
10717	10062	10.22
11251	stop_1552_378519	7.083333333333333
13665	stop_820_315819	13.476666666666667
stop_303_68129	stop_334_258219	3.8766666666666665
7412	12307	13.986666666666668
7970	stop_257_43529	6.251666666666667
10149	13676	11.456666666666667
13034	stop_189_7319	12.128333333333334
10115	10117	5.61
10030	11592	8.306666666666667
stop_240_38229	stop_329_253919	12.566666666666666
12609	8858	5.176666666666667
7516	7515	1.065
stop_3_6	stop_1280_364319	8.85
8372	18265	16.515
8253	8788	12.639999999999999
13101	13100	7.569999999999999
9847	8468	8.228333333333333
10648	stop_278_57029	12.226666666666667
7386	8374	4.693333333333333
7434	18320	3.6116666666666664
17215	stop_3_6	11.496666666666666
10499	17690	15.326666666666666
18057	17771	16.593333333333334
10016	10849	9.378333333333334
11514	12868	12.051666666666668
8000	12949	6.84
18244	11433	11.645000000000001
13177	stop_214_31319	16.42
12984	13036	11.878333333333334
11913	stop_325_136019	11.468333333333334
12326	18307	4.766666666666667
stop_230_36519	stop_230_36549	2.1883333333333335
10392	17389	5.845
13331	11606	11.073333333333332
9895	18390	7.7
12910	stop_12_24	9.566666666666666
stop_292_61229	stop_343_268629	4.368333333333334
13171	13166	7.025
11650	10770	19.756666666666668
8971	11354	5.33
10352	10495	12.163333333333332
8084	stop_290_61019	10.585
12992	stop_297_62419	7.915
13183	stop_226_36119	8.823333333333332
18329	17561	9.036666666666667
12943	12948	11.263333333333332
stop_424_287019	stop_424_287029	0.235
13616	stop_273_46529	8.975
13444	18238	8.321666666666667
12893	stop_208_13029	9.17
8363	12845	10.713333333333333
12845	13689	4.046666666666667
9118	8710	10.08
17268	9387	13.048333333333334
stop_1489_127119	stop_1490_366229	6.916666666666667
11507	9505	13.106666666666666
13723	stop_226_36129	2.953333333333333
8781	13299	12.743333333333334
13718	7512	8.445
7381	17563	3.9833333333333334
17720	11709	17.745
8339	8335	14.053333333333335
8130	13661	10.598333333333333
8325	stop_183_6129	3.3266666666666667
stop_1495_373519	stop_1495_373529	0.6950000000000001
7498	12954	11.115
10209	10043	4.368333333333334
7970	7962	6.491666666666666
17543	9138	18.626666666666665
17417	17389	12.921666666666665
7891	stop_222_35729	0.8683333333333334
8305	12310	8.870000000000001
13699	17668	14.57
13737	10613	7.4783333333333335
17258	stop_1343_364729	2.013333333333333
13080	7818	8.311666666666666
7809	stop_318_96019	5.578333333333333
18320	stop_186_7019	8.781666666666666
12909	12904	8.783333333333333
10626	10451	12.131666666666666
11605	17628	6.475
14029	13539	6.52
8604	stop_230_36549	0.06166666666666667
12718	13722	3.9316666666666666
18359	8228	10.898333333333333
7413	13629	9.620000000000001
8089	stop_226_36129	13.41
18285	17563	8.815
11751	11752	0.24333333333333332
10463	11658	12.741666666666667
12926	stop_275_56029	6.456666666666666
10405	18119	15.285
7571	17376	15.711666666666668
17512	17513	0.5549999999999999
8405	7928	8.49
12570	12310	14.156666666666666
12910	18079	6.585
8145	11170	10.588333333333333
9166	stop_574_304029	11.925
13714	stop_188_7219	8.883333333333333
8088	8090	12.838333333333333
12915	stop_275_56019	7.751666666666667
8604	17940	13.065
17567	17576	11.389999999999999
8032	8336	5.863333333333333
stop_325_136019	stop_782_314129	13.28
10591	13606	20.240000000000002
9119	stop_216_31929	5.381666666666666
12845	stop_283_57619	2.7766666666666664
stop_203_12519	stop_322_117329	11.751666666666667
13179	7894	14.921666666666665
9013	9694	27.618333333333332
18315	10178	12.386666666666667
7450	7449	5.241666666666666
13587	13586	1.1316666666666668
12567	7977	12.815
17986	stop_253_42329	14.811666666666667
13696	18079	4.165
7520	13554	7.614999999999999
stop_320_105129	stop_331_254819	15.035
8075	stop_277_56729	9.69
7441	7439	15.518333333333334
12531	stop_1076_317429	3.618333333333333
9722	13447	1.8683333333333332
8147	10724	3.395
7482	7481	1.9133333333333333
7928	12950	9.125
8911	9890	0.32166666666666666
9895	stop_9_17	5.891666666666667
8021	stop_9_17	10.088333333333333
17909	stop_203_12519	13.65
10549	10550	1.3666666666666667
11105	17717	4.278333333333333
7437	9026	12.8
9489	13432	8.191666666666666
17940	stop_232_36819	1.77
17586	17714	4.035
stop_205_12729	stop_852_324249	10.918333333333333
stop_282_57529	stop_283_57629	4.198333333333333
8372	18285	6.835
10227	17342	13.295
12298	stop_204_12629	14.7
10123	12335	12.536666666666667
11311	stop_283_57619	14.421666666666665
7956	stop_9_17	5.781666666666666
7523	7530	1.5283333333333333
10039	10046	13.198333333333332
8989	13911	6.3116666666666665
7496	9032	6.336666666666667
18155	17834	5.005
18289	18092	6.136666666666667
17576	17696	14.458333333333334
17655	17657	8.638333333333332
8205	10114	7.6850000000000005
12911	stop_12_20	11.208333333333334
10016	8018	12.835
17585	8328	10.781666666666666
18312	stop_253_42319	9.51
9067	9070	6.223333333333333
10465	8616	12.393333333333334
10490	10454	7.251666666666667
9549	stop_294_61419	9.851666666666667
stop_224_35929	stop_1102_347019	9.5
17775	17762	0.575
13816	13662	8.508333333333333
7962	stop_257_43519	12.528333333333334
13183	8104	5.781666666666666
10783	12233	7.025
stop_186_7029	stop_187_7119	5.741666666666666
7929	12951	6.1466666666666665
8187	12366	10.696666666666665
10560	7822	4.536666666666666
13001	stop_298_63039	6.466666666666667
10648	12009	13.498333333333333
7481	12314	5.89
13018	stop_9_18	12.438333333333333
7948	stop_9_18	15.645000000000001
stop_5_11	stop_233_36929	8.841666666666667
8898	11432	11.303333333333335
17390	17387	0.9566666666666667
9781	10764	7.401666666666667
8799	13740	8.851666666666667
10825	17858	13.666666666666666
7885	12307	13.598333333333333
8373	12303	5.556666666666667
7908	stop_204_12639	16.970000000000002
14050	13210	32.126666666666665
10429	10426	9.966666666666667
10089	10088	5.863333333333333
18047	18051	10.111666666666668
13260	13533	6.651666666666667
18005	10856	9.186666666666667
8084	8358	10.203333333333335
7500	8405	9.24
17916	stop_199_11219	11.889999999999999
stop_275_56019	stop_276_56139	6.1033333333333335
7720	10351	10.075
7402	stop_1486_372429	8.721666666666666
7413	7395	16.381666666666668
11839	11845	9.41
9895	12911	9.2
13492	12917	7.676666666666667
7398	17560	9.956666666666667
12356	12357	0.955
10056	stop_1492_372619	13.09
13018	stop_273_46519	6.263333333333334
7894	stop_224_35919	5.614999999999999
8089	8630	10.475
17547	stop_1486_372439	2.615
13819	10467	5.5183333333333335
18311	stop_243_39229	10.243333333333334
18232	10716	13.713333333333333
stop_213_31129	stop_282_57519	24.876666666666665
9904	12847	1.7683333333333333
18035	11192	7.031666666666666
13586	stop_226_36119	14.248333333333333
17549	17562	5.41
7572	11708	10.104999999999999
18244	stop_203_12549	11.168333333333333
12346	17270	15.97
12911	13696	9.376666666666667
18161	13672	11.483333333333333
18328	stop_243_39229	10.758333333333333
11681	11679	5.406666666666666
11909	stop_189_7339	11.6
9980	11281	8.908333333333333
10065	7419	11.696666666666665
10118	stop_306_71619	13.751666666666667
10426	10431	0.155
11009	stop_241_38319	9.728333333333333
9972	12121	9.54
7410	7430	10.965
18284	10268	5.2716666666666665
17836	17929	14.683333333333334
18071	18070	0.52
10142	10467	16.491666666666667
8359	13587	7.9
18079	stop_254_42429	12.748333333333333
13679	stop_276_56139	10.92
18334	17703	9.771666666666667
10460	17458	15.514999999999999
18025	7809	14.348333333333333
9139	7492	12.28
11769	10491	4.58
13301	14017	12.378333333333334
9505	stop_230_36539	10.97
18289	18147	21.64333333333333
12321	8398	5.42
8414	9715	10.878333333333334
10092	10091	11.208333333333334
11305	12378	10.436666666666667
8389	stop_187_7129	1.9366666666666668
8298	11420	2.115
12354	stop_274_46619	18.43166666666667
7825	8922	9.06
11009	stop_329_253929	7.536666666666666
8103	stop_282_57529	1.2866666666666666
11810	9694	8.258333333333333
10355	12374	5.694999999999999
11913	18274	4.386666666666667
9166	8304	14.121666666666666
11237	10549	5.991666666666666
11009	8403	15.639999999999999
12902	18080	9.586666666666668
8584	18305	5.358333333333333
7885	stop_782_314119	8.773333333333333
7808	13553	7.78
12402	stop_189_7349	9.238333333333333
8801	12717	11.365
18041	11544	10.428333333333335
13688	9715	15.306666666666667
10225	13925	13.860000000000001
9120	stop_957_333829	15.473333333333333
8402	8298	16.128333333333334
7387	8327	11.365
18333	7437	5.825
12846	stop_293_61329	11.043333333333333
7505	8304	13.091666666666667
stop_203_12559	stop_335_260819	14.086666666666668
11508	8127	9.698333333333332
13836	13841	15.34
18271	17380	21.148333333333333
17540	17713	3.506666666666667
18155	18146	1.1333333333333333
13827	14066	10.028333333333334
8168	8169	7.905
8182	13704	8.006666666666666
7457	stop_574_304019	9.143333333333334
10257	18254	9.073333333333332
18235	17266	13.791666666666666
18291	8020	7.54
8352	12362	14.983333333333333
10324	8304	14.383333333333333
9001	8989	12.025
stop_299_63229	stop_300_63419	11.831666666666667
13696	stop_259_44929	16.791666666666668
7395	7426	13.728333333333333
13681	10463	6.595
13801	13802	1.2083333333333333
13905	8389	4.48
10050	stop_1488_3319	10.253333333333334
18332	10015	7.364999999999999
10546	10488	10.186666666666667
13680	18254	8.31
10190	10440	8.99
18295	8020	14.578333333333335
18292	stop_12_19	12.705
13063	8615	7.27
17283	12854	12.461666666666668
13179	stop_224_35949	11.638333333333332
9034	8408	12.041666666666666
13587	stop_223_35819	10.288333333333332
17861	stop_272_46429	9.266666666666667
17245	8625	9.545
10109	8315	16.68
18248	14028	9.766666666666667
12070	12718	9.938333333333333
13211	13215	0.7283333333333334
12952	17760	9.025
13001	10244	6.586666666666667
14141	8308	14.118333333333334
8137	stop_298_63019	14.041666666666666
13631	stop_217_32019	11.433333333333334
18334	12571	15.596666666666666
14006	stop_302_67929	9.036666666666667
13241	13223	11.514999999999999
12487	12488	0.445
8580	9773	13.253333333333334
18014	12613	3.99
12594	stop_1488_3329	14.995000000000001
10210	10208	3.6783333333333332
18348	13792	10.860000000000001
8299	13485	13.366666666666667
12852	stop_305_71519	1.9316666666666669
12474	9589	24.551666666666666
7805	18024	6.098333333333333
stop_316_94629	stop_820_315829	13.41
18292	10016	6.84
17914	stop_246_40829	9.468333333333334
7471	stop_386_285919	10.96
12307	13631	7.225
8216	10468	11.503333333333334
7477	7488	13.435
18289	stop_1493_373029	13.126666666666667
18161	stop_276_56119	8.43
stop_279_57119	stop_280_57229	4.073333333333333
9895	12352	13.115
stop_8_15	stop_199_11229	5.819999999999999
13472	17937	8.135
13177	13178	2.7449999999999997
7893	stop_223_35829	6.616666666666666
7936	8768	11.763333333333332
11024	11027	8.46
8975	8972	9.91
9851	8468	14.636666666666667
8408	stop_242_38829	9.57
12951	stop_243_39219	8.423333333333334
13972	10030	4.388333333333334
8618	stop_1493_373029	10.423333333333334
17538	17577	14.406666666666666
10313	stop_345_268819	7.595
13722	stop_186_7039	15.648333333333333
8367	17587	11.178333333333335
12309	17583	8.245
10062	7518	11.97
10602	8604	14.526666666666667
8735	8738	4.176666666666667
10415	17425	10.131666666666666
8645	8644	1.8099999999999998
11807	11810	17.46333333333333
11515	11955	6.281666666666666
13131	12015	6.3100000000000005
7412	7420	6.694999999999999
10114	stop_305_71529	7.635000000000001
7509	17824	5.376666666666667
13492	17954	11.385
13133	13132	8.856666666666666
17245	9722	12.213333333333333
8206	12853	5.085
9939	12555	10.703333333333335
10345	13049	13.575
13657	13716	11.335
12575	11729	17.73
9049	stop_386_285929	9.731666666666666
8232	10135	7.7733333333333325
12677	stop_278_57029	10.283333333333333
13337	8471	12.268333333333334
7956	stop_254_42419	9.833333333333334
17539	18289	14.503333333333334
13018	12353	12.006666666666666
17714	17562	10.018333333333334
8002	stop_329_253919	8.091666666666667
9852	13123	11.348333333333333
18297	9895	11.673333333333334
10378	17394	17.043333333333333
10872	13188	6.915
stop_841_317619	stop_1343_364729	6.346666666666667
17274	9860	13.741666666666667
10186	10084	6.819999999999999
13688	13678	10.636666666666667
8336	stop_331_254829	14.366666666666667
17651	17652	12.03
18244	11913	12.535
13615	9932	14.46
18307	14005	9.875
11913	stop_852_324229	5.676666666666667
12326	10877	9.278333333333334
18287	12357	13.520000000000001
7977	9918	3.5949999999999998
12962	13669	12.206666666666667
8021	9923	1.5383333333333333
8474	7537	14.638333333333332
9139	17965	15.29
12920	stop_338_56929	13.918333333333333
8089	7811	7.111666666666666
12718	stop_205_12719	9.946666666666665
13354	9397	6.053333333333333
8898	13052	14.108333333333333
9878	stop_219_32239	9.168333333333333
12367	9490	12.531666666666666
8345	stop_346_269019	13.913333333333332
11802	13006	11.8
12860	8672	16.235
10318	10498	7.694999999999999
12307	stop_216_31919	11.443333333333333
11546	13104	7.275
stop_568_303239	stop_1487_373629	12.013333333333332
13806	18221	10.098333333333333
18008	11449	3.9133333333333336
10448	10460	9.896666666666667
7418	7410	10.246666666666666
13719	stop_1103_347119	6.973333333333333
12531	13658	3.481666666666667
11321	13689	12.738333333333333
7811	stop_957_333829	11.6
12907	18292	10.008333333333333
stop_1490_366229	stop_1493_373019	11.566666666666666
10037	10210	7.655
8254	8250	8.17
7822	stop_219_32239	8.236666666666666
12521	13663	1.805
13675	10110	12.8
13025	9505	16.09
17868	12363	12.388333333333332
12974	12323	11.365
17541	13669	13.51
17760	stop_239_37919	5.7266666666666675
stop_574_304029	stop_1495_373529	7.836666666666667
8074	18029	13.775
18360	17377	11.546666666666665
10499	stop_1_2	16.625
12354	11742	18.488333333333333
stop_304_68219	stop_304_68229	1.3599999999999999
9933	17691	15.266666666666667
10497	9533	6.8133333333333335
7577	17719	9.148333333333333
stop_292_61219	stop_314_92259	6.48
12897	12923	8.048333333333334
17915	12323	15.666666666666666
10050	17576	15.686666666666667
11420	stop_239_37919	13.611666666666668
12009	stop_325_136029	0.08166666666666668
10559	stop_224_35939	15.683333333333334
stop_278_57019	stop_820_315819	7.95
17478	9139	21.01833333333333
12470	stop_339_62119	5.355
7446	12310	8.796666666666665
stop_260_30	stop_320_105119	10.758333333333333
12240	11187	21.328333333333333
9856	9038	7.655
18290	17928	7.8516666666666675
9701	9700	0.9833333333333333
17258	10139	13.92
8801	stop_189_7349	5.14
7809	stop_782_314119	10.343333333333334
8137	13001	8.701666666666666
12948	7991	10.075
10168	stop_346_269029	9.608333333333333
11563	7734	5.165
7993	stop_242_38819	0.8133333333333332
stop_570_303619	stop_570_303629	0.7083333333333334
13973	12504	5.358333333333333
12888	stop_574_304019	13.711666666666668
8608	12999	2.065
stop_13_26	stop_313_86729	7.631666666666666
17567	stop_1490_366219	11.801666666666668
11977	8389	12.591666666666667
10168	10313	8.398333333333333
11970	8863	19.935
13079	7706	12.15
stop_1492_372619	stop_1493_373029	6.798333333333333
8169	12688	8.696666666666665
9814	stop_1343_364729	10.185
8201	stop_307_71819	12.113333333333333
8335	12902	8.445
13325	13072	6.376666666666667
7371	18367	11.443333333333333
8644	8692	15.683333333333334
11680	11653	17.92
7983	stop_239_37929	8.323333333333332
11321	stop_283_57619	11.135
8249	18127	8.59
8125	8077	13.021666666666667
stop_240_38229	stop_242_38829	6.09
14052	7542	8.461666666666666
7530	17972	13.225
11914	18010	12.291666666666666
13145	13146	0.6633333333333333
18023	18283	11.963333333333333
10700	stop_227_36219	9.591666666666667
10201	10200	2.69
17545	stop_1493_373019	5.64
18244	stop_852_324249	8.26
10212	18349	14.75
10208	11234	9.935
7804	stop_283_57619	26.423333333333336
17539	7437	13.92
7488	7444	9.793333333333333
12410	10149	13.03
8214	13153	12.503333333333334
12305	17714	13.701666666666666
10877	12688	12.206666666666667
8098	8090	1.32
18297	13695	11.956666666666667
17576	stop_1493_373029	12.911666666666667
17788	17790	1.4533333333333334
17346	10874	10.868333333333334
9547	9544	2.4983333333333335
12332	12328	10.253333333333334
stop_204_12639	stop_1234_362129	8.425
7437	17779	15.129999999999999
10078	12126	12.563333333333333
18367	18256	6.558333333333334
7379	17714	3.566666666666667
18274	stop_222_35719	11.93
12351	12350	7.251666666666667
9374	9370	5.3566666666666665
9504	8232	11.126666666666667
12878	13055	4.901666666666667
8795	8794	1.4433333333333331
8077	13760	11.226666666666667
8245	10477	9.675
12140	7385	13.378333333333334
10116	10724	10.901666666666667
8124	17955	7.993333333333334
18335	13699	13.379999999999999
10480	8310	8.155
8253	18128	8.48
10095	stop_296_62319	12.335
13644	8384	7.111666666666666
7434	18286	10.523333333333333
10016	8015	7.8966666666666665
12472	stop_278_57019	9.498333333333333
18010	18009	1.675
stop_310_74719	stop_1342_364629	16.673333333333332
11478	stop_952_331019	12.173333333333334
stop_223_35819	stop_226_36119	11.885
13478	13479	1.105
13152	8311	15.32
12719	17918	11.82
17380	17379	4.951666666666667
12939	13042	14.331666666666667
12357	17308	13.795
9587	9595	14.620000000000001
10164	17544	10.19
7400	stop_183_6119	18.805
8118	stop_338_56919	8.258333333333333
13945	13929	9.46
7813	stop_1102_347029	6.864999999999999
14029	17378	12.645000000000001
13720	stop_221_32529	16.076666666666668
8018	18389	3.3333333333333335
18389	stop_12_21	7.233333333333333
8898	11909	15.06
7531	8708	11.853333333333333
stop_325_136029	stop_568_303239	11.411666666666667
11281	18265	18.56
12928	stop_296_62329	20.6
7968	stop_342_268529	11.405
10121	10261	15.075
17660	17662	8.243333333333334
10352	10353	11.438333333333333
12305	stop_183_6119	11.396666666666667
12909	stop_13_28	7.846666666666667
13719	stop_338_56919	2.385
8415	12338	14.485000000000001
11321	10560	10.906666666666666
7780	7781	0.06833333333333333
12992	stop_298_63039	3.3516666666666666
18329	7381	6.680000000000001
10463	12416	9.17
12940	stop_214_31329	9.976666666666667
18049	13542	11.28
13804	18222	3.6766666666666667
17549	stop_1489_127119	13.973333333333333
13216	13217	6.180000000000001
stop_189_7319	stop_189_7339	0.26333333333333336
7804	10560	13.273333333333333
12983	17247	12.68
10184	10085	11.558333333333334
11542	7765	13.513333333333332
stop_187_7119	stop_568_303239	10.128333333333334
8130	12929	3.7333333333333334
12317	18025	11.381666666666666
7498	12946	14.253333333333334
7459	7477	16.956666666666667
8537	stop_238_37819	5.265
12563	9596	9.116666666666667
18030	13666	7.788333333333333
7446	17668	2.5966666666666667
stop_213_31129	stop_318_96019	13.504999999999999
12317	8097	14.026666666666667
10055	10056	9.433333333333334
10313	stop_11_22	12.135
stop_290_61029	stop_314_92249	10.21
8147	stop_306_71629	13.258333333333333
stop_12_24	stop_248_41319	8.371666666666666
stop_311_82319	stop_311_82329	0.6783333333333333
12521	8145	13.408333333333333
8412	9541	11.611666666666668
12985	stop_314_92239	6.37
11636	11637	7.136666666666667
18359	10549	7.791666666666667
10560	13180	7.066666666666666
10545	12581	5.364999999999999
stop_188_7219	stop_852_324239	10.91
8408	12957	10.71
12926	stop_277_56719	14.03
7358	18336	12.49
8799	stop_574_304019	6.095
10467	10201	17.038333333333334
8113	8146	11.45
17832	12557	3.945
12989	12998	10.616666666666667
17266	11335	13.736666666666668
12134	12144	1.0566666666666666
18157	11732	8.846666666666666
18268	14010	11.303333333333335
12009	stop_1487_373619	7.34
12987	stop_424_287019	8.381666666666666
8090	stop_213_31119	18.898333333333333
18389	18080	14.498333333333333
18232	13553	9.283333333333333
8230	8366	16.061666666666667
8032	8478	6.125
12964	18161	7.485
9551	stop_1_2	10.101666666666667
11079	stop_188_7219	14.815
8789	17695	6.47
18304	8161	6.095
7969	13738	20.82
12506	13136	14.901666666666667
9147	stop_248_41319	8.028333333333332
18282	10163	5.248333333333333
12263	9866	6.431666666666667
9722	11305	7.1899999999999995
7928	11420	9.768333333333334
18295	stop_252_42029	6.215
11913	stop_204_12619	12.376666666666667
10480	10226	7.698333333333333
8898	stop_852_324239	12.985000000000001
7439	7493	11.685
11432	stop_203_12519	3.3633333333333337
10116	stop_841_317619	15.296666666666665
17940	stop_234_37019	9.171666666666665
7964	13738	8.471666666666668
stop_188_7229	stop_335_260829	9.139999999999999
7744	17598	86.70666666666666
17877	18242	6.835
7444	10324	5.283333333333333
7804	12941	13.979999999999999
10849	stop_13_26	13.389999999999999
13380	12235	6.905
13390	9715	6.431666666666667
8335	stop_255_42929	8.191666666666666
10123	10124	13.481666666666666
12908	stop_12_19	9.885
7523	8475	9.683333333333334
10056	17589	12.139999999999999
13301	13302	2.6633333333333336
stop_203_12559	stop_1234_362119	10.815
7534	10231	12.216666666666667
13838	9642	10.345
13644	12545	10.463333333333333
8097	stop_213_31129	19.883333333333333
7457	stop_1495_373529	9.218333333333334
12750	13845	14.111666666666668
17940	12875	8.976666666666667
8146	14130	4.614999999999999
11812	17795	1.085
12984	stop_344_268729	4.201666666666666
7893	7894	6.5233333333333325
17695	18127	4.536666666666666
17215	stop_1280_364359	2.2583333333333333
12746	13851	9.703333333333335
stop_322_117319	stop_335_260829	6.485
10063	17762	10.295
stop_207_12919	stop_233_36919	13.931666666666667
13183	12842	14.315
12402	stop_322_117329	11.360000000000001
7452	9034	14.465
7472	stop_207_12929	11.43
stop_186_7029	stop_189_7319	8.725
12571	10070	12.033333333333333
12318	12951	9.8
7804	7820	11.416666666666666
stop_260_29	stop_260_30	0.735
7948	stop_12_19	10.258333333333333
12362	9874	9.83
9814	stop_841_317639	12.146666666666667
12885	12518	7.136666666666667
7369	10055	8.441666666666666
12961	12457	10.773333333333333
11977	stop_335_260829	1.6916666666666667
7950	stop_13_27	14.013333333333332
14023	14021	12.435
17588	stop_1486_372429	12.93
8002	13485	5.1016666666666675
18256	18265	0.73
14073	18265	14.326666666666666
13482	12572	7.416666666666667
12949	stop_237_37719	13.3
13706	7366	14.501666666666667
8266	11456	12.038333333333332
8328	stop_1486_372419	7.11
7398	8328	8.005
10560	10081	12.848333333333333
12323	13486	6.746666666666667
stop_257_43529	stop_273_46519	13.889999999999999
10056	stop_1494_373119	15.59
18386	18388	0.8233333333333334
13681	12347	9.479999999999999
8108	stop_345_268819	4.198333333333333
13186	8361	8.601666666666667
12657	12660	0.5516666666666666
9923	stop_571_303719	12.523333333333333
7953	8032	1.6333333333333333
stop_6_13	stop_575_304119	7.043333333333334
stop_187_7129	stop_189_7329	9.895000000000001
18232	10062	10.641666666666667
11514	stop_208_13019	18.30666666666667
9904	8108	3.5050000000000003
13586	stop_230_36519	16.428333333333335
13546	13079	11.615
9540	8616	15.956666666666667
7572	13203	15.225
13666	12917	11.004999999999999
8152	8153	5.975
17561	17588	12.768333333333334
8399	13710	14.275
stop_224_35939	stop_325_136019	11.49
13073	13077	0.6983333333333334
12985	stop_280_57229	12.223333333333333
18152	8644	12.046666666666665
13261	13716	16.925
12875	stop_233_36929	4.043333333333333
7490	7488	3.7583333333333333
17912	stop_1556_381019	8.833333333333334
17218	stop_310_74719	13.425
stop_239_37919	stop_241_38319	5.316666666666666
10065	17765	9.42
17833	11731	9.491666666666667
9878	10603	11.07
12009	11909	11.44
13161	9719	10.21
17680	18202	12.76
7410	13042	12.841666666666667
17590	stop_1489_127129	6.725
13634	14156	14.729999999999999
9549	stop_314_92229	9.138333333333332
17714	stop_1489_127119	9.318333333333333
7984	8769	3.8766666666666665
17775	12140	17.423333333333336
18056	stop_8_15	0.7433333333333334
10096	9542	11.613333333333333
13816	10136	10.693333333333333
18033	11188	8.345
10444	12367	7.266666666666667
9716	9719	5.569999999999999
10497	17507	9.016666666666667
10116	8206	3.921666666666667
8130	17957	9.183333333333334
stop_302_67929	stop_840_317519	2.7633333333333336
9859	11336	6.98
17908	stop_311_82319	15.316666666666666
8311	11163	3.441666666666667
11507	stop_321_115429	10.816666666666666
8298	18311	11.433333333333334
12366	13644	6.069999999999999
18065	12377	10.848333333333333
12305	12304	2.5833333333333335
8103	stop_284_57729	9.408333333333333
10240	11845	1.7083333333333333
10559	7813	11.898333333333333
stop_338_56929	stop_1103_347129	9.981666666666666
12401	stop_568_303219	5.308333333333334
stop_221_32529	stop_222_35739	7.175
12998	12995	9.571666666666665
13479	13483	5.576666666666667
11537	12243	8.501666666666667
stop_226_36119	stop_226_36129	0.9049999999999999
11660	11662	9.716666666666667
8088	stop_957_333829	6.385000000000001
8374	12305	7.801666666666667
18333	12312	9.331666666666667
7905	stop_203_12549	10.725
12962	8326	8.693333333333333
17561	17549	1.9833333333333334
11909	7512	11.571666666666665
11508	8672	5.126666666666667
18271	17376	10.373333333333333
18294	7968	11.451666666666666
17271	12885	12.331666666666667
13446	14151	7.671666666666667
stop_264_45419	stop_265_45729	9.085
9935	stop_258_44219	17.279999999999998
12349	17420	17.508333333333333
11629	13863	3.575
7494	10323	5.093333333333334
10125	10150	9.045
9805	7722	9.3
9147	13651	1.305
13718	stop_852_324229	4.451666666666667
10932	14140	14.618333333333334
7395	14166	9.858333333333333
13801	7569	8.716666666666667
17545	10053	8.775
13905	17830	4.3533333333333335
10050	stop_1490_366219	12.17
10546	17584	13.356666666666666
12807	13516	15.933333333333334
8579	8580	8.285
18292	stop_13_25	3.055
13908	9482	4.831666666666666
9167	7461	14.693333333333333
13367	10633	11.413333333333332
9062	17304	7.183333333333334
10244	stop_297_62429	5.951666666666667
12861	stop_344_268719	1.2883333333333333
13483	12573	12.951666666666666
7400	stop_570_303629	16.555
12070	9050	12.110000000000001
8230	13674	4.566666666666666
7450	9035	13.103333333333333
9815	9045	5.693333333333333
8137	stop_299_63219	12.028333333333334
7417	7399	6.098333333333333
11913	12402	4.223333333333334
13631	stop_219_32239	10.908333333333333
12009	stop_852_324239	11.416666666666666
8668	9875	13.263333333333332
8608	stop_304_68229	2.085
12841	13667	15.416666666666666
12594	stop_1490_366229	11.67
stop_265_45729	stop_266_45819	10.986666666666668
8512	9773	10.253333333333334
14166	12457	7.569999999999999
13152	13153	0.33166666666666667
13667	12986	5.6
8217	8210	5.2
12852	stop_307_71819	9.635
13846	10897	12.215
8633	8090	10.465
7805	7808	12.153333333333334
13837	13194	11.121666666666666
13036	8114	14.196666666666665
17919	17952	7.088333333333334
9149	stop_186_7029	9.061666666666667
8520	13360	4.363333333333333
17510	17511	0.39333333333333337
10489	10596	9.971666666666666
9815	8975	3.855
13306	8667	12.931666666666667
9138	9026	10.905
10235	10079	4.3566666666666665
10040	10224	11.045
7477	18028	19.39
12942	18290	13.868333333333334
13850	7606	11.218333333333334
11564	7734	12.388333333333332
18024	8090	13.988333333333333
8798	8297	9.475
13900	13760	4.501666666666667
17307	13478	28.9
13177	8089	8.155
7893	stop_224_35949	2.5933333333333333
18102	18120	9.026666666666667
8090	stop_283_57629	10.721666666666666
17778	17779	2.066666666666667
17800	17897	3.1416666666666666
8077	8130	1.3599999999999999
stop_2_5	stop_3_6	2.8266666666666667
11951	9910	7.1
12898	stop_246_40819	11.671666666666665
11589	11575	1.1833333333333333
13644	13061	13.9
stop_277_56729	stop_316_94619	8.41
8002	stop_242_38829	13.341666666666667
8317	8095	7.468333333333334
10648	stop_227_36229	1.3316666666666668
13518	9585	5.388333333333334
7569	13202	13.363333333333333
14130	stop_305_71519	15.305
8898	stop_204_12629	11.156666666666666
8768	stop_571_303719	10.24
12321	7980	10.854999999999999
8645	8236	6.666666666666667
9773	17821	0.20166666666666666
9549	stop_280_57219	8.088333333333333
12953	stop_328_253829	3.685
10379	10402	8.858333333333333
stop_189_7329	stop_204_12639	12.711666666666668
7412	7413	5.325
13492	17959	4.8116666666666665
7509	8371	11.481666666666666
13714	7434	12.216666666666667
7965	7960	8.933333333333334
11569	11570	7.628333333333333
9291	9717	11.836666666666668
8018	stop_253_42329	8.826666666666666
11969	8858	10.583333333333334
7964	18370	6.739999999999999
8113	11169	13.366666666666667
13801	11214	13.246666666666666
11727	11736	5.545
18296	12908	9.986666666666668
12137	10157	5.428333333333333
10500	stop_273_46519	16.516666666666666
8906	17918	9.013333333333332
7420	11079	8.875
7394	7402	18.206666666666667
18341	13656	13.001666666666667
13080	8104	24.506666666666668
17824	12303	6.553333333333333
12907	stop_12_21	9.808333333333334
9120	7822	4.635000000000001
stop_285_58419	stop_343_268619	6.661666666666666
18328	12908	4.955
13693	stop_316_94619	8.72
9062	13309	10.778333333333334
13050	13049	2.265
8528	18409	9.548333333333334
9978	stop_6_13	5.41
9035	12942	6.975
8358	8359	0.81
13299	11164	10.706666666666667
13329	8182	9.358333333333333
12934	stop_267_45919	13.979999999999999
11106	13705	15.731666666666666
8335	stop_12_21	13.573333333333332
12135	8311	14.048333333333334
12997	8187	12.623333333333333
7880	11733	7.748333333333333
12860	stop_296_62329	11.629999999999999
12962	17560	12.466666666666667
8127	8123	8.213333333333333
12981	12982	0.18333333333333332
13533	13534	2.49
stop_217_32029	stop_311_82329	9.111666666666668
13446	18238	4.45
8317	stop_292_61219	8.291666666666666
8018	8021	10.273333333333333
12298	stop_1102_347029	7.993333333333334
13813	9781	11.208333333333334
9878	stop_222_35729	1.285
7392	stop_1486_372439	8.916666666666666
8371	7375	11.776666666666667
13052	stop_205_12719	11.54
12860	12927	22.803333333333335
10318	17832	18.811666666666667
12363	12340	6.683333333333334
8027	7946	12.425
17546	17561	1.405
13669	17562	7.915
17938	17912	10.995000000000001
17585	stop_1489_127129	6.256666666666666
7811	stop_1102_347029	13.97
18235	11336	13.071666666666665
12323	stop_13_28	14.006666666666666
7367	7368	4.656666666666666
13664	stop_3_7	7.391666666666667
18314	18390	7.305000000000001
18297	stop_12_24	2.9633333333333334
stop_272_46429	stop_274_46619	6.59
8236	8234	9.875
11977	13718	2.565
17541	17560	8.69
17760	stop_241_38319	10.966666666666667
9119	8363	19.348333333333336
17501	stop_1492_372619	10.406666666666666
13639	7511	11.203333333333335
17602	17619	6.9816666666666665
12488	13956	4.305000000000001
10164	stop_1489_127129	14.728333333333333
12942	12943	1.0799999999999998
17566	17892	6.04
18055	stop_3_7	8.631666666666666
8635	8508	3.615
10078	10235	10.056666666666667
18367	13538	8.095
9644	9646	12.423333333333334
8247	9038	15.091666666666667
9675	9673	8.006666666666666
11420	stop_241_38319	10.725
12987	stop_297_62419	9.633333333333333
11432	12893	9.293333333333333
10559	stop_226_36119	12.05
8123	8672	1.845
13081	stop_274_46619	1.5383333333333333
12490	9596	5.92
stop_5_10	stop_230_36549	8.403333333333332
17703	17892	15.283333333333333
12999	stop_301_63719	9.485000000000001
8801	stop_202_12419	13.811666666666667
12948	7983	4.569999999999999
13701	7449	6.468333333333334
12987	12928	21.235
9978	stop_575_304129	8.091666666666667
11311	8118	12.208333333333334
12911	18312	7.8933333333333335
13232	10674	7.086666666666667
11977	17830	14.871666666666666
12989	stop_304_68219	13.014999999999999
13042	17830	1.5883333333333334
11970	18016	5.7316666666666665
12300	10043	17.903333333333332
12975	stop_248_41319	12.758333333333333
10468	10139	6.713333333333334
12931	stop_245_40719	10.286666666666667
8799	stop_1495_373529	12.075
10116	stop_306_71629	8.423333333333334
12923	8399	24.96833333333333
7432	9149	8.935
7448	7439	5.78
8979	11016	3.79
7970	stop_1_2	12.203333333333335
11575	9529	12.2
7983	stop_241_38329	4.34
8791	13474	12.803333333333335
10140	12332	4.876666666666667
17696	8923	15.566666666666666
17567	10164	9.611666666666668
11800	10630	5.098333333333333
9978	17953	12.476666666666667
11914	18011	20.973333333333336
17855	17852	11.471666666666666
13201	13205	5.361666666666666
12870	stop_574_304019	6.913333333333333
7516	13629	7.285
18304	13117	11.571666666666665
stop_240_38219	stop_328_253829	12.476666666666667
8362	stop_283_57619	8.611666666666668
8972	11639	17.691666666666666
12070	stop_202_12429	10.01
8098	8091	3.2183333333333333
9412	13362	2.8316666666666666
8089	stop_782_314119	12.953333333333335
12719	9149	9.968333333333334
7358	18254	16.045
8211	8538	7.985
stop_9_17	stop_9_18	0.7883333333333333
9933	9972	8.423333333333334
8017	stop_252_42029	7.5649999999999995
13715	stop_204_12629	13.243333333333334
7359	10167	6.693333333333333
8801	12022	8.653333333333334
13053	stop_203_12519	11.18
18238	18242	11.365
9504	10550	7.88
9035	9030	9.706666666666667
stop_219_32229	stop_221_32529	9.35
8669	13662	12.388333333333332
18025	13554	18.366666666666667
10842	18055	8.49
12504	18348	3.915
13071	13074	6.91
12140	8372	9.593333333333334
18293	13731	14.01
8389	8899	13.816666666666666
10480	17343	8.488333333333333
13114	13117	1.57
7511	stop_204_12629	1.3133333333333332
10412	18298	7.196666666666667
12898	12899	6.828333333333333
11803	10631	13.838333333333333
12957	12950	11.445
7404	17547	7.673333333333333
10468	stop_841_317630	6.345
10016	7948	8.785
8478	stop_255_42929	2.7233333333333336
8135	17958	12.745000000000001
10223	11346	1.4383333333333332
18278	18279	0.48833333333333334
12938	stop_1486_372429	6.8133333333333335
stop_322_117319	stop_1234_362129	10.845
18332	13486	11.533333333333333
7737	7721	9.661666666666667
13183	11306	9.531666666666666
10717	stop_217_32019	11.886666666666667
7952	stop_9_17	13.353333333333333
7400	stop_186_7039	11.943333333333333
8803	17858	18.996666666666666
12571	17834	8.72
9470	12510	11.370000000000001
13443	11438	8.79
18389	stop_13_27	12.825
8898	12401	13.576666666666666
12860	12859	1.7950000000000002
12070	12958	4.048333333333334
14042	8936	13.979999999999999
11977	stop_1234_362129	12.118333333333334
12942	9032	12.413333333333332
stop_1486_372419	stop_1486_372439	1.835
stop_216_31919	stop_311_82319	9.815
13531	13533	0.66
11321	13178	6.178333333333333
7780	13351	7.571666666666667
17684	8065	6.97
7891	stop_1102_347019	2.3733333333333335
10053	stop_1488_3329	3.575
12992	stop_300_63419	9.6
12943	8404	12.285
12928	8128	11.455
13016	13015	1.2766666666666666
10559	8104	11.295
13341	13775	5.61
13705	stop_1486_372429	12.351666666666667
18314	18332	12.876666666666667
7426	11909	14.165
12301	12300	1.2216666666666667
13717	13693	11.618333333333334
10511	13632	16.715
13664	stop_1280_364319	9.58
8672	12930	12.656666666666666
8384	14082	13.341666666666667
17566	7367	14.278333333333334
17771	17772	1.7016666666666667
7885	stop_222_35719	9.163333333333332
12932	18332	7.156666666666666
7503	17929	13.315
11655	11648	0.17833333333333332
7459	7489	2.975
stop_293_61319	stop_314_92229	5.883333333333334
8387	10679	5.995
8537	stop_240_38229	4.448333333333333
18055	stop_1280_364319	4.725
11760	17611	12.671666666666665
stop_6_12	stop_245_40719	8.861666666666668
7625	11617	4.051666666666667
17552	17591	2.77
8251	8254	1.2266666666666666
12904	8402	11.541666666666666
12962	18320	18.323333333333334
7516	7395	12.781666666666666
12945	12952	1.675
18314	12911	11.295
9050	11433	1.1433333333333333
13072	10783	4.8149999999999995
8526	9171	9.565
7366	17539	11.161666666666667
7998	stop_329_253919	14.448333333333332
9666	17732	7.786666666666666
12322	stop_329_253929	9.321666666666665
10560	13183	7.8116666666666665
7891	9878	1.1533333333333333
8408	8405	5.953333333333333
stop_283_57619	stop_957_333829	10.011666666666667
12878	stop_386_285929	12.033333333333333
7375	17588	13.35
11727	13297	11.048333333333334
7931	stop_241_38319	13.743333333333334
7367	12312	10.101666666666667
7407	13034	0.8916666666666667
13420	8844	4.489999999999999
stop_279_57139	stop_1103_347129	14.396666666666667
8793	13171	7.263333333333334
18092	7482	12.26
10184	10278	7.55
8604	10603	14.223333333333333
8032	13696	10.705
9899	stop_279_57119	4.37
14041	11714	9.723333333333333
9492	11679	10.556666666666667
13025	stop_321_115429	13.686666666666667
12920	stop_321_115429	4.738333333333333
18291	stop_254_42429	7.111666666666666
7463	7490	11.315
12306	stop_318_96019	10.035
13629	stop_318_96019	11.04
12120	12554	6.943333333333333
9147	stop_252_42019	12.115
17908	stop_568_303239	10.941666666666666
18291	13724	10.158333333333333
14054	17711	7.83
8419	7494	8.955
11306	stop_282_57529	12.5
8972	8974	6.906666666666666
13193	13838	15.85
12330	10145	5.668333333333334
13951	13956	9.488333333333333
10470	10463	1.1849999999999998
18128	14066	14.551666666666668
13749	12377	12.098333333333333
11913	stop_205_12729	15.71
12144	12304	10.22
13081	11742	17.826666666666664
8584	13114	4.105
11432	stop_203_12559	3.575
7931	stop_329_253929	11.773333333333333
8899	stop_202_12429	10.443333333333333
8599	stop_293_61329	14.835
17774	17775	2.371666666666667
18025	stop_213_31119	4.968333333333334
12908	stop_13_25	6.180000000000001
12996	stop_334_258229	7.045
10183	10091	10.698333333333332
10613	14005	12.928333333333335
12856	stop_11_23	7.0233333333333325
13357	13356	0.6766666666666666
17918	stop_204_12619	4.7716666666666665
18053	18191	13.038333333333332
12022	stop_202_12429	11.108333333333333
stop_13_25	stop_13_26	2.0083333333333333
9941	9964	5.53
12970	stop_325_136029	11.891666666666667
18291	8017	12.706666666666667
9002	9484	9.763333333333332
18242	18240	9.75
7813	12306	14.504999999999999
9147	18310	13.9
8137	12850	11.478333333333333
stop_224_35919	stop_224_35949	1.6400000000000001
10108	stop_297_62429	10.513333333333332
10261	12348	5.635000000000001
13334	7673	4.413333333333333
18295	8017	12.936666666666667
12499	13397	15.828333333333335
17393	10385	4.295
12571	18146	3.74
stop_222_35719	stop_227_36229	10.675
13443	11331	14.729999999999999
17706	11251	7.093333333333334
12885	10468	9.775
7369	10164	11.83
9022	9023	0.8933333333333333
8699	9874	5.3966666666666665
10213	17376	16.021666666666665
9490	stop_302_67919	7.708333333333333
13900	8130	7.463333333333334
12717	stop_223_35819	11.778333333333334
7891	stop_335_260819	12.433333333333334
8367	stop_1488_3319	1.5533333333333335
13651	stop_13_26	9.770000000000001
11432	7462	12.401666666666667
7813	10081	12.128333333333334
13717	12860	5.430000000000001
13208	13209	0.32
10082	18192	0.37
7720	10358	13.293333333333333
10080	10562	11.261666666666667
8990	9486	8.728333333333333
18092	stop_1488_3319	12.785
7366	18321	11.120000000000001
stop_208_13019	stop_574_304039	9.825
18292	stop_313_86719	8.535
12915	8076	10.41
stop_1490_366219	stop_1491_372319	11.323333333333332
13789	12932	7.996666666666667
12657	13348	17.43166666666667
17268	17273	13.15
9138	17779	11.138333333333332
10499	stop_342_268519	10.323333333333332
10043	10332	6.569999999999999
18296	stop_248_41329	9.766666666666667
7450	18290	8.425
18065	stop_310_74719	11.446666666666665
stop_248_41329	stop_250_41829	7.425
8217	stop_307_71829	14.071666666666665
11654	11655	9.4
7385	18341	12.523333333333333
17742	18071	5.826666666666667
17478	17577	4.296666666666667
17538	10165	5.655
13075	12232	18.336666666666666
12348	12347	0.15333333333333332
stop_291_61129	stop_314_92219	3.8
8138	stop_305_71519	13.018333333333334
8332	stop_240_38219	1.0233333333333332
18335	18289	0.9600000000000001
18328	stop_248_41329	12.604999999999999
stop_276_56139	stop_323_126229	8.573333333333332
7490	18028	11.575
9878	7893	11.645000000000001
8870	12609	10.43
12975	stop_6_12	9.561666666666667
10811	11021	7.0616666666666665
7358	18341	15.058333333333334
stop_12_19	stop_250_41829	9.308333333333334
8804	8858	12.860000000000001
10544	11659	9.315
12964	stop_276_56119	1.04
17590	stop_1491_372329	11.736666666666668
17714	stop_1491_372319	5.091666666666667
13945	13809	17.19
8635	8636	0.021666666666666667
7984	12353	14.216666666666667
9120	stop_283_57629	21.6
17775	13707	18.56
10096	8137	8.685
stop_279_57139	stop_338_56929	8.604999999999999
13816	8381	20.926666666666666
7452	stop_328_253829	10.266666666666667
10444	13737	4.675
stop_9_17	stop_254_42429	12.8
12876	stop_6_12	6.955
17408	17386	8.19
7897	stop_278_57029	13.931666666666667
17940	stop_386_285919	8.706666666666667
7420	17765	5.098333333333333
12662	12670	8.135
13062	stop_3_6	5.498333333333333
8975	8248	5.511666666666667
13365	13364	0.8033333333333333
stop_314_92239	stop_1280_364329	11.44
8666	13295	9.551666666666668
12677	stop_316_94619	14.041666666666666
12401	13042	8.155
8332	stop_328_253829	13.379999999999999
13906	7402	16.455
8362	stop_214_31319	17.478333333333335
8630	stop_214_31329	20.89333333333333
8706	17974	4.930000000000001
10668	13237	10.711666666666668
12966	7434	8.47
8084	stop_278_57029	10.473333333333333
12880	17771	10.806666666666667
13719	stop_321_115419	12.678333333333335
12305	12302	13.373333333333333
18328	10848	12.606666666666666
10070	18147	10.523333333333333
18314	stop_254_42419	10.65
12537	12536	0.6316666666666666
11009	12949	9.116666666666667
12996	14006	8.091666666666667
stop_221_32529	stop_224_35929	3.5300000000000002
8584	10494	9.85
8229	8311	12.625
12975	17914	10.17
17586	13669	13.476666666666667
7365	17964	13.886666666666667
12849	stop_290_61019	0.7183333333333334
18204	13908	9.701666666666666
10476	10610	6.175
7897	stop_957_333819	14.758333333333333
7952	stop_254_42419	1.125
17561	7375	8.218333333333334
11508	12927	6.886666666666667
13723	stop_219_32229	12.943333333333333
17271	13063	6.491666666666666
9810	10037	12.873333333333333
10121	10110	0.87
12876	17914	6.323333333333333
8327	8325	10.171666666666665
stop_219_32229	stop_1487_373629	3.0633333333333335
stop_204_12619	stop_222_35729	14.303333333333335
7494	7495	9.483333333333333
17417	17394	6.623333333333333
13587	stop_1103_347119	0.6566666666666666
7960	stop_257_43529	6.55
13669	7365	7.736666666666666
10125	13676	10.478333333333333
9147	18390	6.4383333333333335
12353	stop_1_1	12.336666666666668
10211	10257	14.57
8369	10504	7.71
8776	18122	12.626666666666667
10481	11163	7.558333333333334
10487	9810	1.2583333333333333
13377	9415	6.318333333333333
18335	12570	18.44
8095	stop_343_268619	11.931666666666667
stop_246_40829	stop_313_86719	5.756666666666666
18362	8699	12.945
18314	9923	14.878333333333334
9167	7504	8.871666666666666
11909	stop_222_35739	12.47
18046	18040	4.36
11977	12717	6.248333333333333
7500	7985	4.368333333333334
9490	10613	6.208333333333333
10244	stop_298_63049	0.9516666666666667
12885	stop_1343_364729	11.958333333333334
stop_222_35739	stop_224_35939	11.436666666666667
8661	10037	9.125
12466	8672	12.553333333333335
18344	12935	17.308333333333334
stop_227_36229	stop_230_36549	14.338333333333333
11913	7407	11.856666666666666
7402	7430	14.603333333333333
9120	13180	15.451666666666666
7676	7677	7.868333333333334
18334	17552	3.7116666666666664
11653	10770	19.745
13706	stop_183_6129	4.421666666666667
13471	10292	9.288333333333332
10355	10495	5.760000000000001
8633	8091	8.508333333333333
12953	stop_242_38819	11.996666666666666
17735	17738	11.303333333333335
18017	8809	10.018333333333334
8617	stop_1493_373019	10.326666666666666
13666	stop_275_56019	10.826666666666666
8367	17576	13.641666666666667
11509	13492	11.125
7929	stop_239_37919	8.03
stop_204_12639	stop_322_117329	7.085
13010	9725	5.985
9051	stop_232_36819	15.751666666666667
18024	8091	13.516666666666667
12868	13670	1.4866666666666668
12927	stop_277_56729	7.183333333333334
10070	stop_1493_373029	17.045
12986	8114	13.848333333333333
13637	stop_304_68229	14.266666666666667
8328	17563	6.703333333333333
8077	13661	11.745000000000001
12457	stop_570_303629	10.666666666666666
8206	10724	14.066666666666666
7505	17779	14.671666666666665
12898	stop_248_41319	0.9233333333333333
10876	17269	11.33
11551	9453	10.553333333333335
11433	7905	10.74
8304	12310	8.158333333333333
14130	stop_307_71819	14.19
10468	stop_307_71819	9.45
13377	8577	3.7933333333333334
8787	13474	6.251666666666667
11251	17576	6.278333333333333
10324	17779	10.461666666666668
17751	17752	0.6833333333333333
18307	13653	12.353333333333333
17928	12310	13.061666666666667
7412	17762	10.121666666666666
17307	17834	16.313333333333333
13817	8228	9.326666666666666
10096	9544	11.235000000000001
7394	7390	10.403333333333334
stop_278_57029	stop_338_56919	2.691666666666667
11612	17813	10.379999999999999
18293	9551	17.071666666666665
8403	7936	7.705
9551	stop_342_268519	16.841666666666665
7965	10499	12.516666666666667
12907	stop_13_27	12.158333333333333
13666	17959	11.610000000000001
18064	stop_2_5	1.695
18367	17380	15.626666666666667
7369	17590	10.406666666666666
11438	17878	9.885
8002	12950	10.623333333333333
7808	stop_217_32019	10.256666666666666
18336	18256	12.311666666666667
9695	9693	9.581666666666667
8358	13025	10.298333333333334
stop_568_303219	stop_1487_373619	13.125
12306	12307	2.7733333333333334
7500	12942	10.496666666666666
13629	12307	10.156666666666666
10172	stop_2_5	17.53166666666667
11913	stop_1102_347019	13.815
8520	8578	12.165
17724	17725	3.6983333333333333
12135	17342	13.95
13049	13640	13.403333333333334
8127	13693	9.18
12887	12870	18.51833333333333
7454	17915	12.511666666666667
18274	stop_568_303219	4.7
13533	7360	7.9366666666666665
12329	10121	11.74
12574	12576	8.578333333333335
8934	8935	0.605
10849	stop_571_303719	11.526666666666667
13738	stop_342_268529	14.803333333333335
stop_1102_347019	stop_1487_373619	10.743333333333334
10172	8634	13.636666666666667
9878	stop_224_35919	12.968333333333334
13587	stop_338_56919	9.525
13331	13404	5.378333333333333
12304	stop_1486_372429	10.216666666666667
8027	8018	8.818333333333333
17546	7381	6.055000000000001
9932	17690	16.465
17585	stop_1491_372329	2.1616666666666666
8359	stop_225_36029	13.908333333333333
7538	7534	0.7383333333333333
7450	9032	5.985
17959	stop_323_126219	5.045
12954	stop_237_37729	1.26
9026	17835	12.161666666666667
8526	11438	4.88
10488	10489	1.1783333333333335
18297	stop_13_28	12.976666666666667
stop_289_58929	stop_345_268829	8.206666666666667
8632	8630	11.633333333333333
11281	17378	18.006666666666668
8496	8493	10.756666666666666
stop_11_23	stop_572_303819	9.74
12899	18389	8.921666666666665
12354	17986	14.253333333333334
13639	12959	9.858333333333333
13722	stop_219_32219	12.301666666666668
stop_1_2	stop_274_46619	10.398333333333333
stop_205_12719	stop_568_303219	13.93
10932	14008	9.921666666666665
12942	8409	6.358333333333333
12466	13717	1.7483333333333335
8614	8698	29.871666666666666
10078	11926	17.448333333333334
10028	10242	1.1116666666666668
7419	12140	13.511666666666667
stop_203_12539	stop_203_12559	2.2216666666666667
12841	stop_345_268829	14.011666666666667
8123	12927	7.483333333333333
12441	10508	13.258333333333333
12841	9904	13.120000000000001
stop_5_10	stop_233_36929	8.795
7950	stop_571_303729	7.911666666666666
18104	18102	17.23
11311	8599	10.926666666666668
14048	13210	33.11333333333333
stop_322_117329	stop_852_324239	7.725
13062	11305	7.72
11977	12966	4.658333333333333
10087	10088	6.493333333333334
10855	12929	11.983333333333333
9139	stop_1492_372619	21.808333333333334
stop_246_40839	stop_248_41319	11.643333333333334
13866	7689	7.765
9916	17830	13.325
13052	7477	10.696666666666665
17938	17951	14.501666666666667
13811	17377	14.44
8669	8670	0.8983333333333333
12964	stop_424_287019	13.729999999999999
13789	8710	6.078333333333333
13665	stop_278_57029	15.366666666666667
7448	17668	10.2
13054	8097	21.883333333333333
13416	7624	16.471666666666668
12934	18170	18.633333333333333
9618	17786	7.2
17567	10056	15.025
8223	12377	11.633333333333333
9032	12357	3.7733333333333334
7531	8475	7.136666666666667
9541	9547	7.556666666666667
9926	8769	8.92
13080	stop_216_31919	11.701666666666666
7505	7492	13.953333333333335
stop_203_12559	stop_322_117319	12.405
13186	7897	12.868333333333334
10482	13094	30.709999999999997
8144	8413	7.665
12306	stop_782_314119	6.8516666666666675
13042	stop_189_7349	12.22
10081	stop_782_314119	3.5283333333333333
stop_852_324229	stop_852_324239	1.0933333333333333
13037	stop_291_61119	5.430000000000001
13447	12377	12.53
stop_2_5	stop_1280_364359	10.451666666666666
18276	17540	14.946666666666665
7993	8298	7.14
12996	13645	8.438333333333334
12070	stop_203_12549	11.928333333333335
12984	stop_293_61329	6.581666666666666
7489	8304	9.446666666666665
13905	7426	12.06
12941	stop_311_82329	4.655
18122	11455	10.743333333333334
8088	stop_213_31119	21.295
17864	10493	5.901666666666667
10717	7419	6.506666666666666
13053	stop_203_12559	11.391666666666667
13673	12362	9.136666666666667
11719	13301	8.235000000000001
13179	stop_216_31929	11.29
7983	7929	4.158333333333333
stop_219_32229	stop_223_35819	12.301666666666668
10842	8364	10.42
12140	7387	5.64
13350	8472	10.764999999999999
13314	13532	5.075
8168	9715	12.801666666666668
12898	13651	8.723333333333333
12957	11420	13.693333333333333
7404	8327	14.05
7960	stop_330_254319	15.141666666666667
7395	13628	16.316666666666666
7606	8873	2.2216666666666667
stop_186_7019	stop_335_260829	13.495000000000001
8970	11446	6.456666666666666
17722	17723	8.645000000000001
13445	18240	9.701666666666666
13023	stop_13_26	10.268333333333334
13949	13951	6.378333333333333
8299	11420	3.0349999999999997
12402	stop_852_324239	10.815
10482	10227	5.133333333333334
13235	17712	12.96
13925	9782	7.1899999999999995
12908	stop_313_86719	11.603333333333333
13407	17792	10.653333333333334
7423	stop_196_8719	13.776666666666667
18228	18227	1.8233333333333335
10602	stop_221_32519	7.506666666666666
8373	8327	7.491666666666666
7371	8328	8.225
18310	13485	13.976666666666667
10497	9966	4.878333333333333
18057	12880	16.148333333333333
17282	stop_1280_364359	14.191666666666666
13531	7358	9.066666666666666
stop_3_6	stop_310_74719	3.96
12888	stop_234_37029	8.451666666666666
13485	stop_313_86729	12.073333333333332
7426	12401	12.833333333333334
12881	stop_246_40819	6.193333333333333
13053	7462	7.569999999999999
17726	17725	0.7183333333333334
9942	9960	11.058333333333334
13663	10468	5.991666666666666
9490	13061	10.963333333333333
12595	8328	12.203333333333335
7998	stop_242_38829	11.011666666666667
12881	13023	6.96
11214	11698	7.239999999999999
11509	stop_276_56119	10.873333333333333
13664	stop_1342_364619	16.848333333333333
12885	stop_305_71519	6.96
7542	18384	7.468333333333334
7804	8089	15.263333333333332
12842	11306	11.041666666666666
8898	stop_186_7039	13.778333333333334
11008	7980	8.868333333333334
17566	10055	7.801666666666667
9483	9485	7.706666666666666
13708	stop_237_37719	8.025
13615	stop_272_46429	16.029999999999998
7885	stop_223_35829	12.96
17562	stop_1489_127119	8.861666666666668
17544	stop_1488_3329	12.108333333333333
12932	10015	12.738333333333333
17723	12807	12.231666666666666
14073	17378	16.193333333333335
7811	10081	9.148333333333333
7459	7446	7.1033333333333335
10171	stop_310_74719	13.09
13160	9028	8.721666666666666
8537	stop_242_38829	9.636666666666667
12888	13055	8.078333333333333
7418	7417	6.295
18284	17577	19.253333333333334
18055	stop_1342_364619	13.718333333333334
12457	stop_186_7039	3.585
9982	9925	4.486666666666666
stop_6_12	stop_246_40839	9.848333333333333
13667	stop_314_92219	2.5766666666666667
12904	9918	7.261666666666667
stop_224_35939	stop_957_333819	11.46
13749	stop_310_74719	9.639999999999999
13864	13862	0.2966666666666667
10090	10277	2.4833333333333334
11507	stop_276_56129	12.915
17310	13479	30.52
7490	17583	9.565
10560	8361	3.8766666666666665
7386	7379	13.21
stop_207_12929	stop_208_13029	8.69
7430	stop_568_303219	11.771666666666667
11438	18238	2.17
14165	7432	6.645
12974	stop_246_40829	3.328333333333333
12312	7488	16.075
10371	10409	0.006666666666666667
7931	stop_243_39219	7.708333333333333
13444	9859	6.141666666666667
stop_245_40729	stop_246_40849	6.123333333333333
7387	12305	9.313333333333333
8793	13167	13.83
13679	stop_316_94619	11.921666666666665
18286	12312	8.035
18092	12314	8.858333333333333
10736	12224	6.515
stop_222_35729	stop_325_136019	4.301666666666667
9899	stop_280_57229	0.84
stop_253_42329	stop_254_42429	8.646666666666667
17915	stop_246_40829	8.393333333333334
17910	stop_233_36929	8.778333333333334
10929	13735	1.9183333333333332
7463	7488	11.193333333333333
12718	stop_189_7329	9.43
13854	13847	1.3900000000000001
13632	18170	5.973333333333333
7956	stop_331_254829	11.3
7959	18202	11.706666666666667
17830	stop_187_7119	2.8666666666666667
10151	10150	13.979999999999999
12510	13166	14.318333333333333
11306	stop_284_57729	10.703333333333335
10156	17318	15.753333333333334
14041	8925	4.944999999999999
stop_291_61119	stop_293_61319	10.293333333333333
13634	10877	15.258333333333333
7522	8474	13.088333333333333
8144	9540	8.546666666666665
7977	8768	13.463333333333333
11025	11027	10.108333333333333
9856	8788	9.285
7532	13189	10.953333333333335
7448	stop_202_12419	12.406666666666666
7386	13657	9.348333333333333
8415	18306	16.771666666666665
11566	13292	9.298333333333334
stop_225_36029	stop_957_333829	14.606666666666666
10226	12502	12.908333333333333
17876	10842	7.346666666666667
10299	10300	1.5083333333333333
7536	7537	4.376666666666667
12144	12302	13.020000000000001
13975	10030	5.595
13019	stop_267_45929	1.4016666666666666
11432	stop_205_12719	6.33
13675	13728	6.846666666666667
13731	18170	10.021666666666667
9540	stop_314_92229	15.97
12970	7897	5.6899999999999995
18025	stop_214_31329	11.731666666666666
8074	17939	1.6266666666666665
10298	10474	1.4
17951	stop_575_304129	10.031666666666666
18346	8230	11.118333333333334
7534	10235	12.778333333333334
13701	9035	12.245000000000001
17918	stop_205_12729	7.335
10145	10110	12.951666666666666
12022	stop_203_12549	7.79
18341	18257	10.408333333333333
8163	12363	7.091666666666667
8436	13129	11.173333333333334
10559	stop_216_31919	4.785
13636	10450	6.1466666666666665
10602	stop_325_136029	8.595
11552	11555	6.503333333333333
9147	9923	14.101666666666667
17258	17271	2.0933333333333333
10487	13531	10.965
stop_224_35919	stop_226_36129	3.5283333333333333
10612	13704	12.356666666666666
18295	12323	13.225
8003	12319	11.163333333333332
17379	17377	6.873333333333333
8261	8259	12.498333333333333
10202	11171	5.506666666666666
12940	stop_325_136029	12.063333333333333
12571	17307	8.921666666666665
13186	stop_224_35939	10.291666666666666
13443	11335	12.238333333333333
17544	17892	1.6983333333333335
11433	stop_5_10	13.275
9723	13749	11.223333333333333
17399	13439	9.139999999999999
11649	8776	14.416666666666666
12350	14005	8.033333333333333
18331	18330	0.44333333333333336
stop_257_43519	stop_272_46429	7.17
13350	11568	11.676666666666668
17282	stop_343_268629	12.485000000000001
13900	13661	3.2
11969	13957	14.823333333333332
18329	stop_183_6129	13.763333333333332
8367	stop_1490_366219	5.941666666666666
8508	13402	8.786666666666667
12574	13480	33.678333333333335
8340	7953	7.073333333333333
13714	stop_222_35739	12.28
10234	10236	15.718333333333334
13653	12688	5.316666666666666
13663	stop_1343_364729	4.37
10700	stop_219_32239	8.656666666666666
7367	stop_1493_373019	13.685
12309	7478	14.223333333333333
13343	13342	7.878333333333333
7366	7437	6.668333333333334
8345	8236	10.788333333333332
9118	stop_245_40729	6.1016666666666675
12717	7891	8.591666666666667
12967	stop_219_32239	7.826666666666667
7482	7483	8.541666666666666
12472	9505	14.476666666666667
13004	12516	10.705
9118	12975	9.643333333333334
13740	7478	11.351666666666667
7991	stop_239_37919	4.203333333333333
18296	7951	8.335
stop_291_61129	stop_314_92259	5.798333333333333
8332	stop_242_38819	5.536666666666666
13724	13695	8.846666666666666
11709	10819	5.48
8146	8205	10.978333333333333
18155	17779	14.9
stop_285_58419	stop_292_61219	8.471666666666668
stop_277_56729	stop_820_315819	12.8
12135	10158	9.943333333333333
11741	stop_272_46429	11.038333333333332
13528	10915	8.846666666666666
10016	7936	13.961666666666668
7805	stop_213_31139	1.9933333333333332
8475	7532	10.19
17590	stop_1493_373029	13.771666666666667
13660	13760	11.935
10262	stop_240_38219	12.161666666666667
stop_841_317639	stop_841_317650	2.6733333333333333
7965	17884	18.634999999999998
8088	stop_283_57629	8.128333333333334
18232	stop_217_32019	7.318333333333333
13005	8187	8.296666666666667
7365	7481	10.993333333333334
7897	stop_280_57219	11.093333333333334
10000	13050	3.018333333333333
7970	stop_342_268519	6.02
12905	8015	14.216666666666667
13154	12510	9.66
13738	18370	1.7316666666666667
8027	stop_253_42319	1.4733333333333334
10154	13729	11.875
18032	7651	13.533333333333333
8371	7398	13.556666666666667
18360	18342	1.6666666666666667
11433	17918	3.525
12920	8075	15.360000000000001
8084	stop_280_57219	4.421666666666667
13055	stop_208_13019	13.491666666666667
8245	9754	15.588333333333333
12537	12535	4.651666666666667
13183	stop_221_32529	14.041666666666666
18329	17586	12.423333333333334
11636	11448	23.805
stop_221_32529	stop_225_36029	9.568333333333333
17959	stop_276_56119	11.883333333333333
10724	11169	1.2283333333333333
8478	stop_331_254819	8.881666666666666
12070	stop_852_324249	8.658333333333333
12893	stop_203_12529	8.701666666666666
12974	12908	14.41
13851	7610	7.233333333333333
17586	17560	8.291666666666666
17884	stop_342_268519	16.441666666666666
12411	10545	10.341666666666667
stop_297_62419	stop_298_63039	6.263333333333334
12860	stop_338_56919	11.076666666666666
7480	17964	12.245000000000001
11508	8128	5.605
13819	8224	12.996666666666666
12847	stop_289_58929	8.176666666666668
13723	stop_222_35719	12.26
10184	10185	2.5133333333333336
9050	stop_204_12639	7.430000000000001
10121	10220	10.921666666666665
9647	9646	2.268333333333333
13398	13399	1.4483333333333335
10118	12853	13.903333333333334
12412	10260	15.58
17850	11750	12.748333333333333
13760	11478	12.225
9453	11553	17.855
8027	8015	12.395000000000001
18030	8124	12.175
11106	17378	16.279999999999998
17267	17264	4.586666666666667
10487	14033	5.66
11248	7811	2.0366666666666666
7957	stop_12_21	11.991666666666667
13422	13406	0.5633333333333332
17545	13699	15.803333333333335
13729	17321	0.20666666666666667
10081	stop_219_32229	11.610000000000001
stop_189_7349	stop_568_303239	10.665
12719	stop_852_324219	3.165
10823	12744	15.79
8526	12635	12.403333333333334
stop_189_7339	stop_202_12429	15.098333333333333
8301	11474	3.7916666666666665
7928	stop_238_37819	12.378333333333334
12340	12338	12.196666666666665
11970	18013	0.32166666666666666
11639	11354	8.831666666666667
stop_222_35739	stop_226_36119	14.071666666666665
13662	10467	14.045
10050	10056	0.9666666666666667
8206	stop_306_71629	6.701666666666667
12518	12521	2.1983333333333333
13836	13193	11.553333333333335
18389	stop_571_303729	13.768333333333334
7402	13042	13.466666666666667
9120	13183	15.843333333333334
7395	stop_183_6119	17.863333333333333
12009	stop_1102_347029	3.8449999999999998
18334	17478	5.801666666666667
13485	stop_243_39229	4.641666666666667
8228	10467	10.011666666666667
8634	8217	4.9766666666666675
18299	10431	25.203333333333333
stop_325_136019	stop_568_303239	11.331666666666667
18345	18336	0.9783333333333334
11769	8192	14.165
7450	17836	12.536666666666667
13004	stop_303_68129	3.646666666666667
12302	18248	10.783333333333333
13679	12964	10.833333333333334
12970	stop_224_35939	1.25
13404	17628	10.275
7398	stop_183_6119	6.291666666666667
7365	stop_1489_127129	10.091666666666667
13617	12934	13.178333333333335
17311	13483	28.873333333333335
7984	7962	20.613333333333333
12940	stop_1487_373619	6.1016666666666675
8072	8351	17.235
8631	8091	2.4050000000000002
17735	13978	5.6033333333333335
13666	stop_276_56139	8.19
7960	17690	15.201666666666666
10001	7419	7.88
12901	8478	5.411666666666666
11913	stop_188_7219	4.318333333333333
12854	stop_285_58419	7.463333333333334
7437	7477	11.398333333333333
11334	11335	8.526666666666667
13180	stop_282_57529	6.755
8372	7387	3.9583333333333335
9981	17716	18.83833333333333
18320	18333	6.928333333333333
14044	14017	14.721666666666666
8475	17971	5.23
13078	7707	5.155
8077	12929	4.88
8233	12377	12.555
8171	9715	20.64
17541	17563	5.486666666666666
8032	18312	8.133333333333333
12897	stop_252_42029	8.001666666666667
10406	10373	7.485
11433	17910	12.476666666666667
9923	12354	11.365
10163	18360	10.031666666666666
18155	7492	12.051666666666668
9900	7897	11.023333333333333
11456	18125	4.97
12360	13738	12.421666666666665
12898	18291	7.658333333333333
10145	10125	7.628333333333333
12404	12419	0.375
11472	18243	4.48
12303	17713	13.538333333333332
17949	stop_245_40719	14.848333333333333
13672	17958	13.903333333333334
stop_258_44219	stop_342_268519	4.348333333333333
10201	13299	11.278333333333334
12986	stop_314_92239	5.303333333333333
stop_322_117319	stop_322_117329	4.52
18332	12899	6.5649999999999995
12953	7993	11.916666666666666
12355	stop_272_46419	12.823333333333332
7454	stop_8_16	6.321666666666667
9061	9063	11.791666666666666
13817	10549	7.233333333333333
10544	12581	4.155
7452	7930	7.996666666666667
9980	17713	15.873333333333333
10113	8212	7.6033333333333335
7953	stop_255_42919	6.283333333333333
8212	10706	13.746666666666666
13018	stop_1_2	16.176666666666666
13684	12557	3.8733333333333335
11800	11803	8.615
13178	stop_283_57619	12.143333333333334
11806	9725	13.026666666666667
17714	17717	15.453333333333335
stop_1076_317419	stop_1076_317429	0.4766666666666667
14054	8936	15.370000000000001
13689	stop_213_31129	26.548333333333336
11977	stop_322_117329	3.3483333333333336
12897	7950	8.183333333333334
8003	stop_13_26	9.256666666666666
8002	11420	8.965
7500	8408	7.961666666666667
8822	13407	9.803333333333335
stop_232_36829	stop_233_36919	5.53
13629	9916	8.255
8353	8164	12.626666666666667
7683	13335	4.551666666666667
13706	7392	4.988333333333333
13715	stop_335_260829	4.886666666666667
12878	stop_207_12929	13.413333333333332
11516	17771	9.763333333333332
13492	8076	7.16
stop_272_46419	stop_273_46529	5.956666666666666
7965	7961	9.731666666666666
13852	13851	9.948333333333332
13545	18051	12.853333333333333
17540	17547	10.736666666666668
7471	stop_1234_362129	11.303333333333335
17878	18242	6.319999999999999
17713	17714	0.7933333333333333
stop_278_57019	stop_278_57029	0.7233333333333333
12363	18363	13.721666666666666
10496	12244	7.9350000000000005
8115	stop_291_61129	5.225
13137	9755	6.95
7511	stop_335_260829	9.645000000000001
10848	stop_13_26	13.405
10482	17342	9.003333333333334
13586	stop_221_32529	14.805
7368	stop_1486_372419	12.496666666666666
8325	stop_1486_372429	6.596666666666667
12022	stop_852_324249	6.631666666666666
18244	stop_189_7319	7.616666666666666
12412	12347	18.758333333333333
12954	stop_240_38219	8.096666666666668
8298	stop_240_38229	13.031666666666666
11651	8778	12.925
12806	13517	10.854999999999999
9654	9657	3.46
12718	12719	3.35
13023	stop_313_86729	2.945
8248	9046	12.111666666666668
10065	10062	2.6633333333333336
8147	10245	11.518333333333334
12009	7822	11.616666666666667
12338	13389	13.711666666666668
10164	stop_1493_373029	11.058333333333334
12466	12859	5.748333333333333
8337	12911	8.936666666666667
12847	stop_344_268729	9.06
9030	stop_10_3	9.508333333333333
12536	8153	39.33166666666667
12936	stop_260_30	13.633333333333333
7936	13710	9.958333333333334
7410	11079	0.9516666666666667
8000	8409	12.885
13407	8826	3.4033333333333333
stop_203_12539	stop_205_12719	8.986666666666668
8123	8128	10.271666666666667
13447	stop_310_74719	2.7733333333333334
8166	13389	16.051666666666666
9393	18121	5.446666666666667
11806	11808	7.595
18409	17877	9.205
10167	18345	10.048333333333334
7471	8604	12.938333333333333
12120	12121	1.8166666666666667
13445	13446	1.365
8298	stop_329_253919	1.9933333333333332
10262	11729	11.136666666666667
11234	18345	4.855
8409	stop_240_38229	7.66
9166	7458	5.819999999999999
stop_425_287129	stop_1556_381029	6.118333333333334
12997	stop_303_68119	1.255
11009	12318	7.7716666666666665
9607	9611	14.096666666666666
7885	stop_568_303219	12.45
12070	stop_568_303219	11.873333333333333
8710	stop_246_40839	5.281666666666666
10592	18222	9.979999999999999
9049	stop_230_36519	10.663333333333332
8863	8859	7.013333333333334
11105	7568	5.819999999999999
18384	18388	10.086666666666668
stop_222_35729	stop_852_324229	8.623333333333333
8171	13678	11.868333333333334
7531	7524	6.930000000000001
12846	stop_284_57729	9.44
7505	7458	4.693333333333333
17544	12309	16.551666666666666
7717	7726	2.0616666666666665
7400	8326	17.131666666666668
8398	9926	27.428333333333335
8195	12995	11.196666666666665
13081	9935	9.441666666666666
17717	17379	11.31
10171	9814	14.178333333333335
13539	17716	14.958333333333334
7969	stop_258_44219	15.048333333333334
13037	stop_293_61319	4.863333333333333
stop_204_12619	stop_205_12729	5.031666666666666
12970	stop_279_57119	12.610000000000001
12314	12312	2.05
stop_214_31319	stop_216_31919	6.173333333333333
stop_224_35929	stop_325_136019	10.578333333333335
10375	10406	10.595
12305	8326	8.935
9049	17909	12.625
13905	14166	7.673333333333333
7414	13261	12.788333333333332
11311	13723	15.891666666666667
13260	13716	15.441666666666666
12877	stop_233_36929	2.0116666666666667
8708	17975	11.516666666666667
7367	10053	9.5
7964	stop_258_44219	4.2316666666666665
17938	17939	12.801666666666668
10700	10603	10.718333333333334
13077	12672	10.883333333333333
13058	18202	3.1933333333333334
13177	stop_957_333819	1.7416666666666667
18144	17956	8.013333333333334
11248	stop_318_96019	10.621666666666666
8898	13718	9.47
8768	12354	4.913333333333333
9120	7804	4.475
8169	14140	13.264999999999999
13411	8902	12.808333333333334
18057	stop_8_15	1.3716666666666666
8118	13719	9.611666666666668
10716	7410	12.733333333333333
17537	17891	11.541666666666666
10392	17420	14.388333333333332
11170	10118	10.193333333333333
stop_292_61219	stop_361_282119	11.8
9878	stop_335_260819	11.446666666666665
8077	17957	10.356666666666666
9073	9071	7.12
9142	12851	8.508333333333333
10602	stop_852_324239	11.24
9051	7512	8.045
8361	stop_226_36129	13.135
13658	stop_261_45129	9.433333333333334
8398	7968	7.8566666666666665
18064	stop_1280_364339	6.706666666666666
stop_570_303619	stop_1486_372419	12.615
stop_188_7219	stop_188_7229	0.7283333333333334
8299	18311	10.516666666666667
12343	13644	6.848333333333333
8063	17681	8.12
10459	10547	4.926666666666667
12852	stop_299_63219	13.096666666666666
7398	12304	6.5616666666666665
9386	17266	7.3983333333333325
12340	9875	13.854999999999999
17909	stop_5_11	1.4066666666666667
13701	18290	8.108333333333333
17918	stop_335_260819	13.288333333333332
12851	13002	12.721666666666666
8124	10855	14.268333333333334
stop_239_37929	stop_240_38219	3.871666666666667
10431	13440	5.775
8442	13131	11.888333333333332
12966	stop_852_324239	10.323333333333332
18293	7968	10.498333333333333
18128	8950	9.768333333333334
7650	17627	6.625
7426	8389	9.155
12915	stop_339_62129	15.046666666666665
18023	8617	2.6366666666666663
11951	8236	16.226666666666667
10753	11445	4.068333333333333
11509	stop_277_56729	5.4816666666666665
7809	7808	7.88
8898	stop_188_7229	13.45
stop_234_37029	stop_425_287119	10.6
17562	stop_1491_372319	5.0600000000000005
10041	11233	17.545
7964	7969	13.851666666666667
7503	17779	15.886666666666667
9653	9654	9.185
17585	17718	9.366666666666667
9981	13539	3.8800000000000003
10095	8137	5.85
13928	13927	2.6366666666666663
12883	stop_313_86719	9.19
8300	9041	8.886666666666667
7412	10064	7.38
9673	9674	0.9083333333333333
17543	11251	9.195
12457	stop_188_7229	7.098333333333333
7897	stop_227_36229	11.038333333333332
8206	10114	7.831666666666666
8252	8951	16.958333333333332
8402	7980	6.355
13667	stop_314_92259	1.8316666666666668
7395	stop_570_303629	18.251666666666665
8229	10158	11.763333333333332
stop_224_35939	stop_1102_347019	10.406666666666666
stop_202_12429	stop_204_12639	11.33
17824	8371	7.918333333333334
9149	7434	7.59
12542	17599	82.85
12360	18370	10.69
stop_225_36029	stop_280_57229	11.038333333333332
7398	stop_570_303629	11.586666666666668
12322	12949	12.583333333333334
14165	12457	6.9783333333333335
12974	stop_248_41329	9.35
13708	stop_328_253819	4.14
11955	stop_425_287129	11.343333333333334
12312	18028	7.415
10371	10408	4.596666666666667
8448	11657	10.516666666666667
12934	stop_257_43519	6.966666666666667
12409	12333	3.6266666666666665
12870	13055	14.375
13239	13229	15.378333333333334
7387	12303	8.333333333333334
13670	7457	8.511666666666667
17513	17511	5.031666666666666
7463	18028	17.695
8247	8788	12.991666666666667
13854	13853	9.770000000000001
8661	13656	6.071666666666667
17342	11164	2.728333333333333
11570	11572	1.4716666666666667
10151	13676	10.416666666666666
17830	stop_189_7319	11.731666666666666
stop_241_38319	stop_329_253919	11.421666666666665
13695	stop_12_21	11.129999999999999
stop_3_7	stop_1280_364319	8.975
8098	stop_283_57629	11.886666666666667
13689	stop_284_57719	7.696666666666667
9856	18128	5.125
8371	18265	15.42
12305	17560	11.286666666666667
stop_2_4	stop_3_6	3.671666666666667
13081	10500	16.46
13103	13100	7.5616666666666665
10603	stop_278_57029	10.935
10490	8539	8.766666666666667
8361	8630	10.506666666666666
9972	9973	0.7583333333333333
10500	17690	15.428333333333335
17560	stop_1486_372439	1.59
12970	7813	13.943333333333333
7985	stop_10_3	13.963333333333333
7379	17560	13.076666666666666
7931	12949	7.838333333333334
8074	13671	9.233333333333333
10298	10156	10.270000000000001
13178	stop_214_31319	13.928333333333335
12983	13036	12.013333333333332
18030	stop_323_126229	7.801666666666667
12350	18307	3.8433333333333333
17414	17393	15.438333333333333
11605	11606	1.2283333333333333
12022	stop_204_12639	0.22166666666666668
8163	12339	12.376666666666667
stop_293_61319	stop_343_268629	6.633333333333334
13170	13166	6.343333333333334
8643	stop_11_22	9.496666666666666
11805	11961	11.308333333333334
10559	stop_219_32219	11.608333333333333
10487	13534	9.998333333333333
10015	12900	1.835
18370	stop_258_44219	9.625
10381	17418	5.77
12909	18390	9.668333333333333
8972	11354	11.013333333333332
12503	11163	19.865000000000002
12881	stop_575_304129	14.020000000000001
12718	7511	7.2316666666666665
13186	stop_226_36119	6.4383333333333335
18285	17561	9.043333333333333
12954	12948	6.025
11749	11751	8.533333333333333
17760	7983	12.761666666666667
12988	12992	1.9283333333333335
9860	11332	10.985000000000001
12356	17928	13.493333333333334
7454	8710	10.521666666666667
17911	stop_575_304129	6.765
18331	9676	15.733333333333333
8801	13639	13.933333333333334
17269	9387	13.276666666666667
stop_1489_127129	stop_1490_366229	6.635000000000001
13900	12929	3.7383333333333337
8125	8123	9.671666666666665
13330	stop_304_68219	7.67
8340	8335	13.811666666666667
8326	stop_183_6129	3.805
18348	7591	11.801666666666668
10039	10043	0.33
10700	stop_222_35729	1.0666666666666667
10170	stop_424_287019	14.863333333333333
13672	18305	4.546666666666667
stop_237_37729	stop_239_37929	11.96
10117	stop_306_71629	9.573333333333332
10125	12415	13.991666666666667
17876	13062	7.691666666666666
7689	17815	7.918333333333334
7818	stop_318_96019	5.833333333333333
12915	12964	13.238333333333333
stop_245_40719	stop_245_40729	0.8333333333333334
8214	11652	7.321666666666667
18288	stop_186_7019	10.841666666666667
17541	stop_1489_127129	5.198333333333333
9118	stop_246_40849	11.328333333333335
18332	stop_248_41319	12.2
13722	stop_1487_373629	12.726666666666667
18276	17716	4.281666666666666
12717	10602	12.433333333333334
7482	8419	9.325
7489	9026	12.091666666666667
8297	17928	13.478333333333333
8408	7985	4.016666666666667
17909	stop_230_36549	9.363333333333333
12332	12409	14.651666666666667
12719	13722	5.966666666666667
17349	9528	14.639999999999999
17765	13629	14.366666666666667
9119	11248	7.703333333333333
9611	17783	4.888333333333334
12010	stop_224_35939	11.575
10543	11658	8.626666666666667
13803	13806	6.33
stop_219_32239	stop_782_314129	8.826666666666666
7529	7523	5.321666666666667
10328	12585	16.343333333333334
18248	13538	9.386666666666667
7983	7928	2.1933333333333334
13724	18079	5.683333333333334
8146	11170	12.811666666666667
18345	18254	4.533333333333333
9167	stop_574_304029	10.263333333333332
13718	stop_188_7219	7.4383333333333335
stop_285_58419	stop_294_61419	14.478333333333333
stop_237_37729	stop_328_253819	4.7316666666666665
12135	10201	4.03
7519	18275	8.336666666666666
13693	stop_275_56019	7.9366666666666665
13953	11821	5.6883333333333335
17909	17940	4.08
7368	17545	13.098333333333333
10592	13606	20.78666666666667
7805	stop_216_31929	11.263333333333332
8361	stop_213_31139	15.025
12568	7977	12.845
7528	13554	8.885
10064	7418	13.3
18367	14028	9.003333333333334
13671	stop_277_56729	10.396666666666667
13231	10674	6.75
9723	13447	4.038333333333333
12962	13628	6.588333333333334
7480	7481	2.996666666666667
10164	10052	8.315
12910	stop_9_17	6.131666666666666
17910	stop_203_12519	12.205
7413	9916	11.936666666666667
7481	9026	12.721666666666666
13632	stop_257_43519	12.141666666666667
12401	9149	9.956666666666667
7960	stop_1_2	12.501666666666667
8371	18285	7.763333333333334
13634	8171	11.033333333333333
13121	13124	0.9233333333333333
8332	7993	5.89
11770	10454	12.501666666666667
13696	stop_9_17	5.526666666666667
13701	9032	5.196666666666667
18150	17834	3.746666666666667
8636	13403	6.1016666666666675
7411	12306	4.6466666666666665
17654	17657	10.261666666666667
12961	stop_1486_372419	11.751666666666667
13946	13948	8.373333333333333
12901	stop_12_20	11.764999999999999
12302	13640	14.870000000000001
17586	8328	10.143333333333334
7396	18256	14.083333333333334
13628	17547	6.52
12849	stop_294_61419	10.376666666666667
13715	stop_1234_362129	12.661666666666667
8384	13677	5.355
18294	stop_273_46519	17.566666666666666
13819	13662	8.526666666666667
9050	stop_207_12929	9.715
8212	8538	7.753333333333333
13186	8104	8.613333333333333
13650	17864	7.588333333333334
12886	14130	13.858333333333333
12966	stop_204_12629	14.15
17566	17590	13.375
18366	10167	12.878333333333334
stop_186_7039	stop_187_7119	4.116666666666666
13345	17822	1.0033333333333334
12854	9904	7.0216666666666665
7511	stop_1234_362129	9.193333333333333
18030	8075	11.668333333333333
12240	18034	18.886666666666667
stop_1492_372629	stop_1494_373129	5.753333333333333
11248	12307	9.521666666666667
stop_203_12519	stop_230_36519	11.688333333333333
stop_227_36219	stop_230_36539	15.116666666666667
11136	17797	5.848333333333333
18234	17265	7.8966666666666665
12855	8108	13.516666666666667
7411	10081	12.948333333333332
10427	10426	5.1883333333333335
7928	stop_240_38229	5.3
11977	11432	12.983333333333333
18049	18051	9.038333333333332
11710	13231	7.116666666666666
17394	10383	13.555
7998	8405	7.821666666666667
10050	10267	9.285
10991	stop_386_285929	12.578333333333335
7636	13856	9.801666666666668
8113	10108	8.451666666666666
12054	12053	0.305
9118	stop_575_304119	11.323333333333332
12932	13486	13.723333333333333
11211	11748	3.2483333333333335
12910	12911	8.933333333333334
10503	13327	12.741666666666667
13177	stop_225_36029	14.171666666666665
7395	stop_186_7039	13.764999999999999
13204	11158	10.901666666666667
8241	8781	7.261666666666667
12893	7472	11.91
8537	8405	11.648333333333333
9086	13524	5.4366666666666665
7416	7395	8.665
8301	9856	7.739999999999999
12567	12320	3.1533333333333333
7369	17588	10.735000000000001
13330	13327	2.8400000000000003
stop_213_31139	stop_282_57519	22.816666666666666
12970	stop_226_36119	4.468333333333334
18034	11192	11.68
13617	9932	12.381666666666666
8327	17562	8.18
7928	stop_329_253919	10.56
11321	13723	13.413333333333332
13674	10136	10.931666666666667
12901	13696	12.048333333333334
7840	8886	11.343333333333334
18144	13672	12.285
18295	stop_243_39229	8.671666666666665
11678	11679	1.3133333333333332
11913	stop_189_7339	11.218333333333334
17566	stop_1494_373129	11.548333333333334
12144	7396	9.881666666666666
9981	11281	10.245000000000001
8060	17682	6.713333333333334
13180	stop_284_57729	14.6
18320	7480	10.048333333333334
11734	9061	10.44
18009	18004	11.625
18283	10268	5.266666666666667
7458	17929	12.906666666666666
7905	stop_230_36539	1.7283333333333333
17703	stop_1494_373129	9.991666666666667
18293	18294	1.1816666666666669
7685	10679	5.97
13900	17957	12.193333333333333
10167	12560	11.833333333333334
18289	17703	10.426666666666668
stop_216_31929	stop_325_136029	11.546666666666665
8161	13114	12.915
13447	9814	11.146666666666667
9030	7492	13.7
11681	12581	8.476666666666667
13302	14017	13.023333333333333
7729	9381	9.889999999999999
8301	8252	7.775
11234	12560	8.553333333333335
10264	10091	11.736666666666668
9046	11474	13.0
18332	13651	10.176666666666668
11282	18258	28.026666666666664
12355	stop_274_46619	18.175
7828	8922	9.928333333333335
11019	18208	11.118333333333334
12318	stop_329_253929	10.008333333333333
7472	stop_202_12429	10.53
13188	17975	6.2716666666666665
11809	9694	9.011666666666667
7813	stop_325_136029	3.1983333333333333
12516	18306	12.523333333333333
9167	8304	14.935
13851	8705	14.748333333333333
7421	17774	3.353333333333333
10648	13587	4.725
12318	8403	7.986666666666666
9815	8247	13.613333333333333
11248	stop_782_314119	4.5649999999999995
7817	13553	7.131666666666666
8898	12717	13.011666666666667
18287	17928	9.85
stop_361_282119	stop_1280_364359	4.52
12852	12850	12.283333333333333
8403	8298	16.29
stop_279_57129	stop_1103_347129	13.665
18275	13261	14.588333333333333
8794	13171	3.7449999999999997
18321	7437	6.823333333333333
10139	stop_841_317619	11.54
12897	8017	10.775
10135	10549	3.8616666666666664
stop_204_12619	stop_335_260819	9.683333333333334
12472	stop_321_115429	12.073333333333332
8002	18311	9.8
18150	18146	1.9066666666666667
stop_224_35939	stop_227_36229	7.331666666666666
13645	14005	8.588333333333333
13812	18272	10.935
8353	12362	15.138333333333332
12509	13170	7.4
8345	8692	12.71
9595	9590	14.16
17834	8304	14.383333333333333
8990	8989	12.886666666666667
13492	8077	5.453333333333333
7398	7404	11.046666666666665
7441	10324	12.075
10056	stop_1488_3319	10.391666666666667
12851	stop_299_63229	1.355
17680	17692	7.864999999999999
17588	17590	6.45
18292	8020	12.398333333333333
13707	10166	15.088333333333333
17540	8327	11.231666666666666
12138	11172	10.145000000000001
17664	17665	3.3366666666666664
10496	10358	15.555
8115	stop_293_61329	14.110000000000001
13717	stop_339_62129	5.153333333333333
17918	stop_1234_362119	10.54
stop_6_12	stop_199_11219	12.378333333333334
13180	13177	1.7833333333333334
13586	stop_223_35819	9.983333333333333
13177	8103	7.833333333333333
13136	13146	8.446666666666667
8298	stop_242_38829	7.486666666666666
9428	13084	11.675
18289	12571	17.071666666666665
12846	12861	7.758333333333334
17267	17273	4.415
14005	stop_302_67929	8.29
8581	9773	13.616666666666667
11741	stop_257_43519	4.385000000000001
8337	13695	7.386666666666667
10260	12348	5.46
10115	stop_305_71519	2.5383333333333336
8404	stop_240_38219	7.428333333333333
13333	7673	5.253333333333333
9590	9589	0.3283333333333333
17215	18064	7.546666666666667
7985	18287	10.585
17330	8972	12.243333333333334
13200	10666	9.04
9051	stop_386_285919	10.726666666666667
13025	stop_278_57019	10.26
12920	stop_278_57019	15.606666666666666
stop_13_28	stop_250_41829	5.4
8265	18123	12.756666666666666
7471	17941	15.065
18144	stop_276_56119	8.893333333333334
7951	7952	9.03
9044	13249	0.8733333333333333
12910	12352	13.511666666666667
13202	11159	5.168333333333334
10292	17937	0.49333333333333335
9918	8768	10.08
stop_12_21	stop_254_42429	9.155
7537	13189	10.281666666666666
7528	13683	3.455
9852	8468	14.645000000000001
8409	stop_242_38829	9.348333333333333
17265	9859	11.816666666666666
9166	7457	9.106666666666666
11237	8219	12.793333333333333
12998	13330	7.623333333333333
8338	stop_331_254819	10.266666666666667
12402	stop_186_7039	10.256666666666666
12312	17583	9.586666666666668
8197	13688	13.175
14012	12805	3.933333333333333
8404	stop_328_253829	11.076666666666666
12351	13737	3.421666666666667
8128	stop_323_126229	9.718333333333334
7818	12307	12.275
8336	7956	12.345
13186	7822	11.198333333333332
13373	13355	4.1433333333333335
13720	stop_284_57719	12.878333333333334
8161	10494	2.828333333333333
13134	13132	8.076666666666666
12959	stop_203_12549	9.743333333333334
10897	12750	14.06
stop_852_324229	stop_1102_347029	10.133333333333333
14052	8935	12.315
10224	10225	0.345
13543	13542	0.5733333333333334
13803	18222	3.01
11914	10856	7.364999999999999
12470	stop_278_57029	9.083333333333334
stop_260_30	stop_261_45129	13.011666666666667
13696	stop_254_42419	10.67
7957	17986	15.331666666666667
10213	18309	14.611666666666668
17545	18289	13.373333333333333
11544	7765	13.646666666666667
12907	9147	8.241666666666667
13122	13123	0.5533333333333333
stop_223_35819	stop_1487_373629	14.163333333333332
10402	17394	16.991666666666667
10052	17964	12.733333333333333
17577	stop_1494_373129	0.8416666666666667
stop_303_68119	stop_304_68219	8.536666666666667
10231	10077	4.831666666666666
7952	stop_331_254829	12.311666666666667
10318	9532	13.813333333333333
9980	18257	14.933333333333334
13065	stop_11_22	8.771666666666667
8745	8746	0.5233333333333333
12350	10877	8.496666666666666
11321	stop_224_35929	14.516666666666667
17282	stop_292_61229	14.893333333333334
7404	7368	9.379999999999999
17501	9138	20.025
11721	12462	6.086666666666667
17321	11173	12.43
11814	9701	7.373333333333333
12719	stop_205_12719	10.111666666666668
stop_314_92229	stop_1280_364329	12.113333333333333
12010	7813	3.8
12368	9490	9.935
10170	stop_297_62419	3.6783333333333332
13972	10328	10.211666666666668
12859	8672	16.571666666666665
8104	stop_214_31329	18.904999999999998
18010	11449	5.491666666666666
stop_188_7219	stop_189_7349	9.333333333333334
10459	10460	10.813333333333333
12988	stop_301_63729	12.815
10482	12503	17.896666666666665
7441	18147	11.486666666666668
13479	13482	11.631666666666666
10041	10210	5.489999999999999
10083	10086	18.91
7891	7512	13.143333333333334
7477	7478	7.946666666666667
17546	stop_183_6129	7.158333333333333
stop_574_304039	stop_1495_373529	5.903333333333333
12851	12992	7.35
8124	18029	13.886666666666667
stop_239_37929	stop_242_38819	9.646666666666667
10472	10610	7.046666666666667
12931	18292	7.5
10500	stop_1_2	16.62666666666667
12355	11742	18.23166666666667
7893	stop_219_32229	13.248333333333333
7964	17691	9.128333333333334
9939	17691	16.296666666666667
12952	stop_242_38819	7.3116666666666665
7984	12923	1.2266666666666666
8112	8114	1.4833333333333334
10056	17576	15.825
13643	10356	13.096666666666666
9119	stop_282_57529	19.09
10560	stop_224_35939	14.935
12595	7365	7.92
8091	12845	14.681666666666667
10648	stop_222_35739	9.371666666666666
7804	stop_311_82329	12.861666666666668
7488	12310	10.675
stop_261_45119	stop_320_105119	8.841666666666667
12869	stop_232_36819	12.583333333333334
13377	17819	0.9383333333333332
8898	stop_189_7349	5.045
7818	stop_782_314119	10.778333333333334
stop_189_7339	stop_852_324249	8.423333333333334
8362	8098	7.628333333333333
12950	stop_242_38819	2.8333333333333335
8214	8776	10.171666666666665
7808	18225	12.521666666666667
7885	stop_226_36129	15.445
17544	stop_1492_372629	1.9233333333333333
10328	12504	0.8450000000000001
7820	stop_216_31929	8.931666666666667
12887	stop_574_304019	13.048333333333334
9926	7962	26.633333333333333
13714	8389	14.04
13754	11445	11.535
8095	10168	6.003333333333333
11969	8863	19.638333333333332
7707	7706	6.1483333333333325
stop_425_287119	stop_574_304039	13.748333333333333
stop_203_12559	stop_204_12619	6.211666666666667
18308	stop_307_71819	14.235000000000001
7426	stop_188_7229	12.47
17941	12875	9.110000000000001
12314	stop_1493_373019	13.128333333333334
10257	11234	7.086666666666667
8381	13300	15.031666666666666
stop_241_38319	stop_242_38829	4.786666666666666
7423	17762	14.193333333333333
14040	7542	8.963333333333333
7531	17972	12.206666666666667
13644	12688	8.906666666666666
8219	8228	8.698333333333332
11915	18010	12.293333333333333
stop_13_25	stop_250_41819	6.931666666666667
12911	stop_253_42319	8.620000000000001
12322	12951	9.09
12917	stop_275_56029	12.055
stop_339_62129	stop_820_315819	6.288333333333333
13054	stop_283_57619	27.066666666666666
17545	7437	13.241666666666667
8240	stop_841_317639	14.676666666666668
12409	10149	12.254999999999999
stop_10_3	stop_328_253829	5.913333333333333
8020	stop_12_20	5.510000000000001
8247	18128	10.53
7948	stop_248_41329	15.604999999999999
10077	12126	11.796666666666665
14011	14012	3.69
12367	12351	2.6383333333333336
7371	17714	3.283333333333333
13737	12350	9.345
10015	stop_13_27	5.421666666666667
9373	9370	4.996666666666667
7515	7418	4.201666666666666
7441	stop_1493_373029	16.491666666666667
7460	8297	10.71
13177	12967	12.976666666666667
8205	10724	13.406666666666666
17939	17955	6.33
7822	stop_214_31319	5.008333333333334
9141	11799	8.56
17868	8352	12.778333333333334
8429	8430	0.6233333333333333
13352	8577	5.1899999999999995
17541	17585	1.0583333333333333
12358	12338	3.978333333333333
9119	10559	9.076666666666666
9923	stop_12_20	14.791666666666666
13153	8311	15.651666666666667
17378	17379	1.52
13899	11478	5.743333333333334
17836	17835	4.163333333333333
12570	17308	9.596666666666666
18162	9595	13.675
10165	17544	10.045
9900	stop_338_56919	12.333333333333334
10559	stop_221_32529	15.391666666666667
18390	stop_12_21	7.3
7813	11909	11.308333333333334
8512	9416	14.501666666666667
11611	17813	10.568333333333333
7993	stop_237_37729	11.389999999999999
10236	11926	6.691666666666666
7471	9051	0.92
12888	stop_425_287129	2.86
12900	stop_13_28	6.926666666666667
17762	12140	16.891666666666666
12466	stop_338_56919	7.335
10491	13687	12.428333333333335
18357	10466	14.268333333333334
14048	12461	16.43
11977	11909	8.263333333333334
12989	stop_298_63039	10.166666666666666
12718	12959	11.54
18285	7381	5.703333333333333
10170	12994	13.604999999999999
12954	8537	12.08
18359	10131	9.733333333333333
17218	stop_1342_364629	9.203333333333335
10543	12416	11.221666666666666
9708	9704	9.215
12941	stop_214_31329	12.166666666666666
9860	11336	7.0233333333333325
8327	stop_1489_127119	16.46
17817	17797	4.401666666666667
7399	12140	6.741666666666666
7432	7430	2.4516666666666667
18159	11729	9.45
13054	10560	13.916666666666666
14049	14017	4.236666666666666
8125	13693	11.153333333333334
8223	8365	10.718333333333334
stop_187_7129	stop_568_303239	10.17
12926	12929	8.85
11311	stop_225_36029	15.120000000000001
7505	7477	16.041666666666668
stop_225_36019	stop_279_57119	6.9783333333333335
12957	stop_238_37819	5.86
17916	17951	9.908333333333333
12595	stop_183_6119	8.178333333333333
stop_8_15	stop_1495_373519	8.161666666666667
stop_237_37729	stop_241_38329	6.9350000000000005
7488	17668	3.0166666666666666
stop_213_31139	stop_318_96019	12.84
9938	17690	15.638333333333332
8787	8979	9.666666666666666
8367	10056	8.895000000000001
10040	13925	10.41
17541	stop_1491_372329	1.8083333333333333
18332	stop_252_42019	7.718333333333334
13667	9541	15.436666666666667
13063	8145	14.655
11926	11927	0.5983333333333333
7489	7492	9.676666666666668
17215	stop_314_92239	11.948333333333332
8268	11457	9.786666666666667
12332	10127	15.426666666666668
7965	17679	10.04
9542	8413	2.1233333333333335
9923	13696	13.181666666666667
13715	stop_189_7349	1.1566666666666667
stop_188_7229	stop_852_324239	10.838333333333333
8409	12957	10.488333333333333
9119	12940	10.086666666666668
18370	17691	8.618333333333334
8308	9714	7.996666666666667
12010	stop_226_36119	14.03
7360	18336	13.703333333333335
10108	8146	13.238333333333333
7983	12322	11.221666666666666
12993	12998	12.770000000000001
18225	7423	12.643333333333334
12140	12144	1.835
8631	stop_213_31119	17.801666666666666
7511	stop_189_7349	14.036666666666667
8296	stop_1495_373519	14.006666666666666
18390	18080	14.431666666666667
12688	9715	16.05
17909	12877	8.389999999999999
8222	8243	9.15
13077	13325	4.026666666666666
11714	17712	20.39
stop_223_35829	stop_1103_347129	8.845
13905	13628	19.276666666666664
8361	stop_216_31929	6.1
8788	17695	1.225
13327	13005	14.436666666666667
17395	17398	1.8299999999999998
10064	17775	7.928333333333333
12298	13586	8.626666666666667
13746	18333	2.0616666666666665
11913	stop_322_117319	13.425
stop_322_117319	stop_852_324239	9.441666666666666
18332	18310	8.05
9723	11305	11.020000000000001
9895	13651	11.645000000000001
10482	10201	8.783333333333333
11008	11420	6.605
stop_259_44919	stop_260_29	20.961666666666666
18292	stop_252_42029	6.7283333333333335
7813	stop_852_324239	14.333333333333334
13171	13170	0.9600000000000001
9926	stop_330_254319	6.161666666666666
7597	12585	7.956666666666666
13719	7894	12.943333333333333
7483	7493	10.935
7965	13738	9.29
stop_189_7319	stop_335_260829	4.835
10445	12346	5.543333333333334
7746	8706	12.59
11478	17958	15.831666666666667
13054	12941	13.45
18311	stop_13_26	8.46
11282	17381	16.576666666666668
8233	8231	7.005
8231	12377	11.981666666666666
17686	14022	10.201666666666666
12908	8020	8.683333333333334
11977	stop_852_324239	6.221666666666667
7946	stop_12_19	6.1016666666666675
9169	stop_204_12619	13.41
12959	stop_852_324249	10.843333333333334
9540	9547	6.346666666666667
stop_204_12619	stop_1234_362119	8.236666666666666
13538	18256	14.556666666666667
12943	12953	4.725
17778	8305	13.028333333333334
7411	7426	6.923333333333333
13036	stop_291_61119	6.28
18328	stop_13_26	2.808333333333333
9372	9373	8.37
stop_1280_364359	stop_1342_364619	7.621666666666667
stop_2_4	stop_1280_364359	8.92
13628	8327	11.18
8672	12915	2.225
10124	12348	14.375
12983	stop_344_268729	4.193333333333333
stop_12_19	stop_13_28	13.683333333333334
7447	8304	10.266666666666667
12747	13851	10.113333333333333
13650	10493	12.665
18292	7950	14.778333333333334
stop_186_7039	stop_189_7319	9.901666666666667
17914	stop_313_86729	12.671666666666665
11539	11536	7.443333333333333
stop_1486_372439	stop_1491_372329	7.4350000000000005
9547	14130	16.073333333333334
12854	8095	8.413333333333334
13054	7820	10.886666666666667
13129	8439	11.808333333333334
7555	13202	5.1033333333333335
8391	8152	10.576666666666666
12364	9874	9.703333333333335
10501	11212	11.336666666666668
12320	7980	9.31
12946	stop_237_37719	6.256666666666666
12962	12457	10.581666666666667
13714	stop_335_260829	1.2566666666666668
stop_189_7339	stop_204_12639	12.985000000000001
7928	stop_242_38829	6.696666666666667
13080	8631	20.06
18359	8219	14.696666666666665
7968	13632	0.7233333333333333
stop_245_40719	stop_575_304119	13.588333333333333
12904	8768	10.598333333333333
17765	12134	16.371666666666666
8710	stop_199_11219	11.671666666666665
10503	8182	14.004999999999999
12870	11955	6.71
17730	17729	0.75
8413	8616	13.478333333333333
12319	13486	6.608333333333333
11174	10203	10.004999999999999
8128	stop_276_56129	7.965
18389	7952	14.416666666666666
14052	14040	1.77
8088	8361	3.5016666666666665
17330	13249	14.18
8017	stop_571_303719	10.764999999999999
8537	11009	10.308333333333334
7416	12134	5.306666666666667
stop_8_15	stop_575_304119	13.861666666666668
13722	7432	12.248333333333333
11960	18227	8.216666666666667
7596	13844	5.3
13300	11164	9.708333333333334
13330	8182	9.15
13065	9754	10.391666666666667
10670	10667	10.646666666666667
8075	stop_276_56119	11.805
10292	9661	10.821666666666665
18029	12917	10.205
17392	17414	3.433333333333333
7803	18024	5.828333333333333
8358	stop_316_94629	15.818333333333333
stop_224_35949	stop_325_136019	12.66
12907	stop_250_41829	7.205
10189	18190	13.285
8190	12997	6.16
stop_277_56719	stop_321_115429	11.748333333333333
13055	stop_233_36929	4.665
18151	8644	12.29
12144	8374	7.956666666666666
12457	18320	13.516666666666667
7439	7488	6.418333333333334
17245	stop_310_74719	11.518333333333334
12883	13023	6.8566666666666665
13019	13616	9.47
17679	18202	12.931666666666667
8899	stop_187_7119	11.9
7590	12750	17.376666666666665
9542	9540	10.3
8170	14156	8.646666666666667
13630	13189	13.041666666666666
17591	18150	17.53166666666667
13413	11629	16.243333333333332
9717	9719	7.033333333333333
10145	13728	4.588333333333334
8205	8206	1.1
13669	8326	10.15
13710	stop_329_253919	14.593333333333334
13531	13716	9.979999999999999
7446	7449	13.531666666666666
13645	18307	14.516666666666667
stop_224_35929	stop_957_333819	10.976666666666667
17344	11163	4.778333333333333
18334	17965	11.191666666666666
11713	11714	0.6483333333333333
10063	7420	15.04
12545	13678	7.11
13369	10632	4.7733333333333325
18345	18258	7.743333333333334
10560	7813	11.51
13001	stop_297_62419	1.4200000000000002
12943	12357	10.01
17283	stop_1280_364329	14.863333333333333
10648	13723	8.136666666666667
stop_222_35719	stop_222_35739	0.7866666666666667
12999	12995	8.305
13738	stop_258_44219	11.356666666666666
11536	12243	8.251666666666667
13707	8373	12.173333333333334
17706	17892	15.291666666666666
8223	9504	12.248333333333333
17399	10421	6.868333333333334
18275	9810	10.553333333333335
8373	12305	7.053333333333333
18321	12312	9.693333333333333
7908	stop_203_12549	10.358333333333333
11913	7512	11.403333333333334
stop_276_56129	stop_424_287029	14.023333333333333
7891	stop_325_136019	4.53
9171	14151	1.5733333333333335
stop_264_45429	stop_265_45729	8.525
7742	7746	5.506666666666666
12141	12502	5.2283333333333335
13846	13847	9.268333333333334
8950	14066	21.6
7492	10323	5.941666666666666
7961	18170	4.915
8492	13147	11.651666666666667
10465	10139	5.591666666666667
12509	13166	13.743333333333334
10466	12141	12.721666666666666
7720	7722	1.3666666666666667
18239	18364	15.9
10488	10450	6.233333333333333
7398	13669	13.866666666666667
13802	7569	7.868333333333334
10056	stop_1490_366219	12.308333333333334
12851	stop_301_63729	14.691666666666666
10075	10236	4.993333333333334
12717	12718	1.3299999999999998
9034	7985	15.168333333333333
13338	7729	4.513333333333334
7402	17549	9.67
9063	17304	5.745
17537	stop_1493_373019	7.633333333333334
9904	stop_344_268719	7.068333333333333
13180	8088	5.998333333333333
13376	13349	7.756666666666666
7404	stop_570_303619	8.285
17831	8340	11.901666666666667
13666	8077	7.071666666666667
13177	13689	11.525
7512	stop_222_35739	13.120000000000001
10559	stop_1487_373629	13.72
8975	9045	1.925
17908	stop_219_32239	12.436666666666667
8414	12516	12.281666666666666
7999	stop_242_38819	10.448333333333332
12846	12983	6.763333333333334
9119	stop_318_96029	11.386666666666667
11009	stop_239_37919	9.9
18234	17272	12.803333333333335
stop_188_7219	stop_322_117329	11.455
9505	stop_1103_347129	15.116666666666667
7368	7369	1.75
8389	stop_335_260819	13.981666666666666
10115	stop_307_71819	10.34
8404	stop_242_38819	6.261666666666667
18294	13731	14.97
13119	13194	9.66
8670	8245	14.395000000000001
13679	stop_275_56019	5.553333333333333
8790	8950	10.165
12905	stop_330_254329	2.3883333333333336
8667	11735	10.686666666666667
17913	17952	7.905
12139	10158	12.16
stop_425_287119	stop_1556_381019	7.755
7400	12962	16.33
9139	9026	11.57
12905	7936	6.9816666666666665
7951	12902	11.566666666666666
18025	8090	14.093333333333334
8799	8297	10.091666666666667
9663	17731	1.2083333333333333
13178	8089	7.6433333333333335
13346	12657	8.023333333333333
9889	17627	21.561666666666667
12595	stop_570_303629	10.825
8631	stop_283_57629	10.416666666666666
10065	stop_217_32019	15.341666666666667
8332	11008	8.465
7809	stop_213_31139	8.888333333333332
11237	8228	5.618333333333334
8898	stop_322_117329	6.64
12998	8195	12.185
10603	stop_227_36229	0.5433333333333333
17833	9585	5.303333333333333
12939	7398	6.278333333333333
8769	stop_571_303719	10.378333333333334
10052	7481	14.55
11732	11730	12.938333333333333
8644	8236	4.918333333333334
18333	18321	2.6633333333333336
12849	stop_280_57219	6.6850000000000005
12932	stop_246_40819	6.5216666666666665
13049	13656	18.583333333333332
7447	7446	4.291666666666667
13891	9754	10.225
11977	stop_204_12629	10.136666666666667
9482	9717	10.681666666666667
18389	stop_253_42329	8.343333333333334
18013	8858	10.881666666666666
12959	stop_204_12639	4.761666666666667
7965	18370	7.558333333333334
10108	11169	9.22
7494	7444	2.36
18209	18206	2.3583333333333334
18291	12908	11.625
13669	17560	5.341666666666667
10125	10149	0.9783333333333334
12070	17918	9.773333333333333
7419	11079	9.968333333333334
17919	17938	1.1
17771	stop_1556_381019	1.6166666666666667
10070	17964	12.048333333333334
13617	stop_267_45919	12.43
12907	18389	14.456666666666667
9142	11169	13.271666666666667
18029	17954	17.196666666666665
stop_285_58429	stop_343_268619	6.46
18295	12908	6.221666666666667
stop_298_63019	stop_301_63719	12.858333333333333
9063	13309	12.088333333333333
10223	10260	10.388333333333332
9034	12942	5.8100000000000005
14044	9075	5.08
10231	10074	13.35
18030	stop_952_331019	15.211666666666668
11170	9142	6.3133333333333335
12859	stop_296_62329	10.431666666666667
11321	stop_225_36029	17.918333333333333
12840	12846	9.54
8770	8015	13.433333333333334
18389	8021	7.531666666666666
9171	18238	3.1083333333333334
13905	stop_183_6119	17.653333333333332
18334	17543	4.185
10602	stop_1102_347029	6.236666666666666
13814	9781	10.860000000000001
stop_225_36019	stop_226_36119	7.618333333333334
12594	stop_1486_372439	7.691666666666666
10170	stop_298_63039	5.623333333333333
14166	11913	13.511666666666667
12859	12927	22.166666666666668
13332	13380	2.5883333333333334
7840	14047	12.129999999999999
10386	10395	0.03333333333333333
stop_311_82319	stop_1487_373619	8.215
17586	stop_1489_127129	6.256666666666666
stop_263_45319	stop_265_45719	12.096666666666666
12319	stop_13_28	15.254999999999999
stop_841_317650	stop_1343_364719	6.281666666666666
9118	stop_199_11229	1.6083333333333334
10185	10278	5.036666666666666
8381	10467	14.771666666666667
13063	8217	11.963333333333333
18297	18390	8.841666666666667
10001	10716	13.898333333333333
stop_273_46519	stop_274_46619	1.1683333333333332
8145	stop_306_71619	13.125
13714	13718	1.445
12560	18257	5.71
7477	7490	13.556666666666667
17348	9528	14.581666666666667
7805	8363	25.263333333333332
8402	stop_571_303729	12.793333333333333
11614	11615	1.01
10221	10261	16.053333333333335
18015	18016	10.403333333333334
17567	17892	4.915
10077	10235	10.823333333333332
8233	8365	4.091666666666667
12951	stop_241_38319	10.893333333333334
11433	12893	9.125
10560	stop_226_36119	11.301666666666668
12304	7371	9.318333333333333
13720	13186	4.930000000000001
10648	stop_224_35929	7.795
17264	11336	9.33
9454	11553	18.408333333333335
10052	stop_1489_127129	9.995000000000001
7369	7480	13.018333333333334
9505	stop_338_56929	15.325
stop_213_31139	stop_782_314119	13.986666666666668
12869	stop_234_37019	11.998333333333333
8898	stop_202_12419	13.18
14029	17716	9.278333333333334
8362	8097	11.538333333333332
13347	17348	6.191666666666666
7820	stop_219_32229	11.738333333333333
13660	12929	5.458333333333333
12934	stop_1_1	4.58
8084	8118	1.2616666666666667
12901	18312	10.565
stop_189_7329	stop_202_12429	14.825
8300	11474	3.8733333333333335
12993	stop_304_68219	14.453333333333335
11969	18016	5.4350000000000005
10125	13094	12.655
13836	13838	10.778333333333334
8118	stop_279_57129	1.1233333333333335
17416	10401	6.67
8439	8447	17.76833333333333
8205	stop_306_71629	6.3966666666666665
12869	12875	11.55
7430	9149	11.365
10257	18336	11.408333333333333
12908	stop_252_42029	8.896666666666667
9120	7818	11.623333333333333
11604	17815	14.873333333333333
12897	stop_330_254319	7.78
11801	10630	5.455
12952	7993	7.665
stop_264_45419	stop_1076_317429	11.975
13719	stop_279_57129	8.523333333333333
11915	18011	20.971666666666668
stop_297_62429	stop_298_63019	6.4816666666666665
12911	stop_255_42919	5.59
8245	8366	5.03
13680	18336	4.755
11955	stop_574_304019	1.695
7515	13629	7.095
17552	7441	15.113333333333333
12557	12556	0.8350000000000001
18105	18119	9.036666666666667
13403	17628	14.281666666666666
13615	12934	15.256666666666666
8363	stop_283_57619	8.526666666666667
stop_204_12629	stop_223_35819	15.153333333333334
13715	stop_322_117329	6.28
stop_335_260819	stop_852_324249	4.093333333333333
9551	10499	16.845000000000002
8793	12509	7.89
12983	stop_291_61129	15.291666666666666
8020	stop_13_26	14.091666666666667
10991	stop_207_12929	8.808333333333334
stop_292_61229	stop_1280_364359	13.883333333333333
9810	13314	2.9650000000000003
9939	9972	7.501666666666667
7948	stop_252_42029	8.948333333333332
9149	stop_204_12629	12.848333333333333
8898	12022	10.058333333333334
stop_189_7319	stop_1234_362129	12.346666666666666
13052	stop_203_12519	11.328333333333335
9034	9030	8.296666666666667
7511	stop_322_117329	8.075
11132	11133	0.6166666666666667
7411	7418	13.91
11321	8103	9.051666666666668
17585	stop_1486_372419	9.34
12907	12932	9.69
10037	12301	11.181666666666667
7512	stop_204_12629	0.08833333333333333
9026	7493	7.760000000000001
18314	12899	6.5649999999999995
7392	17547	7.098333333333333
7365	10052	4.278333333333333
7516	9916	7.055000000000001
9119	13177	16.518333333333334
13919	9002	9.391666666666667
13820	9831	6.871666666666667
12902	stop_255_42929	1.2033333333333334
8584	17958	14.775
7804	8103	22.865000000000002
stop_257_43529	stop_342_268519	4.675
12932	12899	9.791666666666666
13186	11306	7.996666666666667
17836	8305	10.623333333333333
9060	9063	12.101666666666667
8804	17858	19.293333333333333
7369	stop_1488_3329	8.241666666666667
18390	stop_13_27	12.891666666666667
17401	10433	2.0083333333333333
9461	10634	14.31
7993	stop_240_38219	6.694999999999999
18243	12635	8.233333333333333
7471	11432	3.3516666666666666
13714	stop_1234_362129	11.683333333333334
13344	13340	7.381666666666666
stop_1486_372429	stop_1486_372439	1.96
18328	stop_313_86729	9.451666666666666
10700	stop_1102_347019	1.0783333333333334
11977	12401	8.38
12989	stop_300_63419	2.46
12954	8404	7.046666666666667
10855	8128	1.5466666666666666
10560	8104	11.878333333333334
stop_224_35929	stop_225_36029	6.038333333333333
13706	stop_1486_372429	10.028333333333334
9916	11909	14.716666666666667
13198	10670	13.2
12677	13693	12.088333333333333
9166	7489	8.148333333333333
8667	13295	8.604999999999999
stop_232_36819	stop_233_36919	5.866666666666666
7432	13042	3.4166666666666665
13421	13411	4.828333333333333
11507	12930	13.548333333333334
13688	14082	11.528333333333334
9549	12985	5.658333333333333
7678	11604	6.05
9533	17507	13.786666666666667
11515	17771	10.264999999999999
17567	7367	13.361666666666668
18277	17715	3.5616666666666665
10549	10466	6.863333333333333
14052	11713	10.796666666666665
stop_267_45939	stop_273_46529	7.286666666666666
11909	12966	10.729999999999999
7505	7489	4.911666666666666
stop_293_61329	stop_314_92229	5.218333333333334
12957	stop_240_38229	3.033333333333333
stop_8_15	stop_1556_381029	15.83
12923	8768	2.4633333333333334
10495	12244	6.656666666666666
13042	stop_183_6119	15.03
14013	14082	0.69
12352	stop_267_45929	12.3
8970	8973	6.956666666666666
stop_290_61019	stop_290_61029	1.8616666666666668
13683	7522	5.581666666666666
7630	11617	3.9733333333333336
12836	12019	7.426666666666667
18288	stop_189_7329	12.446666666666665
7515	7395	13.021666666666667
18297	12911	10.485000000000001
9049	11433	1.345
7489	7458	7.323333333333333
11708	11158	19.326666666666664
9542	8138	6.8
stop_199_11219	stop_245_40719	7.175
9667	17732	8.445
13715	stop_202_12419	17.801666666666666
10700	9878	1.4816666666666667
8409	8405	5.7316666666666665
12660	17346	11.981666666666666
18274	stop_219_32229	10.973333333333333
7977	13710	8.365
8669	8234	12.75
8336	7957	12.411666666666667
18310	stop_250_41829	12.008333333333333
13371	13357	8.598333333333333
8389	13034	4.203333333333333
13411	8844	4.466666666666667
8791	13171	10.628333333333334
17537	10053	2.7933333333333334
stop_216_31929	stop_957_333829	11.031666666666666
12022	stop_230_36539	17.185
stop_216_31919	stop_219_32239	7.04
14053	11714	10.511666666666667
9878	stop_322_117319	15.69
10510	18202	13.013333333333332
8362	stop_957_333819	12.916666666666666
8630	stop_957_333829	8.635
10166	18345	9.543333333333333
12307	stop_318_96019	7.364999999999999
8361	stop_219_32229	12.836666666666668
12366	14005	5.408333333333333
stop_223_35819	stop_224_35939	7.92
13327	9490	14.906666666666666
12121	12554	5.126666666666667
13653	14140	14.628333333333334
8299	stop_329_253919	2.4183333333333334
12298	7897	12.91
12668	9546	8.285
13746	7480	4.388333333333334
10545	11652	22.453333333333333
7648	18004	10.67
13660	17957	15.47
12145	12304	11.046666666666665
10597	12053	9.621666666666666
9935	11742	12.95
11433	stop_203_12559	2.618333333333333
12880	stop_8_15	15.243333333333334
17245	9814	16.355
8615	stop_841_317619	7.543333333333334
7434	stop_202_12429	9.360000000000001
13316	13317	0.605
13723	stop_1103_347129	11.566666666666666
18275	13531	9.076666666666666
17918	stop_322_117319	10.965
7946	stop_13_25	10.466666666666667
9169	stop_205_12729	11.311666666666667
9490	stop_334_258229	6.511666666666667
7891	stop_852_324229	8.491666666666667
10612	14005	13.421666666666665
7395	8326	16.19
13715	12022	13.085
10193	18191	4.371666666666667
7411	14166	10.271666666666667
13397	9875	23.623333333333335
12958	stop_202_12429	8.431666666666667
13036	stop_293_61319	6.326666666666667
12939	stop_186_7019	14.403333333333334
9942	9964	5.201666666666667
12875	stop_5_11	11.998333333333333
17282	13749	16.015
8672	10855	10.761666666666667
13023	12931	4.413333333333333
8768	stop_330_254329	3.195
7358	10041	8.496666666666666
7398	8326	3.83
7511	12022	1.285
12985	8114	12.85
7885	stop_216_31929	7.613333333333333
18292	8017	11.57
12339	13397	10.261666666666667
17389	10385	3.796666666666667
stop_222_35729	stop_227_36229	9.816666666666666
12350	13704	14.771666666666667
13032	11960	8.326666666666666
17705	11251	4.861666666666666
stop_183_6119	stop_570_303629	5.7283333333333335
10110	10223	6.913333333333333
10465	stop_307_71819	10.09
13158	13159	1.025
12738	17742	7.483333333333333
17501	17576	5.73
10055	10164	3.9266666666666667
8249	13474	9.943333333333333
12946	stop_239_37929	6.136666666666667
13905	stop_570_303629	12.913333333333332
17538	17891	11.05
stop_291_61129	stop_361_282119	12.193333333333333
12898	stop_313_86719	11.595
12846	12986	16.511666666666667
10700	stop_335_260819	12.761666666666667
9119	stop_782_314129	11.24
12464	13528	5.151666666666667
8408	8332	8.75
12677	12860	5.86
stop_307_71819	stop_841_317650	6.8516666666666675
7358	11234	9.401666666666667
stop_208_13029	stop_232_36829	13.693333333333333
18294	9551	16.695
10245	stop_299_63229	8.191666666666666
7367	18321	12.463333333333333
17673	8730	8.421666666666667
10096	13002	10.331666666666667
13693	8076	8.886666666666667
8249	8980	10.629999999999999
8192	stop_304_68229	11.933333333333334
8740	8739	0.26666666666666666
7836	8892	5.545
12964	13899	12.856666666666666
17269	17273	13.378333333333334
9139	17779	10.911666666666667
7416	7509	12.661666666666667
13416	12603	11.995000000000001
13722	12457	12.781666666666666
18291	stop_248_41329	9.195
10500	stop_342_268519	10.425
12946	stop_328_253819	10.254999999999999
stop_1488_3319	stop_1494_373119	14.68
7667	7678	5.08
12263	13229	10.266666666666667
stop_250_41819	stop_250_41829	1.0799999999999998
17392	12324	12.74
7803	7808	14.038333333333332
17824	18341	12.253333333333334
7460	7447	9.045
12945	stop_240_38219	0.4
10070	17836	12.818333333333333
10139	10133	12.916666666666666
18295	stop_248_41329	13.26
18151	8236	15.338333333333333
7439	18028	8.353333333333333
12998	10838	6.9399999999999995
9978	stop_246_40829	13.185
13675	12330	7.465
7624	7630	10.6
10812	11021	5.846666666666667
10150	13676	6.415
8899	stop_189_7319	7.0233333333333325
17283	stop_289_58929	16.38
7360	18341	16.066666666666666
7804	12967	10.418333333333333
stop_296_62319	stop_296_62329	1.5266666666666666
8335	stop_253_42329	14.243333333333334
7527	7526	10.853333333333333
12886	8205	9.041666666666666
7478	17836	14.961666666666668
13317	10179	19.15666666666667
7471	stop_203_12539	1.855
17541	17718	9.968333333333334
10109	8137	5.798333333333333
stop_280_57219	stop_338_56929	13.116666666666667
13819	8381	18.183333333333334
7498	stop_328_253829	10.931666666666667
18028	17835	12.898333333333333
17414	17386	6.425
stop_282_57519	stop_957_333819	6.586666666666667
12871	stop_208_13019	6.746666666666667
7894	stop_278_57029	13.673333333333334
7419	17765	3.9733333333333336
12663	12670	8.155
12022	stop_189_7319	12.911666666666667
8253	8248	3.64
17940	17941	0.74
8328	17587	16.026666666666667
12470	stop_316_94619	13.343333333333334
12945	stop_328_253829	12.573333333333332
8363	stop_214_31319	19.25
9493	17974	5.918333333333334
12746	13853	14.991666666666667
10665	13237	1.6
10063	7413	13.545
7905	10648	15.508333333333333
12466	stop_321_115419	12.906666666666666
18295	10848	11.498333333333333
8003	10849	9.51
10498	13684	11.188333333333333
12499	12339	5.863333333333333
13297	11736	5.591666666666667
12318	12949	13.293333333333333
9490	14006	13.465
stop_222_35719	stop_224_35929	11.491666666666667
9533	9545	5.483333333333333
13680	13716	11.46
13809	13931	12.54
12961	7432	12.575
18275	14033	15.313333333333333
7951	stop_12_21	9.046666666666665
7894	stop_957_333819	15.1
7950	stop_12_21	13.503333333333334
stop_314_92249	stop_343_268629	10.58
13385	10037	13.415
11432	7511	9.046666666666665
17727	17603	6.256666666666666
10015	stop_571_303729	6.9383333333333335
7492	7495	6.755
10092	13733	12.69
13665	8359	15.491666666666667
13586	stop_1103_347119	0.965
10848	10849	1.3483333333333334
12907	8710	14.296666666666665
8493	13141	11.031666666666666
13004	stop_334_258219	1.145
11741	stop_1_1	10.504999999999999
10208	10257	10.860000000000001
18159	18158	1.4266666666666665
stop_300_63419	stop_304_68219	12.501666666666667
13378	9415	5.319999999999999
8108	stop_343_268619	10.795
stop_246_40839	stop_313_86719	4.9350000000000005
7379	stop_1489_127129	13.366666666666667
12717	9050	12.135
8103	12845	6.206666666666666
18036	18040	0.7783333333333334
17916	8710	11.581666666666667
7998	7985	9.604999999999999
8075	12928	15.488333333333333
13684	17832	0.07166666666666667
8801	13715	5.54
13180	8363	11.038333333333332
9549	8112	11.754999999999999
12010	stop_216_31919	11.215
8372	18248	14.528333333333334
stop_226_36119	stop_279_57139	14.128333333333334
13666	12964	7.453333333333333
12298	stop_224_35939	7.3516666666666675
7472	7504	6.733333333333333
10842	13749	3.203333333333333
7495	17928	8.471666666666668
9904	12862	7.4350000000000005
9899	9549	8.143333333333334
13738	17691	10.35
18289	17552	5.1866666666666665
8436	10975	11.111666666666668
8789	11475	13.893333333333334
7368	17537	9.198333333333332
17750	17751	10.0
17680	12342	5.238333333333333
8000	7983	12.603333333333333
10213	13538	10.298333333333334
12883	stop_575_304129	14.036666666666667
8618	17552	13.995000000000001
7496	13701	1.1400000000000001
stop_241_38329	stop_328_253819	11.261666666666667
18016	8809	8.511666666666667
18029	stop_275_56019	11.81
8113	9547	4.9399999999999995
10164	17545	10.335
11508	13492	12.001666666666667
7970	stop_330_254319	14.651666666666667
7400	13628	17.258333333333333
7991	7983	11.243333333333334
10245	12992	3.7
8265	18125	17.611666666666668
9859	11332	12.03
17606	17620	8.29
9032	17928	10.208333333333334
7951	18080	5.873333333333333
12346	12351	1.5966666666666667
18025	8091	13.953333333333335
12928	stop_277_56729	7.8
11516	stop_574_304029	8.395
13346	13347	13.020000000000001
13329	stop_304_68219	7.133333333333334
stop_213_31129	stop_213_31139	2.06
11747	11212	10.979999999999999
13042	stop_570_303629	10.29
7999	7993	10.046666666666665
7809	stop_216_31929	15.354999999999999
9551	17884	10.713333333333333
18314	stop_248_41319	8.468333333333334
10929	17269	9.49
11550	9453	11.025
stop_852_324219	stop_1102_347019	9.643333333333334
11955	stop_1495_373529	7.836666666666667
13034	9149	12.465
13378	8577	4.791666666666667
12939	18285	14.858333333333333
8789	13169	16.201666666666668
17695	13474	4.306666666666667
stop_275_56019	stop_296_62319	21.061666666666667
8404	7993	6.0616666666666665
17834	17779	10.461666666666668
12932	stop_248_41319	11.115
stop_276_56119	stop_323_126219	8.455
18056	12880	15.253333333333334
8265	8266	12.366666666666667
7447	9026	11.556666666666667
9850	9852	3.6883333333333335
13891	10302	7.301666666666667
9810	13535	8.073333333333332
13443	18239	8.105
12966	stop_188_7229	8.788333333333332
7891	stop_204_12619	14.171666666666665
7359	13640	10.123333333333333
13669	8328	11.213333333333333
13804	13806	5.663333333333333
9629	9630	1.7566666666666668
10158	8310	18.31833333333333
7555	7572	11.556666666666667
stop_227_36229	stop_1102_347019	11.69
17258	stop_841_317639	2.6016666666666666
stop_279_57119	stop_338_56919	8.151666666666667
10871	7538	8.056666666666667
8374	17714	14.676666666666668
13617	stop_272_46429	13.951666666666666
17884	10499	6.131666666666666
17668	17834	12.633333333333333
13942	9782	10.42
12870	stop_207_12929	9.19
9756	12017	12.343333333333334
18029	17959	10.595
8090	8104	13.516666666666667
10055	17590	5.663333333333333
17283	stop_344_268729	12.333333333333334
12718	12010	10.56
7817	stop_217_32019	10.625
9694	9693	9.95
8359	13025	10.21
8089	stop_213_31139	15.3
8056	17511	14.788333333333332
10231	10080	13.266666666666667
8114	stop_291_61129	13.455
10241	10028	6.0616666666666665
12931	stop_13_27	8.336666666666666
17721	17725	6.455
11211	11214	7.483333333333333
8798	11955	8.193333333333333
13339	17823	7.298333333333333
13534	7360	6.848333333333333
12577	12576	9.341666666666667
13905	stop_186_7039	8.286666666666667
18334	8618	10.283333333333333
18311	stop_571_303719	8.616666666666667
8166	13677	9.723333333333333
stop_1102_347029	stop_1487_373619	11.088333333333333
7961	stop_257_43519	12.8
13586	stop_338_56919	9.833333333333334
14166	7432	7.8133333333333335
18329	stop_1486_372429	9.668333333333333
13667	8115	11.218333333333334
13300	17344	15.093333333333334
7840	13236	29.238333333333333
13679	13693	3.3833333333333333
12970	stop_219_32219	13.629999999999999
8780	8778	6.051666666666667
8778	8779	0.47333333333333333
17912	17915	11.646666666666667
18328	stop_571_303719	11.398333333333333
17586	stop_1491_372329	1.9733333333333334
10737	12224	6.578333333333333
12953	stop_237_37729	1.4616666666666667
18306	14082	14.766666666666667
8528	11438	5.748333333333333
10001	10062	8.148333333333333
8097	8630	13.603333333333333
8497	8493	10.595
12355	17986	13.661666666666667
7805	8632	16.976666666666667
11571	18038	8.153333333333332
11614	13415	7.431666666666667
stop_205_12729	stop_568_303219	14.65
8240	12331	17.86
12966	stop_1234_362129	13.563333333333333
stop_219_32239	stop_311_82319	11.795
10077	11926	18.215
10328	13791	9.636666666666667
10055	stop_1494_373129	13.441666666666666
stop_203_12549	stop_203_12559	1.9400000000000002
13720	8362	16.243333333333332
8317	9904	6.7733333333333325
10648	stop_225_36029	10.963333333333333
13660	8584	15.226666666666667
7930	stop_243_39229	10.783333333333333
8084	8599	10.76
9895	stop_254_42419	8.575
13714	12966	5.67
stop_221_32529	stop_325_136029	7.401666666666667
8018	stop_250_41829	6.816666666666666
7936	stop_252_42019	13.901666666666667
9895	12910	1.0766666666666667
7687	7689	0.04
17912	17951	4.781666666666666
13036	17218	12.308333333333334
9170	9860	5.3933333333333335
7424	12940	10.91
13687	13327	22.37
7965	11741	9.673333333333334
12952	8298	13.848333333333333
12718	stop_568_303239	5.33
7999	8003	6.0216666666666665
7404	10053	14.393333333333334
stop_204_12619	stop_322_117319	8.151666666666667
stop_297_62429	stop_299_63219	13.063333333333333
10353	12374	14.096666666666666
13062	13749	10.413333333333332
8300	9856	6.944999999999999
12307	stop_782_314119	5.3966666666666665
11282	14029	9.15
17311	13482	34.92833333333333
17552	18147	17.89
13329	13327	3.3449999999999998
8219	12377	10.56
12950	8298	6.181666666666667
9490	13645	14.856666666666666
7930	7929	10.833333333333334
10871	17975	6.025
12357	7449	12.193333333333333
9895	9923	6.331666666666666
13492	8125	13.535
12983	stop_293_61329	6.616666666666666
8118	stop_1103_347119	14.163333333333332
9810	10241	9.271666666666667
8084	13587	14.44
7936	18310	15.821666666666665
17869	10493	5.301666666666667
17540	17541	1.7233333333333334
13052	stop_203_12559	11.54
stop_221_32519	stop_1103_347129	14.361666666666668
12363	12362	1.5033333333333334
stop_254_42419	stop_255_42929	7.033333333333333
12908	8017	8.151666666666667
13807	13927	17.086666666666666
9969	13822	9.036666666666667
10166	12560	11.328333333333335
18314	13651	4.166666666666667
7396	10166	12.846666666666666
7392	8327	13.475
12920	9505	7.078333333333333
12595	10052	11.898333333333333
9119	8088	13.998333333333333
stop_298_63039	stop_299_63229	8.46
18320	stop_1234_362119	15.22
12902	stop_259_44919	11.781666666666666
7532	10872	9.318333333333333
7609	8873	2.5316666666666667
17789	10776	12.538333333333332
8300	8252	7.8566666666666665
7741	12541	8.57
7804	13689	26.154999999999998
17724	17723	9.286666666666667
12974	stop_13_26	13.2
13538	17380	11.888333333333332
10078	10076	5.178333333333333
12932	13651	12.486666666666668
7368	17589	11.801666666666668
12717	12958	9.571666666666665
7369	stop_1490_366229	9.931666666666667
13850	8705	13.463333333333333
9489	11686	6.785
13081	stop_272_46419	6.283333333333333
14032	10269	5.255
12940	12306	8.401666666666667
7946	stop_313_86719	13.513333333333332
13026	17798	5.293333333333334
7414	stop_196_8719	15.32
13667	stop_361_282119	6.758333333333334
12352	stop_9_18	8.505
8233	13713	12.598333333333333
9428	13545	11.903333333333334
13532	7358	10.878333333333334
17539	8617	11.551666666666668
stop_3_7	stop_310_74719	3.26
10855	8130	8.458333333333334
12887	stop_234_37029	11.303333333333335
stop_224_35929	stop_227_36229	8.315
13486	stop_313_86729	12.456666666666667
stop_11_22	stop_289_58929	12.238333333333333
7646	13403	8.783333333333333
9916	12401	14.593333333333334
12300	10211	10.316666666666666
13052	7462	8.036666666666667
12975	stop_246_40819	3.5966666666666667
7398	stop_1486_372419	10.085
9166	7446	12.071666666666665
12975	13023	2.8699999999999997
11508	stop_276_56119	11.668333333333333
13054	8089	15.906666666666666
17540	stop_1491_372319	2.3483333333333336
10734	10737	6.7733333333333325
17567	10055	6.751666666666667
12942	stop_237_37719	3.98
12326	14013	6.9383333333333335
8863	12613	15.661666666666667
7568	17378	20.013333333333332
12886	8201	12.771666666666667
17543	stop_1488_3329	13.168333333333333
18092	9026	11.870000000000001
17587	17590	6.319999999999999
12940	10081	3.3616666666666664
7505	7446	8.413333333333334
8021	7956	13.838333333333333
10477	9754	7.47
9492	11655	18.19
12957	stop_242_38829	8.31
12887	13055	10.383333333333333
17552	stop_1493_373029	17.06833333333333
18274	stop_852_324219	10.135
13446	17877	5.833333333333333
11977	stop_186_7039	13.938333333333333
10495	10358	15.686666666666667
13042	stop_186_7039	5.39
12352	stop_273_46519	17.384999999999998
14052	8924	7.141666666666667
13683	17970	12.593333333333334
9408	13376	6.086666666666667
8972	9046	10.025
13180	7893	11.729999999999999
18316	10175	3.796666666666667
8358	stop_820_315829	9.038333333333332
17819	8520	7.98
12366	18307	15.206666666666667
stop_224_35949	stop_957_333819	11.816666666666666
8625	stop_310_74719	9.638333333333332
13135	13146	7.52
8299	stop_242_38829	8.296666666666667
7432	stop_189_7329	9.16
12404	12403	11.826666666666666
13183	stop_284_57719	13.723333333333333
stop_199_11219	stop_246_40839	12.979999999999999
7439	17583	8.461666666666666
8734	8735	9.57
stop_223_35819	stop_1103_347119	10.231666666666666
stop_208_13019	stop_208_13029	0.8883333333333333
7706	7710	0.2866666666666667
10269	11592	11.246666666666666
8669	8224	6.113333333333333
stop_205_12719	stop_852_324219	9.905
10591	18309	9.308333333333334
stop_246_40819	stop_246_40849	2.355
8791	13167	15.348333333333333
7511	stop_203_12539	6.505
10753	8972	12.138333333333332
7969	stop_342_268529	10.445
7404	12595	2.235
17835	7495	11.335
9878	stop_325_136019	4.321666666666667
12367	10929	13.526666666666667
13699	17964	13.241666666666667
stop_13_27	stop_250_41829	6.319999999999999
12719	stop_189_7329	9.768333333333334
8478	stop_253_42329	11.188333333333333
13696	stop_331_254829	12.315
12298	7813	13.35
13746	12309	11.754999999999999
11742	stop_273_46529	17.584999999999997
14053	8925	4.708333333333333
12886	stop_841_317650	5.8
7930	7999	4.816666666666666
stop_221_32529	stop_1487_373619	13.354999999999999
13668	10490	11.298333333333334
stop_12_20	stop_254_42429	10.705
7964	stop_342_268529	6.531666666666666
7822	stop_325_136019	12.326666666666666
7533	13189	9.008333333333333
17964	17965	0.9983333333333333
10227	12502	13.236666666666668
18064	10842	9.72
12145	12302	12.426666666666668
11433	stop_205_12719	8.725
18038	18041	8.488333333333333
13058	9932	15.82
14009	12805	4.001666666666667
7402	12939	1.2433333333333332
13337	11564	10.295
17270	17268	7.25
18275	13534	8.933333333333334
8076	stop_323_126229	10.808333333333334
8124	17939	1.84
8798	7504	12.165
17950	stop_575_304129	9.376666666666667
12521	stop_1343_364719	6.333333333333333
7426	14166	4.991666666666666
12958	stop_203_12549	7.88
13717	8123	11.831666666666667
8164	12363	9.096666666666666
13128	13129	0.02333333333333333
13665	8123	8.535
12595	13669	1.1216666666666666
7381	stop_183_6129	13.038333333333332
8672	18029	11.183333333333334
9505	stop_321_115429	3.3400000000000003
11638	11355	13.946666666666665
13023	18295	11.565
7885	stop_219_32229	0.12000000000000001
12360	17691	13.556666666666667
10877	14006	13.588333333333333
7610	7636	6.846666666666667
17706	stop_1492_372629	15.516666666666667
17585	17563	5.678333333333333
18292	12323	14.098333333333333
13446	9170	8.435
stop_222_35739	stop_1487_373629	10.126666666666667
12941	stop_325_136029	12.386666666666667
17549	7365	14.533333333333333
18092	9138	11.101666666666667
17543	17892	2.908333333333333
13132	13130	3.433333333333333
12946	stop_241_38329	1.0933333333333333
stop_314_92239	stop_314_92259	0.23166666666666666
11654	8776	14.471666666666666
10849	stop_242_38819	12.536666666666667
8229	12141	2.4949999999999997
11251	9138	20.921666666666667
18013	13957	14.525
18285	stop_183_6129	14.285
7423	7414	1.5433333333333332
12577	13480	32.915
13896	11462	4.218333333333333
17964	stop_1488_3319	9.103333333333333
13718	stop_222_35739	11.845
12464	10914	13.376666666666667
13729	11173	12.223333333333333
14130	stop_1343_364729	15.383333333333333
10468	stop_1343_364729	10.361666666666668
11961	18228	11.616666666666667
8211	10706	13.978333333333333
13975	10328	8.811666666666667
7424	stop_318_96029	12.181666666666667
stop_208_13029	stop_234_37029	13.123333333333333
stop_841_317619	stop_841_317639	2.55
18277	11105	1.8433333333333333
8127	stop_275_56029	16.16166666666667
12312	7478	13.521666666666667
stop_321_115419	stop_820_315819	12.583333333333334
7367	7437	8.381666666666666
7454	stop_245_40729	6.308333333333334
12860	stop_277_56729	16.37666666666667
7480	7483	10.014999999999999
8187	12516	4.636666666666667
7454	12975	10.065
7463	7478	5.705
stop_325_136029	stop_1102_347019	3.4183333333333334
8234	13686	9.163333333333332
18291	7951	10.686666666666667
11306	stop_279_57139	12.514999999999999
stop_568_303239	stop_852_324249	6.405
12967	7820	7.22
7460	7483	12.995000000000001
18073	17692	9.71
12945	stop_242_38819	6.245
18334	10070	12.07
9119	13080	5.569999999999999
7407	stop_186_7029	5.348333333333333
13081	12355	19.02
18150	17779	14.113333333333333
stop_285_58429	stop_292_61219	8.27
7624	12588	16.483333333333334
12893	stop_232_36819	9.896666666666667
12939	12594	10.238333333333333
8130	stop_323_126219	3.4616666666666664
13352	17819	0.4583333333333333
8599	stop_291_61129	5.95
stop_189_7329	stop_852_324249	8.15
7527	7532	10.471666666666666
12886	11170	10.075
7379	17585	8.063333333333334
8362	12967	14.035
12917	13760	8.988333333333333
10182	10184	9.385
7471	stop_204_12629	7.78
13348	9751	11.620000000000001
7447	17779	10.55
17918	stop_203_12529	2.2666666666666666
7894	stop_280_57219	11.09
7419	13050	12.246666666666666
17549	17714	12.406666666666666
12367	12326	10.973333333333333
9030	17834	14.733333333333333
stop_217_32019	stop_217_32029	0.5133333333333333
18277	17380	8.555
13760	17959	11.305
10373	10371	8.061666666666666
7813	7822	8.629999999999999
18161	stop_952_331019	9.526666666666667
10167	13640	10.561666666666667
12893	17941	8.381666666666666
12426	13729	8.2
12574	12572	33.54833333333333
8526	18239	4.298333333333333
12536	12535	5.283333333333333
13855	13854	10.388333333333332
13186	stop_221_32529	11.876666666666667
18285	17586	11.446666666666665
12352	12353	1.2483333333333335
12881	9978	13.085
12902	stop_331_254819	7.526666666666667
7891	12009	5.328333333333333
9938	stop_342_268519	14.816666666666666
18240	14154	5.3
13180	stop_224_35919	10.51
17911	stop_425_287129	15.438333333333333
13699	17544	17.445
8523	stop_2_5	12.29
7524	7533	8.686666666666667
12134	12303	13.19
9120	8104	18.543333333333333
13651	stop_12_20	5.026666666666667
9049	stop_204_12639	7.631666666666666
11432	12959	5.785
17911	9978	9.251666666666667
13447	stop_1342_364629	16.763333333333332
8241	8779	6.1033333333333335
10234	10232	5.586666666666667
11732	18387	14.823333333333332
13665	13025	14.388333333333332
12995	stop_303_68119	1.4849999999999999
18370	stop_342_268529	13.071666666666665
12407	10260	15.961666666666668
18011	10856	16.636666666666667
17849	11750	12.215
stop_203_12519	stop_386_285929	10.756666666666666
8002	stop_13_28	10.96
18244	stop_568_303219	11.475
17892	17591	11.973333333333333
17265	17264	0.56
12915	13693	1.8183333333333331
13789	17915	5.98
12961	stop_187_7119	12.286666666666667
7379	stop_1491_372329	9.083333333333334
8381	10482	12.158333333333333
12717	11433	11.973333333333333
12967	stop_214_31319	6.485
10824	12744	16.118333333333332
8528	12635	12.398333333333333
7482	7463	14.656666666666666
7452	stop_237_37729	10.388333333333332
13443	9171	9.121666666666666
17549	stop_183_6119	8.155
17718	17379	12.296666666666665
8075	13666	5.16
10151	13094	7.260000000000001
12325	12338	2.7583333333333333
11969	18013	0.2983333333333333
18367	17715	17.8
8801	18320	11.945
12349	10401	17.671666666666667
8328	7381	4.4
13111	13110	0.011666666666666665
12010	stop_219_32219	4.058333333333334
stop_219_32239	stop_568_303239	11.998333333333333
12298	stop_226_36119	11.523333333333333
18334	stop_1492_372619	6.598333333333333
7472	7463	11.665
18390	stop_571_303729	13.835
13661	11478	5.691666666666666
stop_278_57029	stop_279_57129	9.261666666666667
8332	stop_237_37729	9.72
10991	17909	15.471666666666666
13724	8338	15.31
8015	8769	12.46
13080	stop_282_57519	24.296666666666667
17547	7368	13.225
18289	17478	6.456666666666666
13486	stop_243_39229	5.013333333333334
13556	7520	1.8866666666666667
8232	10467	11.24
8870	18015	0.4483333333333333
18298	10431	26.388333333333332
11653	8777	18.555
7811	stop_226_36119	13.705
8187	stop_303_68129	11.215
17680	10511	13.620000000000001
8412	8146	3.7666666666666666
17563	stop_183_6129	11.196666666666665
14051	13301	15.911666666666667
9045	11638	11.425
8508	17628	20.14333333333333
13620	12934	11.951666666666666
10064	7423	6.12
17308	13483	25.565
8618	17478	13.603333333333333
12941	stop_1487_373619	5.001666666666667
7420	7419	1.38
18029	stop_276_56139	8.585
10000	7419	9.25
8252	11474	3.9833333333333334
stop_226_36119	stop_1103_347129	14.07
7481	7477	13.004999999999999
11333	11335	9.416666666666666
7971	12934	8.316666666666666
13179	stop_282_57529	6.62
12401	7430	7.071666666666667
11729	7880	4.718333333333334
9878	18274	11.896666666666667
13587	stop_279_57129	13.228333333333333
8371	7387	4.448333333333333
8315	stop_424_287019	5.113333333333333
18288	18333	4.848333333333333
14046	14017	4.430000000000001
18057	stop_245_40719	12.886666666666667
13376	8472	10.363333333333333
7527	17971	10.331666666666667
8231	8365	11.061666666666667
stop_213_31129	stop_216_31929	11.33
14141	9715	20.378333333333334
8221	12377	12.47
7410	stop_187_7129	12.043333333333333
7999	8298	13.455
stop_852_324219	stop_1234_362119	14.45
13183	stop_216_31919	12.023333333333333
10484	18360	10.338333333333333
18150	7492	10.793333333333333
10372	12982	21.053333333333335
9899	7897	11.038333333333332
18100	18125	5.431666666666667
12361	13738	11.811666666666667
18314	18291	4.306666666666667
8892	9865	6.586666666666667
12302	17713	13.835
10323	10324	1.5216666666666667
17941	stop_207_12919	7.819999999999999
11237	12377	18.078333333333333
13616	13615	0.075
10332	13925	11.685
8404	8298	12.901666666666667
stop_255_42929	stop_259_44929	11.036666666666667
13715	stop_852_324239	9.416666666666666
7447	7492	10.203333333333335
10200	13299	13.621666666666666
9050	stop_202_12429	13.491666666666667
7503	8305	7.895
stop_187_7119	stop_335_260819	13.85
stop_222_35719	stop_335_260829	11.655
13443	18241	15.976666666666667
12966	stop_189_7349	1.6466666666666667
9981	17713	14.656666666666666
10118	8212	7.005
7498	7930	6.496666666666667
8909	17896	8.616666666666667
9900	stop_291_61119	11.448333333333332
17330	11445	3.7916666666666665
13149	12016	11.004999999999999
8032	stop_255_42919	4.788333333333333
17970	7536	10.805
18341	18254	6.625
13740	8296	9.181666666666667
10158	17343	18.651666666666664
13661	13117	7.041666666666667
7511	stop_852_324239	7.095
12303	8327	12.203333333333335
9643	10788	7.683333333333334
stop_5_10	stop_5_11	0.76
7970	7961	6.831666666666666
11801	11803	8.156666666666666
17668	8304	6.956666666666666
10189	10191	9.465
10081	stop_213_31139	11.491666666666667
17547	17713	13.945
13714	stop_322_117329	2.9133333333333336
7400	12457	8.623333333333333
7984	7950	14.273333333333333
12881	stop_313_86719	9.616666666666667
8301	9041	9.506666666666666
stop_852_324249	stop_1234_362129	14.835
11470	18032	10.941666666666666
8089	stop_216_31929	6.375
stop_222_35739	stop_223_35819	4.045
17394	17398	9.458333333333334
12307	9916	8.716666666666667
7998	8408	11.905
8823	13407	10.066666666666666
12932	18310	13.901666666666667
9149	stop_335_260829	4.498333333333333
13177	stop_221_32519	13.168333333333333
13905	stop_188_7229	9.706666666666667
13841	13840	0.6816666666666666
9169	stop_1234_362119	11.418333333333333
9051	stop_1234_362129	11.606666666666666
7741	8706	11.49
13138	9755	7.071666666666667
7512	stop_335_260829	8.483333333333333
13679	8076	8.856666666666666
12970	stop_221_32529	4.89
7365	stop_1486_372419	12.743333333333334
8326	stop_1486_372429	5.975
13199	13229	15.168333333333333
9050	12958	8.061666666666666
12958	stop_852_324249	10.533333333333333
13526	13522	0.5266666666666667
12407	12347	19.14
12953	stop_240_38219	8.851666666666667
7928	11009	3.121666666666667
17566	stop_1488_3329	7.163333333333333
12974	stop_313_86729	5.876666666666667
10165	stop_1493_373029	12.353333333333333
12927	stop_276_56119	6.835
8338	12911	8.686666666666667
14166	stop_187_7119	7.391666666666667
13360	13361	0.46
9918	13710	11.641666666666667
18092	17779	14.943333333333333
18191	18190	8.145
12846	stop_314_92219	16.171666666666667
17715	17378	12.301666666666668
17915	stop_313_86729	11.596666666666666
stop_203_12549	stop_205_12719	8.711666666666668
8219	stop_310_74719	8.658333333333333
8168	13389	17.45
9504	10466	11.270000000000001
10052	stop_1493_373029	12.223333333333333
8390	8152	11.441666666666666
11653	11650	0.011666666666666665
11472	17877	8.086666666666666
17546	17587	14.233333333333333
9051	8604	12.705
10823	12750	11.665
12366	10877	15.816666666666666
12314	17778	11.113333333333333
18123	18100	10.368333333333334
7910	stop_233_36919	1.3883333333333332
17344	10733	7.596666666666667
stop_283_57629	stop_284_57729	6.046666666666667
12323	stop_243_39219	11.16
17318	17317	1.7833333333333334
13809	13815	4.461666666666667
11233	18345	4.955
9167	7458	6.633333333333334
12603	12601	7.39
13616	9935	13.303333333333335
7358	13716	3.993333333333333
stop_303_68119	stop_334_258229	5.335
7424	17908	7.283333333333333
11189	11188	10.023333333333333
12852	10113	10.65
11173	10203	8.568333333333333
12613	8859	8.648333333333333
8076	stop_276_56129	8.4
7910	12878	1.62
14141	13678	11.606666666666666
7951	17986	14.406666666666666
7417	12305	14.301666666666668
10753	13249	14.051666666666668
7404	8325	8.716666666666667
14050	11717	8.991666666666667
9878	stop_852_324229	7.505
12717	stop_203_12549	12.273333333333333
17830	stop_568_303219	12.795
8399	9926	27.32
8182	12995	9.945
14073	17716	12.826666666666666
7396	8373	3.0816666666666666
10669	10667	9.858333333333333
stop_325_136019	stop_852_324229	10.854999999999999
12950	10849	11.716666666666667
13628	12305	9.061666666666667
12309	12312	2.4983333333333335
11432	stop_852_324219	16.026666666666667
7441	7494	12.558333333333334
8084	13723	13.368333333333334
stop_203_12529	stop_230_36549	12.84
7965	stop_258_44219	5.569999999999999
9588	18162	1.5483333333333333
13324	12672	9.715
13018	13616	9.808333333333334
13178	stop_957_333819	2.296666666666667
13728	10150	8.95
17918	stop_852_324229	11.471666666666666
8769	12354	4.816666666666666
10717	7410	12.815
8672	stop_339_62119	15.888333333333332
17955	17956	7.251666666666667
12899	9147	3.46
12304	17549	8.860000000000001
12853	12851	9.879999999999999
12595	8326	10.961666666666668
10257	18258	12.573333333333332
stop_277_56729	stop_339_62129	15.6
stop_1_2	stop_272_46419	5.046666666666667
13752	stop_274_46619	8.29
11335	14151	12.935
18312	stop_259_44919	14.251666666666667
10053	17891	14.191666666666666
8362	13689	7.861666666666666
10115	stop_299_63219	14.625
10095	13002	3.8866666666666663
13680	18258	11.520000000000001
12984	12983	1.8066666666666669
17719	10819	13.246666666666666
12841	stop_343_268629	5.201666666666667
12441	8391	5.301666666666667
7962	7968	4.581666666666666
17544	9139	20.465
17910	stop_5_11	0.69
8231	9504	11.905
11606	7683	7.238333333333333
8599	12986	6.343333333333334
13798	12607	10.889999999999999
12850	13002	13.246666666666666
17939	10855	13.083333333333334
13439	13440	0.6799999999999999
13062	13447	0.8433333333333334
13628	stop_570_303619	7.3983333333333325
13331	17627	6.430000000000001
9916	8389	10.816666666666666
13198	13228	7.155
13693	stop_339_62129	16.271666666666665
12869	stop_425_287119	18.075
17745	17744	0.935
7424	stop_782_314129	9.946666666666665
12975	12898	13.04
11508	stop_277_56729	4.78
13054	8098	20.238333333333333
7818	7808	7.989999999999999
7965	7969	12.943333333333333
17508	17510	10.985000000000001
8404	11008	11.610000000000001
17600	10179	26.013333333333332
9652	9654	8.403333333333332
17586	17718	9.588333333333333
11281	13539	6.364999999999999
13080	stop_213_31129	1.5983333333333334
8398	13731	5.613333333333333
11977	stop_188_7229	8.256666666666666
13042	stop_188_7229	7.67
7894	stop_227_36229	10.901666666666667
12959	stop_189_7319	9.461666666666668
17538	stop_1493_373019	6.725
9408	13349	12.756666666666666
8112	9544	5.343333333333334
8630	stop_283_57629	1.4549999999999998
8403	7980	6.516666666666667
13699	7481	14.945
8980	18127	13.908333333333333
stop_224_35949	stop_1102_347019	11.581666666666667
stop_203_12519	stop_204_12639	7.491666666666666
13383	13358	7.903333333333333
12541	17599	81.365
12361	18370	10.08
8526	17878	10.888333333333332
8412	11169	7.656666666666666
13658	18343	5.623333333333333
8604	stop_203_12529	12.778333333333334
17577	stop_1488_3329	14.328333333333335
13425	13420	10.351666666666667
12942	stop_328_253819	0.6383333333333333
10274	9910	5.38
12868	stop_425_287129	13.021666666666667
10409	10408	4.59
stop_255_42929	stop_331_254829	6.475
12923	stop_257_43519	12.631666666666666
8441	8448	25.401666666666664
stop_246_40819	stop_250_41829	15.901666666666667
stop_292_61219	stop_343_268619	4.455
8770	stop_330_254329	1.605
8666	11735	11.633333333333333
7399	11079	14.956666666666667
7395	12962	18.026666666666664
8770	7936	9.596666666666666
13812	13811	1.6666666666666667
13679	11508	3.4466666666666668
13616	10500	12.756666666666666
12470	stop_820_315819	1.1433333333333333
11770	8539	3.5116666666666663
10015	18389	11.818333333333333
7957	stop_253_42329	4.416666666666667
12842	stop_284_57719	1.3566666666666667
9935	10500	12.086666666666668
8108	stop_292_61219	14.46
13213	13217	1.1
10083	10264	4.866666666666666
17561	stop_1486_372439	1.2616666666666667
12938	7375	15.16
10569	stop_952_331019	12.906666666666666
7402	7398	7.430000000000001
7437	12309	6.426666666666667
stop_1488_3329	stop_1490_366219	6.223333333333333
10150	12415	9.778333333333334
17940	stop_203_12539	14.2
7371	17560	12.906666666666666
8124	13671	8.168333333333333
8801	11433	14.825
13026	17817	0.52
17311	17308	3.4733333333333336
13669	stop_1489_127129	11.405
12958	stop_204_12639	4.166666666666667
stop_293_61329	stop_343_268629	6.633333333333334
10871	8708	9.836666666666668
13665	13693	8.568333333333333
13006	11961	6.7683333333333335
12616	18388	7.528333333333333
10560	stop_219_32219	11.22
12595	17560	6.343333333333334
10544	10545	1.21
13292	13293	0.0016666666666666668
10016	12900	1.7
10387	17418	6.781666666666666
7441	17964	11.495000000000001
10842	stop_3_6	9.110000000000001
8419	17965	13.051666666666668
13615	stop_267_45919	10.351666666666667
11909	stop_1487_373619	11.65
13705	7375	10.873333333333333
12516	stop_334_258219	10.476666666666667
12141	11164	14.495000000000001
12502	11163	20.33833333333333
17706	stop_1494_373129	9.838333333333333
12717	11913	6.796666666666667
7809	8363	29.445
12719	7511	7.37
8088	stop_226_36119	13.586666666666668
17937	9611	14.286666666666667
17987	stop_267_45939	4.595
13183	13186	3.7083333333333335
11750	11751	8.906666666666666
7897	stop_224_35929	6.006666666666666
stop_219_32219	stop_782_314119	9.018333333333334
12927	stop_424_287019	14.951666666666666
17283	10169	10.811666666666667
12876	stop_575_304129	1.635
18330	9676	15.378333333333334
8898	13639	14.241666666666667
13080	stop_318_96019	11.906666666666666
8315	stop_297_62419	12.653333333333334
18079	18312	6.055000000000001
13327	stop_304_68219	10.389999999999999
10448	10459	1.4966666666666666
10354	13733	28.725
13229	13228	8.678333333333335
12322	8403	9.620000000000001
14165	11913	12.286666666666667
8315	12928	18.211666666666666
stop_238_37819	stop_239_37929	4.841666666666667
10113	stop_306_71629	12.988333333333333
8127	stop_277_56719	9.441666666666666
9778	13380	9.06
8951	11475	15.051666666666668
18064	13062	8.091666666666667
stop_224_35919	stop_279_57139	12.096666666666666
13693	12964	13.221666666666666
18286	7437	4.528333333333333
7454	stop_246_40849	11.205
8210	stop_841_317619	14.448333333333332
10136	10549	3.14
11106	17716	5.421666666666667
8358	13586	8.165
7480	8419	12.711666666666668
8409	7985	4.17
17910	stop_230_36549	8.896666666666667
12329	12409	10.58
13722	13715	9.158333333333333
8950	11017	8.03
stop_282_57519	stop_283_57619	4.5600000000000005
17346	9528	14.538333333333332
18024	7818	14.715
7398	17563	12.935
10838	stop_304_68219	9.331666666666667
11616	11615	10.053333333333335
7805	11248	13.541666666666666
9878	stop_204_12619	13.185
12009	stop_224_35939	11.520000000000001
13807	13806	1.4033333333333333
12510	13170	7.975
12946	7929	5.55
18293	7962	10.431666666666667
7522	7523	4.42
17540	17717	12.306666666666667
10070	10324	11.366666666666667
18334	18146	19.336666666666666
7407	stop_188_7219	8.035
stop_285_58429	stop_294_61419	14.276666666666667
8746	13946	9.941666666666666
7518	18275	8.653333333333334
17910	17940	4.421666666666667
7365	17545	12.458333333333334
13036	stop_314_92249	1.97
13720	7894	17.466666666666665
7722	12375	9.901666666666667
12939	17546	8.095
18360	13606	13.658333333333333
8478	18079	10.911666666666667
7527	10872	13.729999999999999
7471	stop_207_12919	10.851666666666667
17722	17856	10.57
8123	stop_277_56729	1.6416666666666666
9568	13650	1.105
14046	13302	8.94
stop_272_46419	stop_342_268529	11.21
12606	8911	4.746666666666667
7459	8305	11.446666666666665
10165	10052	9.703333333333335
13724	stop_9_17	5.625
10373	10370	4.483333333333333
13485	stop_13_26	11.193333333333333
8195	13637	2.3116666666666665
17703	17705	1.4883333333333333
8795	13169	15.156666666666666
12717	stop_852_324249	1.2383333333333333
8170	8171	8.54
12909	12899	8.514999999999999
12945	7993	6.598333333333333
13049	13535	11.986666666666668
9292	9487	0.8016666666666666
stop_305_71519	stop_305_71529	0.03166666666666666
12962	stop_1486_372419	12.161666666666667
12521	8616	5.1066666666666665
7998	13486	9.326666666666666
10294	10087	12.479999999999999
7386	18256	14.108333333333333
7390	17547	9.506666666666666
13180	stop_225_36019	14.951666666666666
9149	stop_1234_362129	12.126666666666667
13688	13677	8.848333333333333
17218	13664	11.308333333333334
12966	stop_322_117329	7.1866666666666665
8794	12509	4.371666666666667
8906	12719	9.583333333333334
13022	13021	0.675
9049	stop_207_12929	9.596666666666666
8088	8104	5.071666666666667
17546	stop_1486_372429	1.8833333333333333
stop_571_303719	stop_571_303729	1.1983333333333335
12518	14130	11.918333333333333
17567	17590	12.325
8899	12958	13.811666666666667
11514	stop_574_304039	12.571666666666665
12534	8152	31.618333333333332
12904	13710	13.956666666666667
8190	stop_303_68119	7.028333333333333
7512	stop_1234_362129	9.389999999999999
12244	18034	13.71
stop_1493_373019	stop_1494_373129	11.346666666666666
8345	8644	5.931666666666667
17392	10383	7.87
11447	11448	0.9066666666666666
17541	stop_1486_372419	8.628333333333334
8255	17318	4.181666666666667
12022	12958	3.945
18332	stop_243_39219	10.185
8350	12499	12.723333333333333
18367	9981	2.295
11008	stop_240_38229	8.92
13714	11432	12.548333333333334
8578	13361	8.261666666666667
8075	12926	10.225
11334	11438	14.468333333333334
9487	13161	8.325
12010	stop_221_32529	7.538333333333333
13238	13206	10.835
10056	10267	9.014999999999999
18334	stop_1494_373119	10.306666666666667
7971	18293	3.921666666666667
stop_203_12539	stop_852_324219	13.523333333333333
13724	12911	8.105
8021	7957	10.558333333333334
13178	stop_225_36029	13.771666666666667
11652	8781	13.45
13556	7529	11.035
13261	13657	13.781666666666666
12957	8405	10.233333333333333
13528	13524	0.605
9030	17929	8.728333333333333
stop_223_35829	stop_852_324219	12.391666666666667
11514	11515	4.318333333333333
12568	12320	3.1233333333333335
10055	17588	10.506666666666666
stop_214_31319	stop_282_57519	18.706666666666667
7956	7957	3.4033333333333333
13077	10782	11.375
13620	9932	11.155
18307	10877	4.738333333333333
11008	stop_329_253919	7.3966666666666665
12144	13657	8.94
11815	11809	7.9783333333333335
stop_221_32529	stop_957_333829	13.09
13662	10136	11.168333333333333
9686	10987	4.26
8793	8791	4.341666666666667
10000	17765	5.596666666666667
11008	8402	15.004999999999999
7849	8886	10.621666666666666
18292	stop_243_39229	11.151666666666667
10473	10574	1.4966666666666666
17567	stop_1494_373129	10.423333333333334
12145	7396	9.288333333333332
8063	17682	6.196666666666667
13179	stop_284_57729	14.465
12346	9490	11.49
17566	12309	13.758333333333333
stop_278_57029	stop_1103_347119	7.558333333333334
18310	stop_329_253919	13.546666666666665
18288	7480	8.538333333333332
8228	10136	5.8566666666666665
7645	18003	4.128333333333333
18003	18004	1.945
18152	18151	1.6366666666666667
7908	stop_230_36539	0.006666666666666667
10135	10131	13.366666666666667
13481	13482	1.28
stop_204_12619	stop_852_324229	6.7
17778	7503	15.208333333333334
10569	13114	12.525
12899	stop_250_41829	0.8216666666666667
18314	12910	9.308333333333334
10691	7522	5.463333333333334
10323	7449	11.426666666666668
12411	10470	7.415
13628	13706	5.0649999999999995
12401	stop_187_7129	6.483333333333333
8138	10115	13.636666666666667
11233	12560	8.52
7447	7458	9.833333333333334
9050	stop_203_12549	0.785
11175	11171	5.1016666666666675
17662	17664	10.881666666666666
9120	stop_216_31919	5.71
9014	9695	26.876666666666665
13061	18306	13.235000000000001
11562	11563	5.2316666666666665
7418	17774	4.625
10603	13587	3.433333333333333
8975	8247	14.393333333333334
10504	13704	9.006666666666666
11616	11619	20.175
10115	12850	13.811666666666667
8147	stop_297_62429	9.256666666666666
13542	9428	7.198333333333333
10081	stop_216_31929	8.803333333333335
13301	10956	10.818333333333333
9983	7968	27.168333333333333
17538	10053	3.6533333333333333
11175	13750	15.841666666666667
12899	18311	12.956666666666667
8104	stop_957_333829	6.803333333333333
10095	stop_299_63229	12.928333333333335
8089	stop_219_32229	13.111666666666668
12343	14005	5.78
13023	12319	10.473333333333333
13123	13121	8.723333333333333
13811	18272	9.313333333333333
8922	18385	17.448333333333334
10544	11652	21.243333333333332
9596	9590	14.243333333333334
13810	13932	13.663333333333332
11174	11175	0.785
12850	stop_299_63229	0.8350000000000001
17563	17589	12.938333333333333
17679	17692	8.036666666666667
stop_330_254319	stop_571_303719	8.811666666666667
18183	18019	13.811666666666667
18296	8336	13.061666666666667
stop_313_86719	stop_313_86729	0.48833333333333334
7893	stop_1103_347129	10.145000000000001
13261	7509	14.808333333333334
12677	stop_339_62129	6.071666666666667
13679	8077	14.578333333333335
13179	13177	1.5633333333333332
12970	stop_223_35819	8.338333333333333
12946	17760	10.961666666666668
13178	8103	8.671666666666665
12966	12022	13.991666666666667
8190	13329	8.503333333333334
stop_248_41319	stop_313_86729	11.078333333333335
7402	stop_186_7019	13.473333333333333
17265	17273	6.2316666666666665
17566	stop_1490_366229	11.916666666666666
12877	stop_5_11	9.693333333333333
12144	7509	6.505
13762	17390	7.681666666666667
12659	11588	8.735000000000001
8197	14142	8.421666666666667
8338	13695	7.136666666666667
13899	8135	10.806666666666667
8906	9149	7.3966666666666665
8374	18367	15.141666666666667
7379	9980	14.465
18333	7448	13.451666666666666
8645	13713	13.241666666666667
stop_575_304119	stop_1556_381019	7.7266666666666675
12846	stop_314_92259	14.535
13136	13134	6.721666666666667
8020	stop_250_41819	8.608333333333333
7379	17718	15.818333333333333
10163	10224	7.483333333333333
10165	10048	11.491666666666667
7891	stop_227_36229	10.04
12739	17742	7.2
17539	stop_1493_373029	5.746666666666667
13695	stop_253_42329	9.778333333333334
8231	13713	12.025
9051	17941	14.831666666666667
8027	7952	9.451666666666666
18030	13660	12.596666666666666
10211	11233	13.004999999999999
8369	13330	21.698333333333334
7446	17836	7.755
13724	12352	13.46
12341	12360	1.695
8241	13095	8.005
13126	11183	13.958333333333334
12323	stop_246_40819	10.931666666666667
stop_12_24	stop_254_42429	8.105
10401	17386	7.425
17794	8267	11.291666666666666
13908	9717	14.271666666666667
9167	7457	8.863333333333333
11735	11736	1.2116666666666667
12318	12321	12.325
12999	13330	8.106666666666666
8335	stop_331_254819	14.35
13616	9938	13.875
7424	11079	6.846666666666667
8405	stop_328_253829	11.118333333333334
8114	stop_314_92219	16.065
12356	7495	11.273333333333333
7952	7956	9.881666666666666
12897	10848	12.823333333333332
13076	13071	9.048333333333334
18151	stop_289_58919	11.576666666666666
14050	12461	15.443333333333333
8088	7822	9.236666666666668
8074	17954	8.06
12717	stop_204_12639	5.448333333333333
17796	11813	10.163333333333332
8145	12853	12.406666666666666
9935	9938	13.205
10569	10494	2.8433333333333333
10898	12750	14.121666666666666
stop_852_324239	stop_1102_347029	9.04
14040	8935	12.870000000000001
13807	18222	10.656666666666666
11915	10856	7.366666666666666
stop_307_71829	stop_1343_364719	11.028333333333334
18023	17964	14.91
13080	13631	9.833333333333334
stop_261_45119	stop_261_45129	0.545
7822	stop_957_333819	11.120000000000001
18057	11515	13.543333333333333
10694	10825	4.83
18282	18309	6.718333333333334
17271	stop_1342_364629	11.065
7441	17836	12.383333333333333
13708	stop_10_3	4.013333333333334
12302	18257	16.24833333333333
9588	9596	15.306666666666667
13669	stop_183_6119	9.3
10480	12503	11.563333333333333
8902	11628	7.4816666666666665
10473	10609	11.938333333333333
17587	17588	1.3233333333333335
8801	11913	14.773333333333333
stop_303_68129	stop_304_68219	9.198333333333332
10482	8311	9.196666666666665
10232	10077	4.621666666666667
12931	9147	14.21
9981	18257	13.603333333333333
7572	7577	0.8166666666666667
12904	12905	8.825
13121	9756	11.381666666666666
7392	7368	9.966666666666667
7375	stop_1486_372439	7.636666666666667
9119	stop_311_82319	12.036666666666667
12304	7375	9.445
11718	12462	3.025
11813	9701	7.275
10169	stop_346_269019	10.145000000000001
12009	7813	3.1166666666666667
7809	18232	13.713333333333333
8337	8338	1.0433333333333334
stop_188_7229	stop_189_7349	9.348333333333333
7753	18036	11.055
10095	12992	9.82
10169	12862	8.993333333333334
17408	17417	2.95
10508	10509	0.5700000000000001
12883	12323	6.998333333333333
10700	7512	13.526666666666667
13801	18271	7.638333333333334
12850	12992	8.793333333333333
17939	18029	12.701666666666666
stop_240_38219	stop_242_38819	6.341666666666667
9170	11332	5.596666666666667
13906	7400	3.5483333333333333
8311	17345	11.273333333333333
13080	stop_782_314119	13.186666666666667
7965	17691	10.466666666666667
stop_12_21	stop_248_41329	9.92
17588	stop_1490_366229	6.556666666666667
17282	8317	12.418333333333333
12905	12355	10.331666666666667
10351	10356	15.381666666666666
11438	14151	5.391666666666667
7805	stop_282_57529	25.005
12472	stop_339_62119	6.361666666666666
9607	13472	8.26
13062	13686	14.173333333333334
10603	stop_222_35739	10.625
8710	stop_245_40719	5.046666666666667
13054	stop_311_82329	12.331666666666667
13378	17819	1.3
8363	8098	7.775
12942	stop_241_38329	10.623333333333333
12949	stop_242_38819	2.0616666666666665
7817	18225	12.889999999999999
17543	stop_1492_372629	3.1333333333333333
7365	17563	11.816666666666666
12331	12335	11.058333333333334
9387	17272	10.656666666666666
12010	stop_1487_373629	6.875
13718	8389	12.678333333333335
12994	stop_424_287029	8.1
13446	18243	7.556666666666667
8195	12346	9.276666666666667
11714	11747	7.925
11977	stop_189_7349	4.326666666666667
8108	10168	6.891666666666667
18013	8863	19.936666666666667
7711	7706	6.198333333333333
12346	12326	9.931666666666667
7953	12902	6.806666666666667
9916	stop_188_7229	14.229999999999999
12309	stop_1493_373019	13.556666666666667
13699	7441	1.8133333333333332
13180	11248	12.854999999999999
8243	8245	0.9700000000000001
13001	10724	12.583333333333334
18305	10569	6.2683333333333335
10481	13300	13.378333333333334
stop_316_94619	stop_820_315819	13.129999999999999
10213	10484	13.513333333333332
stop_203_12519	stop_207_12929	9.645000000000001
17668	9026	9.601666666666667
7414	17762	14.31
11662	8429	7.178333333333333
18277	14028	11.371666666666666
12466	stop_277_56729	12.695
13617	13620	1.2266666666666666
stop_13_26	stop_250_41819	5.9766666666666675
11909	stop_204_12629	11.66
12901	stop_253_42319	9.58
8413	8147	12.129999999999999
12885	stop_841_317639	8.836666666666668
17381	17378	6.121666666666667
7493	17834	7.618333333333334
18294	stop_342_268519	1.4400000000000002
12356	17311	16.665
7450	13701	1.3
10504	8538	12.166666666666666
13899	17959	13.264999999999999
11305	stop_2_5	13.389999999999999
8020	8018	1.7
10050	17590	12.693333333333333
13839	9637	11.143333333333334
13942	17887	6.930000000000001
8166	8384	6.36
14010	14012	4.805000000000001
8632	stop_213_31139	18.834999999999997
12368	12351	2.3233333333333333
10345	13533	4.833333333333333
10855	stop_323_126219	11.711666666666668
7957	stop_255_42929	8.738333333333333
18311	8015	11.556666666666667
10016	stop_13_27	5.875
17218	stop_2_4	6.906666666666666
11515	stop_574_304029	7.6
13668	8369	11.725
7504	8297	12.33
13178	12967	10.485000000000001
12988	stop_298_63029	1.5316666666666667
8412	8616	12.118333333333334
18030	17955	11.973333333333333
8787	18128	6.0616666666666665
10470	12347	11.331666666666667
18306	13677	12.3
13674	11237	5.028333333333333
12615	12605	11.004999999999999
9926	7950	16.693333333333335
10492	8352	6.596666666666667
13212	13213	7.875
stop_1488_3329	stop_1492_372619	11.035
8017	stop_12_20	10.471666666666666
10183	10090	10.155
stop_186_7039	stop_568_303219	15.111666666666668
13669	stop_1491_372329	12.068333333333333
stop_267_45919	stop_267_45929	1.6466666666666667
18007	18005	1.57
12952	stop_237_37729	10.468333333333334
8210	18308	5.361666666666666
13808	13930	7.566666666666666
18023	17544	8.25
11951	8644	16.725
9899	stop_338_56919	12.521666666666667
11514	stop_1556_381019	7.541666666666667
10560	stop_221_32529	15.003333333333334
18366	13640	11.873333333333333
stop_302_67919	stop_303_68129	10.756666666666666
stop_290_61019	stop_314_92239	11.403333333333334
8058	17511	15.246666666666666
12950	stop_237_37729	13.843333333333334
9805	10353	8.71
10079	11926	3.0349999999999997
9169	7471	7.508333333333334
12887	stop_425_287129	0.9450000000000001
8098	8104	14.836666666666668
7395	7432	11.785
10559	13631	12.083333333333334
13714	11909	8.378333333333334
12993	stop_298_63039	10.995000000000001
12719	12959	11.705
12953	8537	12.835
17987	stop_273_46529	10.135
17245	stop_1342_364629	9.871666666666666
13183	8362	11.639999999999999
7897	stop_225_36029	1.0933333333333333
7359	18345	12.181666666666667
17951	stop_6_13	9.628333333333334
9705	9704	0.5116666666666666
13706	13042	14.406666666666666
10500	stop_257_43529	11.035
stop_187_7119	stop_189_7339	9.575
7394	12140	6.48
18287	7495	10.895000000000001
18158	11729	8.978333333333333
12861	17247	8.028333333333332
stop_202_12429	stop_203_12549	13.31
17964	stop_1492_372619	10.418333333333333
8084	stop_225_36029	7.428333333333333
8770	stop_571_303729	8.501666666666667
9498	9499	1.2916666666666667
7553	11158	9.55
stop_225_36029	stop_279_57119	7.15
10378	18104	10.461666666666668
10455	10452	8.348333333333333
stop_574_304019	stop_1495_373519	7.593333333333334
stop_189_7349	stop_205_12729	10.328333333333335
13518	11734	9.903333333333334
stop_238_37819	stop_241_38329	11.046666666666665
12069	9865	6.4366666666666665
stop_214_31319	stop_318_96019	11.846666666666666
18357	8522	14.729999999999999
stop_568_303219	stop_852_324239	5.7683333333333335
10045	13954	8.586666666666668
17695	8979	11.848333333333333
8803	8804	0.2966666666666667
17713	stop_1489_127129	10.428333333333335
8906	12070	0.9066666666666666
7596	7591	8.84
13483	13480	0.405
8358	7897	14.011666666666667
9551	12354	18.134999999999998
17271	stop_841_317619	6.295
10991	stop_202_12429	10.048333333333334
12329	10127	8.738333333333333
13443	18237	10.898333333333333
9149	stop_189_7349	1.02
stop_189_7319	stop_852_324239	9.83
7805	12940	12.728333333333333
13389	9714	8.006666666666666
13677	9715	19.313333333333333
8089	8363	8.981666666666666
12009	stop_226_36119	13.975
12885	10115	9.288333333333332
8661	18336	10.826666666666666
8216	12331	18.748333333333335
13689	stop_282_57519	4.798333333333333
17829	8902	3.9366666666666665
13177	13723	9.723333333333333
10175	10176	1.0866666666666667
7970	13738	18.09
13631	stop_311_82329	3.046666666666667
7407	stop_189_7339	11.995000000000001
7512	stop_189_7349	12.895000000000001
stop_1280_364329	stop_1280_364359	0.02
14142	9715	16.086666666666666
17910	12877	9.74
11733	13519	9.945
8236	8243	8.32
12939	17549	8.546666666666665
13324	13325	1.2233333333333334
stop_224_35919	stop_1103_347129	10.915
stop_275_56019	stop_339_62129	21.778333333333332
8135	8161	11.020000000000001
12881	12876	14.78
12861	stop_293_61319	9.83
10062	17775	8.728333333333333
9568	10492	11.865
stop_257_43529	stop_330_254319	11.861666666666668
7462	stop_207_12919	12.503333333333334
17836	7503	15.695
12570	7441	13.386666666666667
12910	13651	10.778333333333334
17585	17589	11.696666666666665
7977	stop_252_42019	15.395000000000001
17560	8327	7.568333333333333
8229	10480	5.406666666666666
17911	12876	6.296666666666667
12363	9875	8.683333333333334
18015	13957	10.208333333333334
8166	12545	13.703333333333335
stop_183_6119	stop_1486_372419	7.166666666666667
8221	8231	6.633333333333334
17687	14022	11.581666666666667
12909	13651	10.791666666666666
7946	8020	5.325
10164	17589	8.618333333333334
12945	8298	12.885
13714	stop_852_324239	4.96
17951	17953	8.151666666666667
13639	stop_204_12619	11.41
8389	18274	12.641666666666667
12954	12953	1.2650000000000001
13481	12573	8.176666666666668
stop_305_71519	stop_307_71829	7.97
11679	11686	4.775
18295	stop_13_26	2.2266666666666666
13948	13958	12.865
9166	7462	14.775
9371	9373	7.930000000000001
13002	stop_298_63019	8.041666666666666
7390	8327	8.443333333333333
11507	12915	1.9866666666666668
12411	12348	9.466666666666667
8906	9049	11.231666666666666
13669	stop_570_303629	11.946666666666665
11248	stop_213_31139	11.548333333333334
9780	9359	5.816666666666666
13679	stop_339_62129	19.576666666666664
7977	18310	17.315
8088	12842	13.604999999999999
11909	12401	5.511666666666667
8118	9899	5.241666666666666
11538	11536	7.505
13722	12958	14.113333333333333
10502	11212	12.051666666666668
7462	13740	11.938333333333333
12948	stop_237_37719	6.45
8238	8201	5.783333333333333
18332	stop_246_40819	11.835
12856	8645	16.823333333333334
13718	stop_335_260829	1.6983333333333335
stop_275_56029	stop_276_56119	6.456666666666666
9968	13822	9.975
7722	10352	3.2333333333333334
7489	7446	5.086666666666667
11008	stop_242_38829	9.966666666666667
7802	8631	10.34
8268	18124	6.183333333333334
12332	13675	6.808333333333334
stop_208_13029	stop_425_287129	19.35666666666667
13715	stop_186_7039	9.888333333333332
11742	10499	6.17
12010	stop_223_35819	7.288333333333333
18244	17918	9.013333333333332
13708	18287	13.095
8599	stop_314_92219	9.75
13862	8910	4.455
9038	11636	10.206666666666667
stop_245_40729	stop_575_304119	13.871666666666666
9648	9651	6.28
10482	13153	10.078333333333335
18334	stop_1552_378519	12.535
17774	12134	15.863333333333333
7971	13058	10.213333333333333
10108	10170	8.246666666666666
17544	17577	6.718333333333334
10724	stop_305_71519	14.768333333333334
18390	7952	14.35
18028	17583	2.3333333333333335
7948	stop_571_303719	11.413333333333332
13409	11463	8.453333333333333
12957	11009	9.818333333333333
7395	12134	10.381666666666666
12996	12350	9.921666666666665
13327	8182	6.821666666666667
12337	8166	18.709999999999997
14127	stop_305_71529	14.496666666666666
10064	7515	15.228333333333333
8801	stop_204_12639	8.875
12316	18024	11.479999999999999
8359	stop_316_94629	15.705
stop_221_32529	stop_1102_347029	5.85
10190	18190	13.45
stop_338_56919	stop_1103_347119	9.358333333333333
8608	12997	6.8566666666666665
9019	9735	4.691666666666666
12893	stop_386_285919	14.465
13070	11540	8.7
12145	8374	7.593333333333334
7964	7970	10.263333333333332
13719	10648	11.641666666666667
7483	7488	4.546666666666667
17892	17964	10.056666666666667
11568	11572	6.301666666666667
10445	13330	19.66
8066	8056	6.2716666666666665
9138	12309	11.085
7434	stop_187_7119	13.116666666666667
10499	stop_273_46529	16.478333333333335
stop_255_42919	stop_259_44919	11.620000000000001
8238	stop_841_317650	12.321666666666665
14140	14156	8.535
11770	13668	5.968333333333334
13665	11508	11.816666666666666
stop_263_45329	stop_265_45719	12.491666666666667
7984	stop_257_43529	11.331666666666667
7385	12302	6.9383333333333335
11628	11629	2.68
10127	13728	6.085
12915	stop_316_94629	8.233333333333333
13653	14006	16.58833333333333
18254	18257	6.238333333333333
10691	17970	12.43
8526	11472	9.58
11588	11574	8.423333333333334
13532	13716	12.46
13628	12595	9.22
12930	stop_323_126229	8.185
13004	stop_840_317519	10.396666666666667
12343	18307	15.578333333333335
8578	8579	0.8816666666666666
12401	stop_189_7329	9.139999999999999
18289	17965	9.813333333333333
13913	9291	4.511666666666667
12335	10110	9.618333333333334
12961	17561	12.21
12854	stop_343_268629	5.33
13535	18366	4.058333333333334
8790	8787	6.458333333333333
10603	13723	8.763333333333332
12841	stop_292_61229	8.745000000000001
stop_222_35729	stop_222_35739	0.9733333333333333
11659	12581	10.518333333333334
8618	17965	13.951666666666666
13180	12845	11.45
10331	10330	1.9883333333333333
8249	9038	5.056666666666667
9965	13821	6.569999999999999
8147	stop_298_63049	12.21
12306	stop_219_32229	14.166666666666666
7951	9147	12.231666666666666
12855	12847	11.953333333333335
11681	11652	24.845000000000002
stop_276_56139	stop_424_287029	11.928333333333335
12846	13037	15.186666666666667
10700	stop_325_136019	3.816666666666667
7366	7365	6.326666666666667
12542	12541	1.5283333333333333
7747	7746	6.5233333333333325
9856	8247	10.001666666666667
12135	12502	5.903333333333333
13906	7430	4.135
18328	18295	2.2
12855	12862	4.886666666666667
13037	12849	10.585
10467	12141	14.273333333333333
stop_294_61419	stop_314_92249	9.778333333333334
13309	9067	6.6466666666666665
8053	11816	8.906666666666666
8000	12323	13.433333333333334
stop_296_62329	stop_424_287029	7.511666666666667
12967	stop_325_136019	11.97
14153	18364	9.123333333333333
10489	10450	6.655
13177	stop_224_35929	10.826666666666666
13708	12954	8.218333333333334
8636	17628	16.55
12850	stop_301_63729	14.911666666666667
8249	9815	0.9766666666666667
13305	8666	11.073333333333332
7420	7399	12.245000000000001
12880	17949	9.566666666666666
8537	12957	1.4533333333333334
13350	7729	5.9350000000000005
18296	8478	12.748333333333333
13720	stop_226_36129	10.313333333333333
17591	12570	13.979999999999999
13179	8088	6.126666666666667
13351	13349	6.201666666666667
7392	stop_570_303619	7.930000000000001
12998	stop_301_63729	7.6883333333333335
12946	7928	6.951666666666667
8341	8340	5.243333333333334
18029	8077	6.283333333333333
13178	13689	12.03
7496	8304	11.181666666666667
10560	stop_1487_373629	13.331666666666667
stop_186_7019	stop_188_7229	11.823333333333332
8253	9045	4.653333333333333
12862	stop_346_269029	6.108333333333333
8190	10706	13.78
10070	7483	17.811666666666667
8415	12516	14.038333333333332
8003	stop_242_38819	14.06
17566	stop_1492_372629	5.8149999999999995
10053	stop_1493_373019	10.058333333333334
7805	stop_318_96029	12.978333333333333
8777	9393	7.673333333333333
8328	stop_183_6129	11.985000000000001
stop_188_7229	stop_322_117329	11.458333333333334
7365	7369	1.4783333333333333
8599	stop_279_57139	11.563333333333333
13899	18304	17.866666666666667
17916	stop_245_40729	8.656666666666666
12862	10313	1.6416666666666666
8894	9866	10.773333333333333
stop_189_7319	stop_204_12629	13.185
18333	7439	12.001666666666667
7478	7483	2.7766666666666664
10476	9753	13.908333333333333
8405	stop_242_38819	6.733333333333333
17478	stop_1493_373019	16.24833333333333
10133	12329	12.635
11615	13400	9.691666666666666
8020	stop_253_42319	9.023333333333333
stop_279_57129	stop_279_57139	0.9299999999999999
18028	7493	8.455
7494	12310	4.541666666666667
13699	10324	11.211666666666668
13065	10274	13.455
13695	stop_255_42929	4.206666666666667
stop_314_92229	stop_314_92259	2.131666666666667
8027	12902	12.07
10848	stop_242_38819	12.095
18030	18144	6.281666666666666
7446	8297	14.056666666666667
18305	13760	9.065
18043	18044	5.338333333333334
8137	10116	14.938333333333333
8128	17955	18.251666666666665
7825	14052	8.366666666666667
17668	17779	8.51
10063	7414	5.985
8906	stop_203_12519	10.223333333333333
12945	11008	8.773333333333333
14028	17718	10.161666666666667
17762	13050	7.341666666666667
7818	stop_213_31139	9.023333333333333
12999	8195	11.888333333333332
9923	stop_253_42319	7.541666666666667
10716	7516	10.526666666666667
8114	stop_314_92259	15.766666666666667
9460	10634	14.868333333333334
7874	11730	6.211666666666667
17283	13664	14.366666666666667
stop_219_32219	stop_222_35719	8.088333333333333
9020	9734	5.165
8020	8015	8.133333333333333
9878	stop_1102_347019	2.2800000000000002
stop_224_35939	stop_225_36029	6.085
13714	stop_204_12629	8.806666666666667
18390	stop_253_42329	8.276666666666667
7492	7444	2.94
14127	stop_841_317639	13.471666666666666
13663	stop_841_317639	2.453333333333333
stop_325_136019	stop_1102_347019	2.8116666666666665
17913	17938	1.4366666666666668
17772	stop_1556_381019	1.4833333333333334
9505	stop_278_57019	14.056666666666667
stop_841_317630	stop_1342_364629	13.41
10694	13846	12.633333333333333
13620	stop_267_45919	13.656666666666666
12939	stop_1486_372439	9.006666666666666
12851	stop_298_63029	6.953333333333333
8053	17810	0.006666666666666667
12330	12328	9.345
12853	11169	12.708333333333334
12340	13398	15.561666666666667
18292	12908	3.8449999999999998
9588	10940	14.031666666666666
stop_298_63029	stop_301_63719	12.711666666666668
stop_782_314129	stop_1487_373619	5.473333333333333
11346	10260	9.888333333333332
7402	12594	10.478333333333333
8077	stop_323_126219	4.608333333333333
17537	stop_1489_127119	11.403333333333334
8018	stop_13_28	11.361666666666668
8801	7432	13.620000000000001
10083	18183	10.388333333333332
10232	10074	13.139999999999999
8104	7822	14.253333333333334
18274	stop_187_7129	13.583333333333334
9645	9647	11.833333333333334
10227	11164	14.801666666666668
8906	12959	3.091666666666667
12298	stop_219_32219	13.608333333333333
13390	13399	9.796666666666665
9465	10635	5.155
11803	11804	6.873333333333333
10114	9142	9.116666666666667
10991	11433	3.9583333333333335
9551	stop_273_46529	1.2866666666666666
11551	11552	9.698333333333332
18390	8021	7.465
18289	17543	3.955
12927	13666	10.163333333333332
13720	8630	10.95
12898	18328	12.823333333333332
10166	13640	9.013333333333332
stop_225_36029	stop_226_36119	7.751666666666667
9166	12868	10.723333333333333
7811	stop_219_32219	6.846666666666667
10346	10487	10.629999999999999
7500	stop_241_38319	13.608333333333333
11306	8084	12.261666666666667
7404	17562	11.235000000000001
7849	14047	13.305
8135	11478	13.443333333333333
stop_275_56029	stop_424_287019	14.391666666666667
8404	stop_237_37729	7.12
stop_311_82329	stop_1487_373619	8.893333333333334
13199	13227	9.016666666666667
7454	stop_199_11229	1.4549999999999998
17408	10379	5.821666666666667
18070	17745	6.77
12883	9978	14.01
10000	10716	15.021666666666667
10164	10050	5.368333333333334
12416	12415	0.5083333333333333
stop_273_46529	stop_274_46619	1.2116666666666667
stop_292_61229	stop_314_92239	6.171666666666667
7721	7720	10.761666666666667
7524	8708	4.923333333333333
12905	8398	25.846666666666668
8403	stop_571_303729	12.955
11761	17619	12.916666666666666
9170	11336	11.639999999999999
8862	18016	13.448333333333332
8358	stop_279_57119	9.973333333333333
8332	8537	4.401666666666667
12994	12987	1.8299999999999998
8221	8365	4.681666666666667
17853	17855	2.48
17282	12847	10.418333333333333
12746	12747	0.795
11515	stop_8_15	13.99
18329	7371	7.056666666666667
10559	13186	7.41
10603	stop_224_35929	8.421666666666667
17274	11336	10.246666666666666
7970	12354	20.236666666666668
8361	stop_282_57529	8.593333333333334
stop_214_31319	stop_782_314119	11.811666666666667
8301	17695	14.168333333333333
8363	8097	11.59
13348	17348	6.191666666666666
9411	9412	0.6583333333333333
17543	stop_1494_373129	6.866666666666666
8336	12901	3.618333333333333
12917	12929	1.8916666666666666
12923	stop_1_1	12.738333333333333
11724	13310	8.613333333333333
7359	12560	16.121666666666666
9932	9939	8.731666666666666
13720	stop_282_57519	9.178333333333335
stop_187_7119	stop_322_117319	17.09333333333333
18013	18016	5.733333333333333
12959	stop_202_12429	7.825
9900	stop_279_57129	5.163333333333333
17417	10401	6.511666666666667
13699	18147	11.911666666666667
18305	9569	14.958333333333334
12909	stop_252_42019	2.1783333333333332
14045	17712	6.985
17668	7492	7.1866666666666665
7984	stop_330_254319	0.775
11802	10630	13.175
stop_189_7349	stop_335_260819	4.758333333333334
11617	12587	5.093333333333334
stop_264_45429	stop_1076_317429	12.54
8526	18237	11.253333333333334
13676	10543	9.615
14029	17713	20.178333333333335
12985	stop_291_61119	1.5733333333333335
12901	stop_255_42919	7.75
7535	7536	4.645
17577	stop_1492_372629	6.358333333333333
stop_196_8719	stop_217_32019	7.681666666666667
12868	stop_574_304019	1.2916666666666667
13058	10511	15.068333333333333
8413	8146	4.008333333333334
7493	8304	9.49
12356	12577	17.238333333333333
7375	17713	7.158333333333333
7836	8894	1.7216666666666667
11655	11686	15.35
9149	stop_322_117329	5.885000000000001
12570	10324	6.958333333333333
stop_335_260829	stop_852_324249	3.978333333333333
8791	12509	11.254999999999999
10209	10594	11.211666666666668
10503	10445	7.069999999999999
18065	stop_2_4	13.45
11747	13234	10.433333333333334
stop_293_61319	stop_1280_364359	14.846666666666666
18293	stop_1_2	10.856666666666666
13385	13314	1.1183333333333332
8661	18254	14.381666666666666
17271	8615	11.246666666666666
8391	9874	11.948333333333332
10700	18274	12.551666666666668
18296	7948	8.84
18311	7948	12.264999999999999
13222	13224	11.665
18243	18239	9.08
7512	stop_322_117329	7.8533333333333335
12909	18310	4.88
12988	stop_299_63229	8.323333333333332
18030	17958	5.4783333333333335
stop_223_35829	stop_225_36019	12.933333333333334
17586	stop_1486_372419	8.536666666666667
17258	14127	15.8
11977	12022	10.153333333333334
10041	12301	9.706666666666667
13025	12915	10.936666666666667
13729	11172	15.993333333333334
18297	12899	7.798333333333333
18328	7948	12.178333333333335
stop_230_36539	stop_232_36829	11.888333333333332
10383	10394	10.131666666666666
13749	13664	5.33
7515	9916	7.828333333333333
8261	9831	11.1
13946	13927	8.803333333333335
17940	stop_207_12919	7.77
stop_1488_3329	stop_1494_373119	13.983333333333333
8017	stop_13_26	13.263333333333332
14028	17381	6.983333333333333
13054	8103	23.508333333333333
7813	stop_221_32529	9.653333333333334
8635	13331	11.631666666666666
8240	10465	7.801666666666667
12931	12932	2.9183333333333334
stop_267_45919	stop_273_46519	6.7316666666666665
12952	stop_240_38219	1.7716666666666667
8088	11306	14.295
7458	8305	7.486666666666666
12996	stop_302_67929	1.5666666666666667
11612	11616	12.35
stop_203_12559	stop_386_285919	11.326666666666666
10055	stop_1488_3329	1.27
13900	13960	11.306666666666667
10648	stop_221_32519	10.176666666666668
10052	stop_1486_372419	16.836666666666666
7960	7961	6.318333333333333
stop_13_27	stop_13_28	1.835
12950	stop_240_38219	9.175
18242	12635	8.475
9169	10991	5.203333333333333
9051	11432	3.6550000000000002
8298	13710	12.93
7820	stop_213_31139	11.610000000000001
13718	stop_1234_362129	13.063333333333333
9001	9485	7.4816666666666665
7930	stop_237_37719	13.185
13689	12840	7.6433333333333335
7395	12457	10.32
12984	stop_314_92219	11.555
13445	11438	2.908333333333333
18295	stop_313_86729	8.918333333333333
13714	12401	9.01
12993	stop_300_63419	2.3983333333333334
12953	8404	7.681666666666667
10109	stop_298_63029	9.416666666666666
13699	stop_1493_373029	18.238333333333333
stop_10_3	stop_237_37729	9.676666666666668
12470	13693	13.256666666666666
9167	7489	9.931666666666667
7381	17587	13.379999999999999
10385	10386	5.0600000000000005
7430	13042	2.15
13433	12505	8.216666666666667
stop_278_57029	stop_321_115419	12.848333333333333
12849	12985	6.098333333333333
stop_214_31329	stop_957_333819	15.771666666666667
18057	stop_199_11219	6.541666666666667
10183	10277	7.671666666666667
10550	10466	6.923333333333333
7511	stop_230_36519	16.91166666666667
14040	11713	10.523333333333333
11913	12966	10.348333333333333
stop_13_25	stop_246_40839	13.101666666666667
17753	17754	0.8733333333333333
11613	11614	9.116666666666667
7971	8768	16.34
12353	stop_267_45929	13.185
18345	13716	13.721666666666666
12881	stop_6_13	8.298333333333334
18357	10135	11.266666666666667
8337	stop_254_42419	9.313333333333333
8803	8859	11.115
12930	stop_276_56129	1.3933333333333333
17713	stop_1491_372329	6.285
12743	12744	0.6466666666666666
9551	11741	16.601666666666667
10991	stop_203_12549	3.2800000000000002
17728	17603	7.138333333333334
7964	9935	18.748333333333335
7936	9926	3.0866666666666664
17911	stop_6_13	13.401666666666667
9149	stop_202_12419	17.266666666666666
13661	12917	8.756666666666666
13081	17986	10.633333333333333
14165	stop_187_7119	6.223333333333333
13717	stop_316_94629	14.061666666666667
7952	7957	8.108333333333333
7950	stop_250_41829	12.806666666666667
18035	7717	7.118333333333334
13370	13357	8.58
12022	stop_568_303219	11.488333333333333
9969	9942	4.378333333333333
10511	18202	13.006666666666666
8363	stop_957_333819	11.08
12845	stop_957_333829	11.573333333333332
9753	stop_572_303819	9.028333333333334
12881	17916	7.906666666666666
9847	17370	0.92
13628	8325	1.6266666666666665
8147	12851	12.264999999999999
8906	stop_852_324219	9.498333333333333
12343	10877	16.62
10602	7897	13.025
9545	9546	0.28
7658	18004	10.72
7368	17965	14.270000000000001
stop_296_62329	stop_297_62429	9.888333333333332
12570	18147	3.0349999999999997
8336	stop_254_42429	5.6850000000000005
12910	18390	6.991666666666666
13724	stop_12_24	9.741666666666667
11509	12928	8.195
12917	17957	10.639999999999999
17911	17916	13.676666666666668
17549	8326	5.081666666666666
8935	17711	22.89333333333333
13630	10233	8.051666666666668
8616	stop_841_317619	7.125
stop_302_67929	stop_334_258229	6.088333333333334
10449	10460	1.5633333333333332
10055	17892	10.991666666666667
14042	7837	11.678333333333335
stop_314_92239	stop_361_282119	7.8533333333333335
10212	17377	15.425
8229	12502	7.723333333333333
9032	10323	15.393333333333334
12352	stop_1_2	13.595
11311	stop_957_333829	9.391666666666667
13639	stop_205_12729	9.125
9147	stop_13_25	10.185
stop_343_268619	stop_344_268719	4.236666666666666
10991	7461	13.526666666666667
14048	11717	9.978333333333333
10700	stop_852_324229	8.82
9149	12022	12.69
13025	12470	2.0683333333333334
14051	13208	10.0
17218	stop_1280_364329	2.3433333333333333
12920	12470	13.16
18363	9875	6.88
10648	stop_325_136029	13.416666666666666
11603	11600	2.0900000000000003
stop_207_12929	stop_232_36819	9.82
11438	18243	9.648333333333333
9166	7459	5.173333333333333
11507	10855	11.933333333333334
13010	8682	6.855
12974	12931	7.345
8769	stop_330_254329	3.381666666666667
7360	10041	9.896666666666667
18244	9149	7.3966666666666665
7512	12022	1.1866666666666668
11248	stop_216_31929	2.621666666666667
18286	7448	13.195
7905	stop_5_10	7.136666666666667
11909	8389	10.651666666666667
8118	12849	11.738333333333333
7668	7666	12.103333333333333
17345	17342	11.175
13167	13168	4.855
stop_183_6129	stop_570_303629	7.28
8128	18144	8.248333333333333
7462	7448	15.745000000000001
8367	10164	3.481666666666667
12948	stop_239_37929	6.7733333333333325
17911	17953	10.128333333333334
12900	12904	8.773333333333333
stop_275_56029	stop_277_56729	8.316666666666666
7722	10496	9.538333333333332
13445	11331	9.995000000000001
17876	18055	6.6066666666666665
13553	stop_196_8719	8.761666666666667
7805	stop_782_314129	13.881666666666666
13715	stop_188_7229	9.071666666666665
8409	8332	8.528333333333332
12470	12860	4.4350000000000005
17247	stop_344_268719	8.633333333333333
7360	11234	10.693333333333333
8599	stop_314_92259	11.748333333333333
10108	8147	8.526666666666667
13701	stop_328_253819	14.315
12932	stop_313_86719	1.9933333333333332
18225	10065	10.705
17674	8730	9.51
10109	13002	4.3983333333333325
12847	12983	13.253333333333334
7577	10819	11.665
10477	10473	1.2466666666666666
10706	stop_304_68229	12.643333333333334
7837	8892	5.698333333333333
11432	7908	14.17
12402	12457	7.39
12948	stop_328_253819	10.821666666666665
13905	12962	12.688333333333333
8118	12970	12.453333333333335
8115	12986	5.618333333333334
7677	7678	5.21
10167	13656	6.796666666666667
7746	17973	15.843333333333334
8369	10838	15.366666666666667
stop_260_30	stop_331_254829	24.2
14127	stop_307_71829	15.076666666666666
13746	8899	12.1
13225	13229	0.9600000000000001
13165	9716	4.64
7504	7447	9.518333333333334
11008	12950	9.773333333333333
18292	stop_248_41329	10.378333333333334
17587	stop_1488_3329	11.471666666666666
7483	18028	10.286666666666667
11234	13656	15.208333333333334
12999	10838	9.768333333333334
9118	stop_6_12	13.513333333333332
13900	stop_323_126219	4.788333333333333
12015	8448	6.6866666666666665
13893	13894	12.35
10142	12330	8.191666666666666
7631	7630	11.063333333333333
10445	8195	12.476666666666667
9138	18155	8.296666666666667
12138	10202	4.525
7434	stop_189_7319	7.253333333333333
8661	18341	13.92
18296	stop_12_20	2.5816666666666666
13054	12967	11.061666666666667
8499	17781	8.028333333333332
7525	7526	10.826666666666666
7399	7398	11.726666666666667
17598	10179	26.09
9051	stop_203_12539	1.6216666666666666
9169	stop_203_12529	7.885000000000001
7964	10500	11.28
18266	18269	9.446666666666665
17778	17835	7.163333333333333
17876	stop_3_6	3.121666666666667
13670	stop_208_13019	8.231666666666666
8369	8539	5.948333333333333
12958	stop_189_7319	10.979999999999999
11420	10848	7.569999999999999
18328	stop_12_20	13.2
7957	stop_331_254819	15.013333333333332
8104	stop_283_57629	4.123333333333333
9454	13370	9.906666666666666
7905	17918	13.075
stop_12_19	stop_12_24	2.7783333333333333
12747	13853	14.706666666666667
11909	stop_1102_347029	14.136666666666667
13358	13359	0.04666666666666666
7908	10648	15.25
13913	13165	12.701666666666666
18045	18036	5.095
10331	13843	9.25
18367	7375	14.551666666666668
8413	11169	7.958333333333333
9966	13684	5.633333333333334
12888	11955	12.066666666666666
stop_1486_372439	stop_1489_127129	12.038333333333332
9118	17914	14.136666666666667
12854	stop_345_268829	7.913333333333333
13535	8661	11.651666666666667
stop_222_35729	stop_224_35929	11.578333333333335
18272	17379	15.951666666666666
11944	9545	3.11
7404	stop_1489_127119	14.004999999999999
7650	8508	15.621666666666666
12962	7432	12.383333333333333
7951	18389	8.633333333333333
8027	stop_12_21	9.191666666666666
13126	8441	18.551666666666666
stop_314_92259	stop_343_268629	9.97
13080	8362	23.06833333333333
13314	10037	13.270000000000001
11433	7511	6.243333333333334
7366	17538	14.155
10016	stop_571_303729	6.251666666666667
13906	13042	3.1533333333333333
18328	12909	6.245
12809	12806	5.036666666666666
10264	13733	10.55
12970	stop_1103_347119	10.305
stop_289_58919	stop_346_269019	5.215
7424	stop_311_82319	10.379999999999999
9169	13053	6.663333333333333
8187	stop_334_258219	7.85
13719	12677	10.555
13865	9498	14.26
17884	stop_273_46529	10.346666666666666
12935	stop_259_44919	9.465
17908	7410	4.885000000000001
7371	stop_1489_127129	13.083333333333334
stop_782_314119	stop_782_314129	1.09
9814	stop_3_7	11.986666666666668
13002	12988	7.0649999999999995
7813	stop_1487_373629	3.56
12931	8710	6.614999999999999
8670	8365	10.316666666666666
stop_1488_3319	stop_1490_366219	6.656666666666666
18366	10037	14.504999999999999
8898	13715	5.444999999999999
13179	8363	11.166666666666666
13906	stop_187_7129	5.721666666666667
8234	18065	12.736666666666668
12849	8112	11.585
12998	stop_303_68129	10.935
8371	18248	14.661666666666667
18029	12964	7.743333333333334
13956	13957	0.03833333333333333
10602	stop_224_35939	6.993333333333334
12595	stop_1489_127129	11.588333333333333
11606	9889	26.205
10211	10039	8.68
stop_186_7019	stop_189_7349	9.195
7460	7504	1.9166666666666667
12907	stop_246_40849	10.956666666666667
13345	11550	13.686666666666667
18281	10484	6.128333333333333
10070	8419	7.621666666666667
12457	13715	10.433333333333334
stop_246_40829	stop_248_41329	12.511666666666667
9138	stop_1492_372629	21.60666666666667
13128	10975	3.8233333333333333
7804	7809	8.821666666666665
9722	18065	12.3
8788	11475	11.031666666666666
12224	13750	6.543333333333334
7365	17537	8.18
17916	stop_246_40849	7.321666666666667
17941	stop_234_37029	8.673333333333334
7931	7983	13.595
7478	8419	13.42
17929	17928	1.3299999999999998
10133	12410	14.225
stop_292_61219	stop_294_61419	11.018333333333334
10108	9547	13.003333333333334
11027	9629	7.1466666666666665
7459	7493	10.235000000000001
10165	17545	11.629999999999999
13669	10052	11.8
8372	17713	13.751666666666667
8027	18080	6.411666666666666
7446	10324	12.07
7746	12541	9.501666666666667
10855	stop_277_56729	10.415
8128	17958	9.351666666666667
8415	9715	9.363333333333333
18080	18312	5.461666666666667
8906	stop_203_12559	9.761666666666667
7905	17910	7.451666666666667
8738	8740	10.066666666666666
stop_189_7349	stop_1234_362119	11.996666666666666
13723	12010	11.431666666666667
8003	7993	13.853333333333333
13226	13228	9.91
18297	stop_248_41319	5.918333333333334
13735	17269	11.326666666666666
18359	10172	16.048333333333332
12868	stop_1495_373529	7.7283333333333335
10716	7421	7.631666666666666
13707	7386	8.966666666666667
8125	stop_277_56719	11.415
17830	9149	12.068333333333333
12938	18285	14.038333333333332
18127	13474	2.175
11715	13302	8.373333333333333
8405	7993	6.533333333333333
stop_219_32219	stop_223_35829	11.885
8020	7948	3.645
10171	10172	1.4200000000000002
13385	13535	4.465
13749	stop_2_4	10.368333333333334
7396	18329	8.481666666666666
12305	stop_1486_372419	11.428333333333335
12898	stop_12_19	6.131666666666666
8492	8494	4.201666666666666
10700	stop_204_12619	14.5
8091	stop_283_57619	12.846666666666666
17986	stop_267_45919	5.821666666666667
17892	8617	4.678333333333333
10872	7538	7.569999999999999
13447	13664	10.053333333333335
13620	stop_272_46429	12.725
9938	10499	4.6899999999999995
11909	stop_335_260829	8.631666666666666
8631	8104	13.53
7379	stop_1486_372419	13.321666666666665
7381	stop_1486_372429	7.086666666666667
13722	stop_852_324249	4.911666666666666
8336	stop_12_19	12.816666666666666
8367	17590	6.465
10001	7417	13.253333333333334
12719	12010	10.43
7402	17546	9.21
9923	7948	7.836666666666667
9030	stop_328_253829	12.695
7462	stop_1234_362129	13.735000000000001
8801	12457	15.621666666666666
7971	stop_272_46429	8.52
11680	11677	9.636666666666667
10232	10080	13.056666666666667
18274	stop_189_7329	14.073333333333332
10445	13637	11.125
12298	stop_221_32529	8.685
8374	8328	9.175
10317	9967	11.963333333333333
12362	12499	2.038333333333333
8799	11955	6.6883333333333335
12442	8153	12.333333333333334
stop_221_32519	stop_224_35919	4.991666666666666
13342	17823	6.6016666666666675
18289	8618	10.053333333333335
12927	12926	6.693333333333333
13720	12840	13.26
8168	13677	10.433333333333334
stop_199_11229	stop_575_304129	10.231666666666666
9013	13030	6.581666666666666
7811	stop_221_32529	11.358333333333333
18285	stop_1486_372429	9.675
11306	8115	11.846666666666666
7849	13236	30.413333333333334
8951	8978	6.236666666666666
8781	8778	6.46
13445	12635	7.566666666666666
13130	11182	7.88
12545	14082	13.423333333333334
7452	8404	10.533333333333333
10000	10062	7.808333333333334
12905	7970	16.193333333333335
8494	8493	4.1433333333333335
7421	7416	8.558333333333334
13202	13203	0.405
10182	17599	16.966666666666665
9030	12356	4.278333333333333
10923	11760	13.631666666666666
8332	8404	7.246666666666667
12320	8402	10.801666666666668
17282	8108	7.4366666666666665
stop_852_324219	stop_852_324229	1.1883333333333332
8367	stop_1494_373129	12.806666666666667
7385	7396	6.558333333333334
7577	13608	23.2
10559	8362	10.386666666666667
13748	12053	10.94
8127	stop_316_94629	14.845
10603	stop_225_36029	10.885
7970	11741	8.263333333333334
8076	12930	7.006666666666666
7432	stop_568_303239	10.788333333333332
13023	stop_246_40839	1.755
7461	7460	8.818333333333333
12932	stop_243_39219	16.336666666666666
8000	stop_243_39229	7.628333333333333
18121	18122	1.1016666666666666
18092	stop_1494_373129	16.333333333333332
18248	9981	3.453333333333333
12910	stop_254_42419	8.308333333333334
7447	7489	3.9866666666666664
18030	stop_276_56129	14.678333333333335
13718	12966	6.721666666666667
stop_222_35719	stop_325_136029	4.831666666666666
18389	stop_250_41829	8.826666666666666
17949	17951	3.07
stop_253_42319	stop_255_42919	12.813333333333333
13740	17668	8.26
18146	10323	6.846666666666667
11251	stop_1494_373129	6.596666666666667
13886	13887	0.375
7971	18170	11.25
11321	stop_957_333829	4.541666666666667
17884	11741	12.328333333333335
17668	7458	7.996666666666667
stop_290_61029	stop_293_61329	13.286666666666667
18207	18208	1.6849999999999998
17538	17539	5.093333333333334
8973	11638	11.278333333333334
12719	stop_568_303239	7.341666666666667
18333	stop_202_12419	15.881666666666666
13260	13657	13.983333333333333
7392	10053	14.94
12985	stop_293_61319	10.223333333333333
11562	13293	9.655
stop_298_63019	stop_299_63219	8.746666666666666
7535	10871	12.91
17790	17789	12.353333333333333
10186	10188	4.826666666666667
11845	11842	1.9
10188	10084	8.266666666666667
14006	14005	0.8200000000000001
12949	8298	5.8566666666666665
13234	17711	12.72
8000	7929	8.985000000000001
10872	17975	5.6483333333333325
12570	7449	16.16
12910	9923	7.391666666666667
12967	stop_311_82329	8.563333333333333
18244	9049	11.231666666666666
8794	8791	6.883333333333334
8670	9504	12.686666666666667
13385	10241	10.253333333333334
7822	12941	7.461666666666667
12604	12615	2.4233333333333333
8234	8220	1.1566666666666667
9470	13168	9.995000000000001
10465	stop_1343_364729	11.233333333333333
18409	12738	12.396666666666667
13667	stop_1280_364339	11.641666666666667
7991	7929	12.233333333333333
10451	10458	7.645
stop_254_42429	stop_255_42929	6.735
8267	8505	16.133333333333333
12718	18274	8.76
13542	13544	4.776666666666667
12909	9923	11.971666666666666
7946	8017	9.455
17310	12577	5.141666666666667
13679	8125	14.211666666666668
stop_223_35829	stop_227_36219	4.915
7803	12316	6.53
13063	13663	1.7916666666666667
18297	13651	6.173333333333333
7386	10166	10.385
12594	8327	12.82
12342	17683	11.611666666666668
7805	8088	19.913333333333334
stop_298_63049	stop_299_63229	7.663333333333333
7533	10872	5.645
13616	stop_272_46419	14.93
13054	13689	26.798333333333336
7813	stop_223_35819	11.088333333333333
8240	8210	8.408333333333333
13851	7609	12.18
10220	10547	8.815
17721	17723	0.8666666666666667
8906	13722	10.918333333333333
10077	10076	4.411666666666666
7822	7820	9.083333333333334
7365	17589	10.783333333333333
13723	stop_225_36019	6.12
10055	stop_1490_366229	4.205
13053	stop_1234_362119	7.116666666666666
13720	13179	4.173333333333334
7781	9408	0.9483333333333334
9935	stop_272_46419	3.621666666666667
14033	10269	5.486666666666666
12941	12306	6.233333333333333
7891	stop_221_32519	8.046666666666667
13699	7483	15.543333333333333
12505	13145	6.355
12353	stop_9_18	9.29
12314	7448	14.688333333333333
17552	12571	13.318333333333333
18065	13713	6.505
8221	13713	12.513333333333332
11555	13106	11.535
12984	stop_314_92259	9.918333333333333
7489	17779	11.0
17545	8617	12.548333333333334
8613	13397	1.3983333333333334
stop_207_12919	stop_208_13019	7.863333333333333
10109	stop_299_63229	12.876666666666667
11079	12401	14.706666666666667
17563	stop_1486_372429	4.925
8604	stop_227_36229	14.276666666666667
10760	11591	9.94
13900	stop_276_56119	12.215
12869	17941	11.068333333333333
17718	stop_1491_372319	10.626666666666667
7985	stop_240_38219	11.879999999999999
12908	stop_248_41329	7.746666666666667
10735	10737	6.451666666666667
11173	11175	1.2183333333333333
7571	17378	20.09
17591	17697	10.318333333333333
12941	10081	3.6733333333333333
17697	stop_1494_373119	13.76
12717	stop_189_7319	9.856666666666666
9171	17877	12.695
13714	stop_186_7039	14.651666666666667
11638	9044	9.81
13695	stop_331_254819	10.53
12141	10157	9.845
stop_323_126219	stop_323_126229	1.8483333333333334
13402	11607	4.89
13260	7509	15.01
14040	8924	5.696666666666667
12353	stop_273_46519	18.27
13653	13688	7.3100000000000005
stop_568_303219	stop_1102_347029	14.073333333333332
7500	7931	10.56
9119	stop_214_31319	0.8966666666666666
13746	18028	16.66166666666667
13179	7893	11.991666666666667
8248	8789	9.573333333333332
18315	10175	3.5016666666666665
9013	11810	26.913333333333334
8359	stop_820_315829	8.95
11914	13791	10.891666666666667
7450	17834	15.473333333333333
13664	stop_310_74719	8.548333333333334
7430	stop_189_7329	11.59
10991	stop_204_12639	9.043333333333333
12419	12403	11.911666666666667
12329	12328	3.565
7964	9938	13.336666666666668
7483	17583	9.26
7496	stop_10_3	12.315
stop_1102_347019	stop_1102_347029	0.5883333333333333
7985	stop_328_253829	9.113333333333333
12961	7402	3.07
12658	11588	8.55
9138	17835	8.69
12854	stop_292_61229	8.738333333333333
18055	stop_310_74719	11.385
13661	8135	9.723333333333333
10028	11592	5.3100000000000005
stop_205_12729	stop_852_324219	11.245000000000001
7951	stop_253_42329	0.91
7950	stop_253_42329	11.561666666666667
7411	7515	9.873333333333333
10592	18309	9.854999999999999
13135	13134	7.566666666666666
13651	stop_250_41819	4.35
7512	stop_203_12539	7.628333333333333
7951	9895	1.3883333333333332
8351	13673	2.816666666666667
8435	13128	10.733333333333333
11311	stop_280_57229	9.563333333333333
9026	18028	1.4666666666666666
12915	stop_820_315829	11.971666666666666
7392	12595	2.4316666666666666
12875	stop_208_13029	12.801666666666668
11679	11661	21.43
13722	stop_204_12639	10.71
12902	stop_253_42329	11.818333333333333
10602	7813	11.593333333333334
17585	17561	9.408333333333333
14029	18257	20.46833333333333
17771	17951	13.506666666666666
12518	stop_841_317650	0.9733333333333333
8000	7999	1.6616666666666666
stop_222_35719	stop_1487_373619	12.053333333333335
7965	stop_342_268529	5.625
10379	17386	6.921666666666667
17560	7368	12.801666666666668
7482	17965	9.661666666666667
11509	13666	3.4616666666666664
13816	8230	11.905
7369	stop_1486_372439	15.028333333333334
7509	12302	11.418333333333333
17914	17949	5.444999999999999
11805	13006	4.54
7929	8299	8.06
11650	8777	18.566666666666666
18343	stop_261_45119	15.278333333333334
13667	stop_343_268619	11.25
9032	7495	7.988333333333333
7951	8021	7.051666666666667
12489	12474	4.168333333333333
7950	8021	5.431666666666667
18276	17379	13.95
stop_299_63219	stop_306_71629	8.916666666666666
8799	7504	13.46
7885	12940	8.458333333333334
11811	11813	10.126666666666667
13063	stop_1343_364719	6.355
13644	14006	11.610000000000001
10096	stop_296_62329	11.435
9916	14166	5.416666666666667
7999	12948	13.858333333333333
12677	8123	12.093333333333334
stop_207_12929	stop_234_37019	16.645
11507	18029	12.354999999999999
11637	11355	7.986666666666666
12967	stop_957_333819	12.34
12974	18295	14.496666666666666
18056	stop_245_40719	12.236666666666668
11807	9013	9.45
11248	stop_219_32229	6.926666666666667
12361	17691	12.946666666666665
18286	7439	10.705
12886	13063	5.676666666666667
7605	7636	8.298333333333334
7738	7744	1.225
17586	17563	4.39
11909	17830	13.131666666666666
9895	8335	14.295
9171	9170	1.5533333333333335
12718	stop_222_35729	8.833333333333334
13149	13130	4.261666666666667
12657	9529	5.2283333333333335
stop_291_61119	stop_314_92249	6.551666666666667
12948	stop_241_38329	1.0466666666666666
8238	12332	20.23166666666667
11708	11709	0.39666666666666667
7722	10354	10.306666666666667
7432	stop_186_7019	5.261666666666667
7368	stop_1490_366219	11.633333333333333
7811	stop_1487_373629	8.945
17965	stop_1488_3319	9.108333333333333
10358	13293	9.691666666666666
stop_208_13029	stop_574_304019	8.301666666666668
8361	stop_782_314129	12.354999999999999
stop_223_35819	stop_852_324249	11.796666666666665
12660	12659	9.673333333333334
10064	13629	10.866666666666667
17892	7441	17.383333333333333
7412	stop_318_96029	14.01
13899	13117	8.125
12934	17861	8.38
stop_321_115429	stop_820_315819	12.71
9980	17717	18.083333333333332
10109	12992	9.813333333333333
13723	stop_279_57139	12.748333333333333
12847	10169	10.604999999999999
17247	12862	8.856666666666666
17560	17713	13.01
11797	12980	12.905
13110	17816	10.78
13862	17896	13.376666666666667
12859	stop_277_56729	15.74
8512	8576	12.428333333333335
7984	stop_1_2	12.151666666666667
10374	10407	7.6483333333333325
13117	13760	1.4849999999999999
18079	stop_253_42319	6.2716666666666665
10043	11234	13.608333333333333
8118	7894	6.866666666666666
10465	stop_841_317639	7.4366666666666665
8220	13686	10.048333333333334
7504	7483	13.468333333333334
stop_12_20	stop_248_41329	8.65
8243	9753	15.293333333333333
18289	10070	11.285
7805	13080	1.5450000000000002
17587	stop_1490_366229	6.468333333333334
8770	12355	9.548333333333334
8389	stop_186_7029	7.516666666666667
12954	12950	13.736666666666668
7840	10957	12.983333333333333
12354	stop_272_46429	12.471666666666666
12358	13398	19.183333333333334
9935	12355	14.285
11433	stop_203_12519	2.1366666666666663
7631	12588	16.946666666666665
10117	8211	10.925
stop_9_18	stop_253_42329	5.421666666666667
7471	stop_322_117329	11.866666666666667
8300	8790	15.628333333333334
12938	12594	9.178333333333335
12926	stop_323_126219	8.6
13447	stop_2_4	7.816666666666666
7525	7532	10.366666666666667
7371	17585	7.78
9904	stop_289_58919	8.898333333333333
8363	12967	15.806666666666667
12929	13760	7.676666666666667
10183	10184	0.7716666666666666
9051	stop_204_12629	7.956666666666666
11816	10943	13.8
17713	17718	12.628333333333334
14045	8934	17.928333333333335
8171	13677	5.303333333333333
13447	10172	13.4
11914	18005	16.404999999999998
8327	17714	10.418333333333333
12368	12326	10.923333333333334
17681	8058	6.915
12304	18285	3.9033333333333333
10407	10371	7.658333333333333
7969	13632	3.2983333333333333
stop_189_7339	stop_568_303219	10.266666666666667
8352	8668	13.776666666666667
12577	12572	34.31166666666666
13672	11478	12.791666666666666
12018	12017	0.6116666666666667
8528	18239	4.903333333333333
13615	13620	3.305
13705	17590	14.725
17549	8328	4.63
12975	9978	13.886666666666667
7964	13632	11.191666666666666
10700	12009	4.505
stop_219_32219	stop_568_303219	11.764999999999999
13673	18362	8.92
18293	stop_342_268519	1.8116666666666668
9608	9609	10.326666666666666
13661	17959	12.181666666666667
12140	12303	13.968333333333334
18335	17591	6.196666666666667
13651	8018	3.415
11433	12959	10.258333333333333
12876	9978	6.581666666666666
12952	8537	4.5233333333333325
stop_285_58419	stop_314_92229	15.733333333333333
13720	11311	6.3966666666666665
11652	8779	12.291666666666666
12943	stop_240_38229	13.203333333333335
9655	9656	5.416666666666667
11563	13350	10.503333333333334
13005	stop_303_68119	4.025
10346	13533	6.085
13930	13929	2.135
8980	11636	16.591666666666665
12899	stop_13_28	5.201666666666667
9169	7472	5.598333333333333
9672	9640	3.0633333333333335
17891	17591	11.883333333333333
13152	11164	15.905
12337	13390	13.21
10245	stop_298_63029	3.3033333333333332
12935	stop_261_45119	11.055
17908	14165	8.328333333333333
13418	8827	3.231666666666667
12962	stop_187_7119	12.095
7371	stop_1491_372329	8.8
10481	10482	11.764999999999999
13855	12744	5.27
7480	7463	12.291666666666666
11331	11336	12.516666666666667
7498	stop_237_37729	10.751666666666667
12516	14082	6.0183333333333335
8327	stop_183_6119	13.165
13898	13409	11.94
stop_203_12529	stop_205_12729	8.74
13671	13666	6.91
stop_1488_3319	stop_1492_372619	10.626666666666667
8898	18320	9.95
stop_325_136029	stop_852_324229	11.483333333333333
12009	stop_219_32219	3.3383333333333334
10602	stop_226_36119	10.958333333333334
12595	stop_1491_372329	13.128333333333334
18289	stop_1492_372619	6.368333333333334
17540	17562	7.275
18030	13900	12.2
12904	stop_252_42019	7.1899999999999995
17829	8844	5.986666666666666
7460	7463	12.498333333333333
stop_279_57119	stop_279_57129	0.9816666666666667
12945	stop_237_37729	8.943333333333333
8021	8769	13.673333333333334
18281	10592	7.9383333333333335
10070	7494	13.07
10139	18308	11.46
11611	11612	0.48833333333333334
17282	17215	14.568333333333333
7891	stop_1487_373619	12.468333333333334
17949	stop_1556_381019	13.85
12333	10127	3.365
12907	18296	9.655
11514	17772	6.37
7803	8632	7.598333333333333
8408	stop_241_38319	5.948333333333333
8618	stop_1492_372619	4.055000000000001
17679	10511	13.448333333333332
7478	7494	13.85
12849	stop_314_92229	9.663333333333332
9041	11638	8.568333333333333
7471	stop_202_12419	12.823333333333332
10062	7423	5.125
13775	13774	0.4683333333333334
13819	10136	7.95
9050	stop_230_36539	10.506666666666666
stop_222_35719	stop_852_324239	6.533333333333333
7809	12940	10.016666666666667
8644	8365	13.33
7530	7535	7.088333333333334
12840	stop_285_58419	9.461666666666668
7459	7503	3.7333333333333334
stop_226_36129	stop_1103_347129	14.158333333333333
11336	11335	1.365
7959	12934	8.255
18290	7495	13.115
13586	stop_279_57129	13.713333333333333
13626	9970	7.096666666666667
13351	8472	11.918333333333333
7525	17971	10.305
12904	18310	9.110000000000001
8906	stop_205_12719	3.006666666666667
17986	stop_9_17	10.365
stop_213_31139	stop_216_31929	9.270000000000001
8003	8298	10.123333333333333
10153	12426	14.588333333333333
11839	11471	6.376666666666667
10630	10631	0.3466666666666667
13186	stop_216_31919	11.058333333333334
17811	12982	21.009999999999998
18306	12545	5.971666666666667
10716	17774	10.626666666666667
18297	18291	3.2449999999999997
8893	9865	3.433333333333333
7680	7683	1.2349999999999999
13809	13928	10.691666666666666
stop_294_61419	stop_344_268729	18.2
10294	10091	12.366666666666667
8405	8298	13.373333333333333
11680	11658	12.421666666666665
9149	stop_852_324239	9.493333333333334
12374	12375	3.8066666666666666
9049	stop_202_12429	13.373333333333333
13385	7359	14.103333333333333
17825	8705	10.663333333333332
stop_187_7129	stop_335_260819	13.871666666666666
8903	17896	7.333333333333333
9899	stop_291_61119	11.42
13002	8315	12.446666666666665
12898	stop_13_25	13.451666666666666
8474	7536	10.423333333333334
7512	stop_852_324239	5.8
7471	12022	7.828333333333333
12302	8327	13.458333333333334
8145	8615	9.781666666666666
10545	12348	13.008333333333333
11802	11803	0.43666666666666665
7960	13738	17.918333333333333
10190	10191	9.629999999999999
9722	10171	10.525
13718	stop_322_117329	4.293333333333334
stop_1280_364319	stop_1280_364359	3.7416666666666667
12975	stop_313_86719	5.293333333333334
9388	17267	11.608333333333333
stop_1490_366229	stop_1491_372329	11.646666666666667
8138	14127	5.138333333333334
8075	11507	10.523333333333333
10156	12427	4.488333333333333
12883	12876	15.671666666666665
8118	stop_224_35949	10.688333333333333
12298	stop_223_35819	2.328333333333333
9504	13674	1.5883333333333334
7496	18287	5.286666666666666
17825	8863	10.661666666666667
10444	10612	11.433333333333334
8074	8076	12.353333333333333
18152	stop_346_269029	6.65
13178	stop_221_32519	12.065
17541	17589	10.903333333333334
17547	8327	6.6433333333333335
stop_221_32519	stop_225_36019	9.751666666666667
12354	12352	6.511666666666667
17706	17577	9.5
11652	11653	7.871666666666667
13719	stop_224_35949	15.878333333333334
12897	7984	7.885000000000001
17416	17412	6.713333333333334
13639	stop_1234_362119	9.629999999999999
18152	10313	11.073333333333332
17258	10465	9.951666666666666
9049	12958	7.943333333333333
13749	13713	9.968333333333334
9980	14073	4.675
11008	11009	0.6616666666666667
13660	13960	12.254999999999999
stop_316_94629	stop_321_115419	4.1466666666666665
13019	13081	5.891666666666667
17567	stop_1488_3329	6.113333333333333
7421	7394	12.698333333333332
17544	17501	9.063333333333333
10733	11164	13.468333333333334
17266	17265	5.001666666666667
9814	stop_1342_364619	8.561666666666667
8862	8858	8.3
9142	stop_305_71519	6.751666666666667
12928	stop_276_56119	6.998333333333333
18023	stop_1493_373029	12.121666666666666
8335	12911	7.133333333333334
stop_227_36229	stop_278_57029	10.895000000000001
18192	18190	6.928333333333333
12959	stop_568_303219	14.058333333333334
11321	stop_280_57229	13.935
12320	9918	19.245
9551	13081	1.3833333333333333
17716	17378	12.173333333333334
8249	8788	12.983333333333333
13538	17715	14.061666666666667
7385	8374	8.718333333333334
13715	18320	10.988333333333333
10673	10670	10.565
13447	8523	7.958333333333333
13658	stop_320_105129	15.938333333333333
8892	8893	3.1533333333333333
11742	stop_342_268529	4.693333333333333
13672	9568	12.593333333333334
13023	stop_250_41819	13.053333333333335
7461	13740	12.293333333333333
17941	stop_203_12539	14.043333333333333
12309	17778	11.756666666666666
12878	stop_233_36919	1.34
18294	stop_257_43529	4.528333333333333
11017	11019	6.191666666666666
18044	11572	18.634999999999998
stop_284_57719	stop_284_57729	1.0183333333333333
17913	8124	11.195
12319	stop_243_39219	11.56
12871	7502	10.893333333333334
7503	7502	7.9383333333333335
10436	9608	13.971666666666666
13400	13414	1.5916666666666666
13073	12233	16.413333333333334
12966	stop_186_7039	9.601666666666667
12335	13728	1.0799999999999998
17576	stop_1492_372619	6.243333333333334
10043	10225	19.235
13740	17778	15.123333333333333
8115	stop_314_92219	9.025
13717	stop_820_315829	1.5783333333333334
7360	13716	3.675
18161	stop_323_126229	1.95
18146	7495	16.061666666666667
stop_303_68129	stop_334_258229	4.673333333333333
13034	stop_189_7329	12.69
10115	10113	9.066666666666666
17600	12542	77.40666666666667
10168	stop_289_58929	8.918333333333333
13667	stop_290_61019	11.818333333333333
stop_240_38229	stop_329_253929	12.371666666666666
stop_329_253919	stop_329_253929	0.6916666666666667
12609	8859	7.218333333333334
7516	7420	3.753333333333333
stop_3_6	stop_1280_364329	12.571666666666665
9026	17583	1.6383333333333332
8973	13249	17.938333333333333
10167	18257	15.68
7392	8325	8.153333333333332
stop_225_36019	stop_1103_347119	8.888333333333332
12531	stop_261_45119	7.338333333333334
13101	13102	7.955
13906	17908	14.59
7386	8373	5.533333333333333
17539	17964	4.6850000000000005
17215	stop_3_7	11.621666666666666
18057	17772	15.543333333333333
8123	stop_321_115419	11.853333333333333
12949	10849	11.483333333333333
stop_310_74719	stop_1280_364339	13.205
7754	7765	0.9450000000000001
7390	12305	4.38
8000	8299	12.063333333333333
11234	18257	12.641666666666667
11433	stop_852_324219	13.261666666666667
stop_296_62329	stop_339_62119	10.286666666666667
13177	stop_214_31329	16.408333333333335
stop_219_32239	stop_222_35729	9.148333333333333
12984	13037	10.57
stop_318_96019	stop_1487_373629	12.125
14013	stop_840_317519	6.026666666666667
stop_203_12539	stop_230_36549	11.978333333333333
stop_230_36519	stop_232_36819	10.843333333333334
10356	13733	22.675
11564	11572	7.803333333333333
8234	8230	12.393333333333334
9587	18162	0.9450000000000001
18299	17399	11.43
13679	8123	4.735
18055	9814	16.29
13848	13849	10.676666666666668
stop_223_35829	stop_230_36549	14.555
11650	9393	19.883333333333333
11507	stop_339_62119	14.126666666666667
8471	8472	0.12333333333333334
8971	11355	5.9783333333333335
10352	10496	10.951666666666666
18202	18170	0.62
13859	13857	11.325
8250	8255	1.9516666666666667
12546	14006	11.746666666666666
12401	stop_852_324219	11.056666666666667
13183	stop_226_36129	8.716666666666667
18329	17549	7.455
12305	17563	12.686666666666667
13616	stop_274_46619	10.185
7813	stop_224_35939	13.49
17560	stop_570_303619	12.92
18294	7962	11.391666666666667
8363	13689	7.776666666666667
13524	10924	3.328333333333333
13216	13211	7.258333333333334
10085	10086	7.048333333333333
stop_214_31329	stop_283_57619	22.33833333333333
13723	stop_227_36219	8.01
10055	stop_1492_372629	10.860000000000001
7379	17563	8.606666666666666
17771	stop_8_16	16.793333333333333
17720	10819	12.528333333333334
8339	8336	14.458333333333334
8317	stop_343_268629	5.5183333333333335
7781	13346	13.923333333333334
8247	8950	17.578333333333333
9935	stop_274_46619	8.973333333333333
7368	stop_183_6129	15.493333333333334
7970	7969	5.591666666666667
13037	stop_314_92249	1.2933333333333332
17543	9139	19.395
13015	8689	11.998333333333333
7891	stop_222_35739	1.2016666666666667
13699	8419	6.0600000000000005
9964	13821	5.1899999999999995
11282	10212	6.5216666666666665
18030	10855	8.110000000000001
12314	7439	8.946666666666665
7930	stop_241_38329	12.213333333333333
7809	stop_318_96029	5.105
18334	17576	10.483333333333333
14049	13302	9.885
7390	stop_570_303619	11.963333333333333
11605	17627	6.318333333333333
11079	8389	10.93
8604	stop_232_36819	12.046666666666665
13036	12849	11.256666666666666
12718	12402	9.535
7964	7965	1.3383333333333334
stop_204_12629	stop_852_324249	5.8533333333333335
7985	stop_242_38819	12.805
17706	17705	3.6983333333333333
stop_6_13	stop_246_40819	9.221666666666666
18341	11234	9.543333333333333
7493	17779	4.676666666666667
17512	17510	4.581666666666666
8405	11008	11.866666666666667
8254	9815	11.091666666666667
12897	7977	8.466666666666667
17697	stop_1552_378519	7.066666666666666
8399	13731	5.91
9166	stop_574_304039	13.688333333333333
13714	stop_188_7229	8.886666666666667
12141	10200	3.4983333333333335
12915	stop_275_56029	7.861666666666666
13952	17626	6.98
12845	stop_283_57629	2.8449999999999998
8248	18127	5.05
13444	8526	9.598333333333333
7413	17762	5.905
7450	8304	10.973333333333333
13587	12970	10.261666666666667
12567	7936	14.408333333333333
13789	stop_245_40729	5.696666666666667
stop_320_105129	stop_331_254829	14.873333333333333
7441	7483	17.238333333333333
17823	13358	7.951666666666667
9923	stop_330_254329	13.245000000000001
8528	17878	10.254999999999999
12961	7390	11.2
7482	12314	4.066666666666666
12615	9890	6.05
9895	stop_9_18	5.760000000000001
8021	stop_9_18	9.956666666666667
17909	stop_203_12529	13.604999999999999
11105	17718	7.463333333333334
7437	18028	11.333333333333334
8115	stop_279_57139	13.123333333333333
13661	18304	16.783333333333335
9489	13433	9.086666666666668
17940	stop_232_36829	1.5616666666666668
12908	7950	12.483333333333333
7951	stop_255_42929	12.593333333333334
7971	stop_257_43519	1.8666666666666667
8442	8448	24.255
10472	9753	12.715
8372	12303	5.623333333333333
13651	stop_253_42319	11.736666666666668
10000	13640	17.438333333333333
8351	12499	12.376666666666667
8435	8441	13.985000000000001
11311	stop_283_57629	14.49
13397	13398	5.808333333333334
stop_291_61129	stop_292_61219	11.818333333333333
7956	stop_9_18	5.91
7523	7531	2.6233333333333335
10039	10045	12.868333333333334
8989	13907	7.041666666666667
stop_225_36019	stop_338_56919	13.046666666666665
10463	10544	4.621666666666667
18366	13656	8.571666666666665
13660	stop_323_126219	5.626666666666667
18155	17835	6.318333333333333
10016	18389	11.555
17585	7381	8.135
18312	stop_253_42329	9.551666666666668
7960	18370	16.186666666666667
8076	17955	17.15
10124	10121	16.903333333333332
12022	17918	5.8116666666666665
17775	13050	6.766666666666667
17215	stop_1280_364319	2.9283333333333332
11509	12926	9.293333333333333
13816	11237	11.67
stop_230_36539	stop_386_285929	3.5383333333333336
13183	8630	7.77
13630	10075	7.66
13960	stop_952_331019	10.24
stop_186_7029	stop_187_7129	5.763333333333334
7929	10848	12.595
13088	11539	8.511666666666667
17939	13671	9.973333333333333
17390	10381	11.311666666666667
13532	13533	3.7883333333333336
7885	17908	13.293333333333333
8414	14082	7.33
13651	8015	12.156666666666666
17539	17544	11.026666666666667
17779	17964	16.843333333333334
17827	10987	4.411666666666666
stop_237_37719	stop_239_37919	11.565
10872	8708	10.341666666666667
7670	13332	8.883333333333333
10940	9583	0.6516666666666667
13062	18065	12.22
13444	11333	14.681666666666667
17540	stop_1489_127119	6.38
8084	8359	10.4
17916	stop_199_11229	11.923333333333334
stop_275_56019	stop_277_56719	8.546666666666665
11913	stop_1487_373619	12.925
7402	stop_1486_372439	10.121666666666666
12886	8238	14.416666666666666
13061	stop_334_258219	10.303333333333335
17705	stop_1494_373129	10.758333333333333
10136	10131	12.645000000000001
12331	12410	15.033333333333333
9895	12901	10.16
13492	12929	8.573333333333332
8498	8499	0.06833333333333333
13628	17562	11.173333333333334
9610	9611	2.8066666666666666
13413	9498	7.225
13018	stop_273_46529	6.426666666666667
7894	stop_224_35929	6.095
17538	stop_1489_127119	12.04
stop_219_32229	stop_782_314119	8.653333333333334
12928	stop_424_287019	14.3
18232	10717	15.196666666666665
9660	9676	9.703333333333335
7432	stop_187_7129	0.735
18035	11189	7.573333333333333
9909	stop_572_303819	6.968333333333334
13936	13935	2.2983333333333333
7414	10345	13.54
18244	stop_203_12559	9.761666666666667
8528	9171	10.433333333333334
13183	stop_282_57519	5.571666666666667
7367	17539	10.245000000000001
stop_189_7349	stop_322_117319	7.635000000000001
12911	18080	11.853333333333333
11909	stop_189_7349	11.183333333333334
9980	11282	8.91
stop_239_37919	stop_239_37929	1.1483333333333334
10065	7421	11.801666666666668
10118	stop_306_71629	13.639999999999999
8355	9569	6.426666666666667
10591	10592	0.5466666666666666
10226	13299	7.956666666666666
7410	7407	13.211666666666668
13239	13227	9.226666666666667
17836	17928	15.813333333333333
18071	17745	6.288333333333333
18079	stop_255_42919	9.91
8770	8398	25.28166666666667
12402	13715	8.961666666666668
18334	17706	12.545
13616	11742	18.928333333333335
18025	7818	14.483333333333333
18030	13114	14.861666666666668
10510	10511	0.16
17760	10262	3.7199999999999998
10015	8002	12.913333333333332
12948	7929	5.213333333333334
11769	10453	11.886666666666667
stop_261_45129	stop_1076_317419	9.395000000000001
7804	stop_213_31119	3.3216666666666668
9505	stop_230_36549	9.548333333333334
18289	18146	20.811666666666667
12321	8399	5.3116666666666665
10092	10440	5.446666666666667
13615	stop_1_1	19.725
13946	13810	15.185
8389	stop_188_7219	5.746666666666667
7825	8923	7.83
13945	13946	0.5700000000000001
13058	12934	17.596666666666668
8089	stop_282_57529	8.561666666666667
stop_9_18	stop_255_42929	11.323333333333332
8300	17695	14.25
10355	12375	7.585
12938	17546	7.16
7525	10872	13.865
7532	17971	15.166666666666666
7885	stop_782_314129	9.511666666666667
8801	12718	12.695
11722	13215	9.911666666666667
9051	stop_207_12919	10.898333333333333
stop_314_92249	stop_1280_364359	10.748333333333333
17724	17856	9.968333333333334
8402	11420	17.141666666666666
9938	9939	9.393333333333334
13669	stop_1486_372419	5.036666666666666
9569	13650	1.3266666666666667
12885	14127	14.526666666666667
17908	18274	7.201666666666667
7905	stop_203_12519	11.686666666666667
12846	stop_294_61419	14.951666666666666
7505	8305	12.046666666666665
stop_203_12559	stop_335_260829	13.961666666666668
18023	10052	9.501666666666667
10407	10370	4.08
13486	stop_13_26	11.671666666666665
8182	13637	4.29
7457	stop_574_304029	9.54
18235	17267	12.908333333333333
14042	17712	7.930000000000001
8352	12364	14.681666666666667
14140	8171	9.541666666666666
8478	stop_9_17	11.821666666666665
12900	12899	8.805
13705	17546	12.883333333333333
10324	8305	15.095
7395	9916	13.645000000000001
13681	10543	11.008333333333333
stop_207_12929	stop_386_285919	15.536666666666667
13801	13812	3.185
12986	stop_291_61119	1.6033333333333333
13905	12457	4.97
10050	stop_1488_3329	9.556666666666667
18332	10016	8.011666666666667
9291	9487	0.855
17386	10392	13.391666666666667
13817	8231	13.889999999999999
7897	stop_221_32519	9.81
8618	17589	11.59
12905	7959	15.264999999999999
13063	8616	6.8516666666666675
12931	13485	12.655
18056	stop_574_304039	12.398333333333333
17283	12861	11.866666666666667
8223	13713	11.676666666666668
13179	stop_225_36019	14.731666666666666
13587	stop_223_35829	9.328333333333335
17245	13664	9.375
12070	12719	9.988333333333333
11105	17381	10.551666666666668
12952	8404	8.979999999999999
13001	10245	5.783333333333333
13720	9899	15.071666666666665
17892	stop_1493_373029	6.4366666666666665
7417	7416	1.4516666666666667
13631	stop_217_32029	11.725
8390	9874	12.081666666666667
12535	8152	32.045
13241	13224	11.943333333333333
8580	17821	13.455
13645	14013	6.846666666666667
18014	12609	5.361666666666666
stop_204_12629	stop_204_12639	0.8766666666666667
13023	stop_199_11219	13.531666666666666
8681	13016	11.389999999999999
18348	13791	12.706666666666667
14049	8887	11.846666666666666
8299	13486	13.488333333333333
12472	12915	10.673333333333334
12852	stop_305_71529	1.9
stop_335_260819	stop_568_303219	7.043333333333334
10594	13680	9.104999999999999
9926	stop_571_303719	9.71
13718	11432	13.928333333333335
13671	12926	11.706666666666667
stop_242_38819	stop_243_39229	13.761666666666667
14166	stop_568_303219	14.046666666666665
11333	11438	12.8
10838	stop_300_63419	14.248333333333333
12880	stop_199_11219	11.57
12009	stop_221_32529	7.483333333333333
8216	10465	10.381666666666666
12855	18152	6.171666666666667
18289	stop_1494_373119	10.076666666666666
8228	10142	13.218333333333334
7959	18293	4.4399999999999995
18161	stop_276_56129	10.438333333333333
stop_203_12549	stop_852_324219	13.561666666666667
18056	11515	13.246666666666666
9895	12353	13.9
8021	12353	13.745000000000001
18281	18309	7.1866666666666665
9932	11741	11.546666666666665
stop_216_31919	stop_325_136019	11.129999999999999
11611	11616	12.261666666666667
13472	9610	5.673333333333333
7893	stop_224_35919	1.8683333333333332
13403	13404	4.006666666666667
11651	8781	13.610000000000001
7520	7529	9.391666666666667
13972	17942	3.731666666666667
8618	stop_1494_373119	9.078333333333335
8337	stop_331_254829	10.486666666666668
13722	stop_187_7119	11.588333333333333
7956	12353	14.543333333333333
8367	17588	11.308333333333334
8299	13710	12.406666666666666
13324	10782	11.014999999999999
7462	stop_202_12419	8.92
13189	17976	6.546666666666667
12145	13657	7.989999999999999
8730	8732	8.51
11807	11809	16.08833333333333
11515	12868	7.733333333333333
7459	7502	11.666666666666666
13183	7811	12.138333333333332
13492	17957	5.778333333333333
7509	7396	9.555
17567	12309	14.143333333333334
stop_279_57119	stop_1103_347119	14.195
10345	13260	9.708333333333334
18306	stop_840_317519	14.055
12575	11732	19.35666666666667
8431	8432	0.35666666666666663
12904	9923	12.998333333333333
8232	10136	7.083333333333333
13076	12233	11.243333333333334
7956	stop_254_42429	9.536666666666667
18297	stop_254_42419	9.756666666666666
8636	7646	11.051666666666668
17824	12304	14.801666666666668
11713	8925	13.685
12881	12323	7.665
9878	7512	12.211666666666668
17377	17376	1.085
18297	12910	10.803333333333335
7891	13723	12.491666666666667
18328	8003	10.113333333333333
12883	stop_6_13	9.223333333333333
17715	17716	2.27
10463	8241	22.113333333333333
10050	17892	13.073333333333332
7390	13706	9.746666666666666
stop_219_32219	stop_226_36129	15.833333333333334
12134	12305	10.545
18244	13722	10.918333333333333
9049	stop_203_12549	0.06333333333333332
7977	9926	5.123333333333333
12441	8699	12.241666666666667
12997	12995	0.23
12139	11171	9.386666666666667
12518	9814	14.216666666666667
17663	17664	12.1
9722	stop_3_7	4.923333333333333
11566	11563	5.756666666666666
13025	stop_339_62119	5.528333333333333
8253	8247	11.786666666666667
8089	12940	11.476666666666667
12718	stop_205_12729	11.286666666666667
7471	13052	11.316666666666666
8345	stop_346_269029	13.476666666666667
11802	13032	11.818333333333333
9704	9689	6.569999999999999
12307	stop_216_31929	11.428333333333335
11546	13105	7.901666666666667
9429	9428	0.375
13302	10956	11.393333333333334
9968	9942	5.316666666666666
12961	stop_183_6129	6.1850000000000005
8350	8351	0.3466666666666667
10448	17584	8.553333333333335
7910	stop_5_10	7.985
11913	stop_222_35739	12.610000000000001
13714	12717	4.986666666666666
12323	stop_13_25	13.006666666666666
stop_1490_366229	stop_1493_373029	12.313333333333333
8345	10313	16.041666666666668
12883	17916	8.831666666666667
8118	stop_226_36129	14.41
12974	12319	11.633333333333333
8923	18385	17.803333333333335
17760	stop_239_37929	4.873333333333333
8798	8799	1.9766666666666666
17566	9139	20.861666666666668
12362	8614	17.365000000000002
18360	17376	12.606666666666666
7411	stop_1487_373629	14.725
stop_221_32519	stop_227_36219	10.303333333333335
10724	stop_299_63219	14.293333333333333
12983	12986	14.898333333333333
10770	18101	13.963333333333333
13205	10665	8.286666666666667
9933	17692	14.368333333333334
7577	17720	8.345
stop_330_254329	stop_571_303719	8.986666666666668
17915	12319	15.32
9024	9022	9.613333333333333
12377	8692	7.756666666666666
8234	8692	5.5216666666666665
18291	8336	10.906666666666666
10561	10562	0.58
stop_314_92229	stop_361_282119	8.526666666666667
12470	stop_339_62129	5.8983333333333325
8412	8147	11.828333333333335
stop_260_30	stop_320_105129	10.243333333333334
9856	9045	7.371666666666667
7809	stop_782_314129	9.345
8137	13002	9.033333333333333
12948	17760	11.598333333333333
12472	12470	1.8483333333333334
14047	13208	6.245
8608	13329	6.791666666666667
13294	13296	0.43333333333333335
17567	stop_1490_366229	10.866666666666667
12145	7509	5.555000000000001
stop_1492_372619	stop_1494_373119	5.5633333333333335
18225	stop_196_8719	1.4283333333333335
8169	14142	8.903333333333334
9983	13731	25.355
8335	13695	8.226666666666667
12070	9149	7.795
13325	13076	6.645
8373	18367	14.135
7371	9980	14.935
18321	7448	14.741666666666667
8644	13713	14.99
11321	stop_283_57629	11.203333333333335
stop_575_304129	stop_1556_381019	7.736666666666666
18057	18056	1.6483333333333334
8249	18128	8.823333333333332
8125	8130	14.283333333333333
7371	17718	15.535
10484	10224	7.176666666666667
17734	10942	2.353333333333333
stop_323_126219	stop_952_331019	8.95
11914	18009	11.991666666666667
8076	18144	9.288333333333332
10700	stop_227_36229	10.611666666666668
7461	7448	13.588333333333333
12585	10694	10.343333333333334
10212	18342	13.551666666666668
10208	11233	9.951666666666666
7804	stop_283_57629	26.046666666666667
17539	7481	13.118333333333334
7488	17836	9.661666666666667
12342	12360	2.5266666666666664
10491	10626	14.366666666666667
13127	11183	13.946666666666665
8214	8780	6.766666666666667
12319	stop_246_40819	11.2
10877	14142	12.110000000000001
13123	12017	14.598333333333333
17576	stop_1494_373119	0.6799999999999999
17788	17787	12.17
13214	13240	6.776666666666667
8115	stop_314_92259	11.023333333333333
8017	stop_250_41819	8.276666666666667
10078	12127	12.75
18367	18265	6.256666666666666
7412	11079	12.788333333333332
13667	stop_292_61219	7.680000000000001
11816	11810	11.104999999999999
9374	13558	5.3566666666666665
9504	10135	9.75
7516	7413	5.276666666666667
stop_3_6	stop_1342_364629	14.136666666666667
7400	7432	9.963333333333333
8245	10473	10.838333333333333
11717	12461	6.451666666666667
10116	11169	10.225
8124	17954	8.543333333333333
8146	12853	13.555
13644	13688	5.323333333333333
10095	stop_296_62329	12.513333333333332
13906	11079	10.639999999999999
stop_852_324249	stop_1102_347029	10.251666666666667
7519	13049	16.055
8103	stop_214_31319	18.791666666666668
10166	13656	5.828333333333333
7741	17973	14.65
10016	8021	13.266666666666667
11537	9740	4.194999999999999
8000	10848	14.396666666666667
13425	11628	11.368333333333334
13478	13481	11.456666666666667
8440	8441	8.098333333333333
8906	11977	5.026666666666667
12942	stop_10_3	5.905
12905	stop_571_303729	10.22
12939	13034	12.746666666666666
10164	17543	11.25
14029	17379	11.2
14020	14019	7.033333333333333
stop_216_31929	stop_226_36119	14.073333333333332
10574	10609	13.276666666666667
8498	17781	8.096666666666668
7531	8709	12.831666666666667
18294	17690	11.996666666666666
11281	18257	23.841666666666665
7542	8935	8.223333333333333
17660	17663	7.25
10352	10354	11.966666666666667
13124	9756	10.965
12504	7597	14.663333333333332
10648	stop_1102_347029	11.058333333333334
13719	stop_338_56929	2.8016666666666667
12594	7368	6.543333333333334
11321	13180	4.808333333333334
7805	stop_311_82319	14.175
17781	17782	0.21666666666666667
18329	7375	7.171666666666667
8229	11164	12.396666666666667
10463	12415	9.128333333333334
8361	8363	9.013333333333332
7818	18232	13.531666666666666
8195	stop_303_68129	11.01
17549	stop_1489_127129	13.629999999999999
stop_189_7319	stop_189_7349	0.6833333333333333
18248	7375	14.513333333333332
8317	stop_345_268829	7.868333333333334
stop_187_7119	stop_570_303619	11.948333333333332
8130	18161	3.8133333333333335
17414	17417	3.83
7498	12948	13.656666666666666
13802	18271	7.2283333333333335
7891	stop_224_35929	11.806666666666667
13699	7494	10.771666666666667
18030	18029	5.7733333333333325
7446	8419	9.196666666666665
stop_213_31129	stop_318_96029	13.031666666666666
10131	12410	4.451666666666667
17344	17345	3.1116666666666664
17884	17691	15.166666666666666
10313	stop_11_23	11.903333333333334
stop_12_24	stop_248_41329	9.008333333333333
11079	17830	13.438333333333333
17563	stop_1490_366219	12.861666666666668
8412	9547	12.993333333333334
12985	stop_314_92249	6.4816666666666665
18359	10550	9.108333333333333
10545	12582	4.973333333333333
10716	10717	1.875
12852	10115	1.5833333333333333
18341	18336	5.086666666666667
stop_203_12529	stop_1234_362119	10.968333333333334
12989	12999	13.451666666666666
12134	12145	2.0966666666666667
18157	7874	7.985
12009	stop_1487_373629	6.191666666666666
12987	stop_424_287029	8.146666666666667
8090	stop_213_31129	19.558333333333334
18389	18079	13.596666666666666
9171	18243	13.925
8182	12346	10.963333333333333
11699	11747	0.7733333333333333
13714	stop_189_7349	4.816666666666666
18232	13554	11.058333333333334
8166	12688	6.46
7396	7386	2.5900000000000003
12915	stop_277_56719	1.0533333333333335
8032	12902	5.318333333333333
12312	stop_1493_373019	12.155
7411	13629	4.798333333333333
12845	stop_285_58429	12.633333333333333
13179	11248	13.135
7407	stop_570_303619	9.333333333333334
13587	7894	8.818333333333333
8789	18127	5.9366666666666665
18304	10569	6.458333333333333
13789	stop_246_40849	1.8183333333333331
18282	10484	5.555000000000001
7441	8419	6.723333333333333
8419	9026	2.5416666666666665
11909	stop_322_117329	11.206666666666667
8056	11798	8.333333333333334
13789	12907	11.811666666666667
11663	8429	7.116666666666666
7482	10070	12.018333333333334
9895	stop_12_19	11.726666666666667
11913	stop_204_12629	11.491666666666667
10480	10227	7.55
17940	stop_234_37029	8.54
8252	8790	15.416666666666666
7444	17834	5.283333333333333
10849	stop_13_27	12.233333333333333
10123	12411	9.22
stop_291_61129	stop_294_61419	4.925
10056	17590	12.831666666666667
stop_203_12559	stop_1234_362129	11.526666666666667
11105	18272	11.456666666666667
12304	17546	9.051666666666668
13838	9637	10.538333333333332
13644	12546	11.068333333333333
8168	8384	7.069999999999999
10300	10302	7.6866666666666665
8097	stop_213_31139	21.94333333333333
18312	stop_255_42929	3.7783333333333333
8192	8538	9.293333333333333
17245	stop_2_4	4.973333333333333
8362	8103	10.125
8076	17958	10.348333333333333
13141	11447	11.848333333333333
13663	14127	11.733333333333333
10490	8369	13.291666666666666
11812	11814	8.860000000000001
9714	13398	15.168333333333333
12984	stop_345_268819	12.088333333333333
7893	12010	11.636666666666667
17695	18128	4.116666666666666
17215	stop_1342_364619	7.013333333333334
10108	stop_296_62319	11.418333333333333
stop_207_12919	stop_233_36929	13.691666666666666
9709	9705	9.545
13183	12840	14.373333333333333
12545	13677	6.328333333333333
13662	11237	4.48
7452	13708	13.65
stop_186_7029	stop_189_7329	9.54
17416	10392	6.1033333333333335
18056	stop_1556_381019	15.081666666666667
7804	10081	11.298333333333334
7948	stop_12_20	8.495
13738	13632	17.908333333333335
13651	7948	7.558333333333334
11306	stop_225_36019	15.448333333333332
7369	8367	8.486666666666666
12897	stop_571_303719	1.2283333333333333
18202	stop_257_43519	12.121666666666666
12718	stop_1102_347019	9.828333333333335
7999	8404	10.165
stop_237_37719	stop_241_38319	7.055000000000001
17588	stop_1486_372439	12.746666666666666
12717	stop_222_35719	7.7266666666666675
8002	13486	5.473333333333333
8788	8978	11.318333333333333
13260	7360	12.738333333333333
14155	14156	0.8533333333333334
13678	13677	6.6466666666666665
8801	8906	3.9016666666666664
8057	17511	8.316666666666666
13037	9540	15.754999999999999
12949	stop_237_37729	12.963333333333333
10080	11926	3.7666666666666666
13639	7471	5.508333333333334
13706	7367	15.845
8266	18100	12.5
12331	10145	12.071666666666665
9895	7956	7.92
8328	stop_1486_372429	6.843333333333334
10560	13631	12.305
10991	stop_230_36539	13.135
stop_257_43529	stop_273_46529	13.933333333333334
13718	11909	6.933333333333334
9389	9388	0.3516666666666667
8018	12911	13.243333333333334
13186	8362	15.348333333333333
12657	12658	10.41
7894	stop_225_36029	0.49333333333333335
7461	stop_1234_362129	13.801666666666668
17950	stop_6_13	9.75
7953	8337	3.4016666666666664
stop_6_13	stop_575_304129	7.033333333333333
stop_187_7129	stop_189_7339	9.596666666666666
18232	10063	9.728333333333333
9904	17247	4.17
13586	stop_230_36539	16.885
stop_203_12519	stop_203_12549	1.4583333333333333
18244	stop_205_12719	3.006666666666667
17965	stop_1492_372619	10.326666666666666
13106	13107	0.25166666666666665
18128	11474	8.471666666666668
13073	13324	2.105
10402	18104	10.513333333333332
12718	9878	7.715
7490	17668	3.185
stop_239_37919	stop_241_38329	5.428333333333333
17833	11734	9.736666666666668
10065	17774	9.889999999999999
13161	9720	9.868333333333334
13789	stop_575_304119	12.425
17680	18170	12.628333333333334
13705	17588	8.545
stop_12_19	stop_248_41319	6.741666666666666
7493	7458	13.296666666666665
13910	13918	2.36
7410	13034	13.871666666666666
17714	stop_1489_127129	9.805
12570	7494	13.408333333333333
8359	7897	14.106666666666666
9120	stop_282_57519	18.333333333333332
14049	10956	4.505
18033	11187	7.680000000000001
10444	12368	8.545
7744	12542	10.389999999999999
9716	9720	5.2283333333333335
10497	17508	9.448333333333332
10116	12852	5.136666666666667
8130	17956	8.223333333333333
14041	14053	0.9049999999999999
10015	9147	12.045
13307	9067	7.491666666666666
7804	stop_214_31329	4.163333333333333
12842	stop_282_57519	9.66
13178	13723	8.620000000000001
17908	stop_311_82329	15.195
8362	stop_213_31119	24.873333333333335
12321	8402	12.346666666666666
13062	10171	11.821666666666665
8389	stop_189_7339	11.491666666666667
8298	18310	12.295
18332	stop_13_25	2.1166666666666667
12966	13715	1.2533333333333334
stop_1280_364339	stop_1280_364359	3.381666666666667
7960	11741	8.481666666666666
13004	9490	6.383333333333334
10240	11842	1.6816666666666669
10559	7885	11.020000000000001
13527	13519	0.795
12938	17549	7.611666666666666
12401	stop_568_303239	4.3516666666666675
11009	7929	9.291666666666666
13479	13480	5.171666666666667
7532	17976	15.0
12923	9923	12.513333333333332
8801	9050	14.688333333333333
8402	18311	12.896666666666667
stop_226_36119	stop_227_36219	10.513333333333332
9569	10492	12.048333333333334
11660	11663	9.778333333333334
8374	12304	6.665
7458	7503	0.62
18191	10606	11.573333333333332
9541	14127	13.383333333333333
7905	stop_203_12559	12.168333333333333
13724	13651	12.083333333333334
17586	17589	11.961666666666668
11909	12022	12.635
17561	8327	6.901666666666667
10560	stop_216_31919	4.3966666666666665
8776	9393	8.281666666666666
8168	12545	14.413333333333332
12349	17412	18.09
stop_183_6129	stop_1486_372419	6.63
11629	17896	2.7883333333333336
18147	10323	5.988333333333333
13639	stop_322_117319	15.783333333333333
8294	12837	10.898333333333333
10606	10607	0.5850000000000001
10823	10897	2.98
12900	13651	11.233333333333333
10165	17589	9.001666666666667
13705	17549	13.218333333333334
13718	stop_852_324239	4.525
17950	17953	8.003333333333334
12986	stop_293_61319	9.156666666666666
10050	stop_1490_366229	12.183333333333334
13377	13360	13.178333333333335
8579	8581	7.805000000000001
7964	stop_272_46419	17.513333333333332
13817	9504	2.0
13432	11686	14.56
stop_305_71529	stop_307_71829	8.001666666666667
9035	18290	13.236666666666668
18292	stop_13_26	1.9166666666666667
11749	17856	10.514999999999999
9167	7462	14.338333333333333
10052	17589	6.505
17283	12983	11.57
10244	stop_298_63019	3.2216666666666667
12869	12870	2.033333333333333
9542	8615	11.9
stop_5_11	stop_203_12529	12.841666666666667
17330	13754	10.195
13587	stop_224_35949	10.133333333333333
12070	9049	11.991666666666667
12952	11008	7.485
12967	12941	5.92
7450	9034	12.668333333333333
9815	9041	8.466666666666667
12718	stop_335_260819	5.171666666666667
8137	stop_299_63229	11.993333333333334
7417	7394	5.821666666666667
11913	12401	4.236666666666666
9900	9899	0.7316666666666667
11951	9753	7.755
10456	10458	12.166666666666666
8692	13713	0.81
12594	stop_1491_372319	13.415
13152	8780	6.068333333333333
12323	stop_313_86719	7.713333333333334
8217	8201	6.308333333333334
17908	12402	11.096666666666666
17713	stop_1486_372419	13.254999999999999
12852	stop_307_71829	9.85
10355	10352	6.468333333333334
7805	7817	12.438333333333333
12329	13675	1.2233333333333334
10504	13329	15.533333333333333
9149	stop_186_7039	10.238333333333333
7596	12749	22.171666666666667
12009	stop_223_35819	8.171666666666667
10040	10225	11.389999999999999
9138	18028	12.091666666666667
8216	8210	11.036666666666667
12942	18287	13.011666666666667
10687	8910	9.658333333333333
13850	7609	10.895000000000001
18289	stop_1552_378519	13.19
7959	13058	10.731666666666666
17918	stop_386_285919	12.233333333333333
17258	stop_307_71829	9.995000000000001
12871	stop_574_304039	3.6333333333333333
7411	7424	0.875
17501	18155	17.355
17543	17577	6.328333333333333
11169	stop_305_71519	14.091666666666667
12333	12328	7.9350000000000005
7893	stop_225_36019	6.46
8672	stop_316_94619	6.841666666666667
8090	stop_284_57719	16.446666666666665
17778	17583	3.6199999999999997
stop_2_5	stop_3_7	2.9516666666666667
13720	12970	14.31
11589	11588	1.6933333333333331
9490	12350	8.676666666666668
8478	13695	2.1033333333333335
13722	stop_189_7319	9.783333333333333
18335	17964	11.713333333333333
9973	13626	1.175
12338	8166	19.44333333333333
14130	stop_305_71529	15.273333333333333
8123	stop_276_56119	14.271666666666667
8898	stop_204_12639	10.28
8768	stop_571_303729	10.653333333333334
17566	18334	12.96
8645	8233	19.168333333333333
stop_222_35719	stop_1102_347029	2.506666666666667
8791	8788	15.361666666666668
13074	11540	8.978333333333333
7412	17765	10.03
7509	8374	11.726666666666667
7965	7970	8.935
17891	17964	10.166666666666666
11569	11572	7.575
17541	17587	5.328333333333333
17401	17399	0.8416666666666667
10345	10487	10.866666666666667
9139	12309	11.848333333333333
18296	7946	6.04
10500	stop_273_46529	16.363333333333333
8217	stop_841_317650	11.889999999999999
8431	8436	18.195
18341	13716	14.4
13080	8630	26.495
17824	12302	6.495
7968	18202	5.791666666666667
stop_285_58419	stop_343_268629	6.701666666666667
18328	7946	9.32
13693	stop_316_94629	8.623333333333333
8408	12949	11.754999999999999
9062	13307	10.016666666666667
12546	13688	5.745
stop_338_56929	stop_339_62119	11.629999999999999
14044	14046	11.206666666666667
12964	stop_323_126229	6.92
9035	12943	7.378333333333333
8358	13719	0.81
12934	stop_267_45929	12.333333333333334
8335	stop_12_24	12.104999999999999
12997	12996	12.336666666666668
7450	stop_10_3	12.033333333333333
12328	10110	10.618333333333334
12962	17561	12.291666666666666
13697	8698	33.575
stop_1487_373619	stop_1487_373629	1.5599999999999998
13533	18366	2.07
8317	stop_292_61229	8.415
8058	8057	8.548333333333334
12298	stop_1103_347119	8.911666666666667
8190	stop_301_63719	10.453333333333335
8072	8339	11.811666666666667
8128	18029	1.4283333333333335
13179	12845	11.315
9878	stop_222_35739	1.075
11612	8862	11.775
12860	12928	21.383333333333333
12307	stop_219_32229	13.478333333333333
8027	9147	11.933333333333334
12856	12847	13.648333333333333
8350	13673	3.1633333333333336
13669	17563	9.74
8778	10770	12.335
11653	12581	14.481666666666666
12877	stop_208_13029	15.793333333333333
18235	11335	12.448333333333332
7367	7365	4.816666666666666
12856	12862	6.921666666666667
17541	17561	8.898333333333333
17760	stop_241_38329	11.078333333333335
17501	stop_1492_372629	10.973333333333333
13639	7512	12.49
17810	11816	8.913333333333332
7931	12323	13.183333333333334
18073	17682	7.4816666666666665
8669	8243	14.585
12488	13957	4.266666666666667
stop_297_62419	stop_424_287029	10.95
9138	9139	0.855
14154	18364	9.96
13178	stop_224_35929	9.723333333333333
12942	12954	4.173333333333334
8635	9889	4.430000000000001
10497	9546	12.016666666666667
8974	9045	3.731666666666667
8247	9045	14.81
7419	7399	13.143333333333334
17915	17949	6.305000000000001
11420	stop_241_38329	10.503333333333334
18291	8478	10.453333333333335
10559	stop_226_36129	11.943333333333333
17478	12570	15.131666666666666
9657	18331	7.0183333333333335
12841	8317	6.943333333333333
12490	12474	4.06
stop_213_31129	stop_782_314129	13.935
12594	stop_570_303619	11.246666666666666
12999	stop_301_63729	9.558333333333334
12298	10602	1.8216666666666665
8801	stop_202_12429	11.57
8137	12992	14.291666666666666
8342	8340	6.8100000000000005
12948	7928	6.614999999999999
13701	8304	11.68
8608	10706	12.068333333333333
18294	stop_1_2	10.479999999999999
8015	stop_252_42029	8.81
8429	10723	5.413333333333333
17567	stop_1492_372629	4.6899999999999995
stop_318_96029	stop_782_314129	6.183333333333334
17218	17245	2.6
stop_1492_372619	stop_1552_378519	15.014999999999999
stop_189_7319	stop_322_117329	6.221666666666667
12931	stop_245_40729	10.35
13717	stop_277_56719	10.853333333333333
18321	7439	12.971666666666666
13665	stop_277_56719	8.575
7448	7483	4.043333333333333
10274	9753	10.93
7983	stop_242_38819	4.118333333333333
10140	12329	11.345
10354	10356	6.461666666666667
11800	10631	5.406666666666666
17778	7493	2.7483333333333335
18207	18209	8.315
17321	11172	16.2
12521	stop_841_317630	2.9949999999999997
10127	10125	6.296666666666667
10631	12980	15.491666666666667
7492	12310	1.8133333333333332
12870	stop_574_304029	5.543333333333334
10169	stop_289_58919	9.08
17539	7441	15.186666666666667
18304	13760	11.286666666666667
18042	18044	4.833333333333333
11794	8053	3.7883333333333336
12401	stop_186_7019	12.360000000000001
12410	12335	13.42
8138	10116	8.405
7828	14052	8.893333333333334
7424	stop_217_32019	14.846666666666666
8419	17779	5.043333333333334
12959	17918	7.588333333333334
12070	stop_203_12519	10.983333333333333
12961	7392	8.226666666666667
9120	stop_213_31129	6.718333333333334
17576	stop_1552_378519	9.138333333333332
8089	stop_782_314129	12.629999999999999
stop_222_35739	stop_852_324249	8.531666666666666
12841	stop_285_58429	1.3616666666666668
8017	stop_253_42319	10.85
10717	7516	9.2
8801	12958	6.741666666666666
7957	12352	13.815
8308	13398	8.563333333333333
13053	stop_203_12529	11.545
13667	stop_294_61419	10.248333333333333
9965	10318	7.3966666666666665
stop_219_32239	stop_1102_347019	7.651666666666667
9035	9032	9.248333333333333
7516	17762	9.743333333333334
9021	9734	3.9183333333333334
18335	17544	4.288333333333333
10480	17342	8.208333333333334
13114	13760	1.4933333333333332
18080	stop_253_42319	7.173333333333333
stop_224_35949	stop_225_36029	3.9566666666666666
13718	stop_204_12629	8.533333333333333
10095	stop_298_63029	9.423333333333334
13554	stop_217_32019	15.016666666666667
12898	12908	7.886666666666667
14130	stop_841_317639	12.848333333333333
10468	stop_841_317639	6.5649999999999995
13543	10787	11.82
17311	12573	38.77833333333333
10394	10386	4.298333333333333
8135	17959	13.465
stop_841_317639	stop_1342_364629	13.19
10825	13846	7.803333333333333
10223	10220	4.331666666666666
18056	stop_199_11219	6.0649999999999995
12850	stop_298_63029	8.396666666666667
7737	9805	11.811666666666667
13183	11311	10.095
12325	13398	17.96333333333333
7952	stop_9_18	13.481666666666666
17584	12403	10.606666666666666
10164	8618	5.145
7400	stop_187_7119	9.541666666666666
10220	10260	14.72
18389	stop_13_28	12.656666666666666
stop_345_268819	stop_345_268829	1.0483333333333333
8898	7432	13.525
12946	12952	4.361666666666666
10116	8616	13.389999999999999
12860	12994	11.035
12070	12959	2.185
9722	stop_1342_364619	15.595
10090	10085	2.075
10602	stop_219_32219	11.851666666666667
14042	8934	17.46333333333333
12305	7379	10.503333333333334
11321	13183	5.1033333333333335
7780	13375	6.038333333333333
17684	8058	6.569999999999999
11550	11552	9.753333333333334
10053	stop_1489_127119	11.051666666666668
12992	stop_300_63429	9.264999999999999
11515	stop_208_13019	14.138333333333332
12943	8405	12.326666666666666
13027	13028	1.1016666666666666
12928	13666	11.261666666666667
12888	stop_233_36919	11.986666666666668
10559	8630	13.283333333333333
13341	13774	5.358333333333333
13705	stop_1486_372439	11.513333333333332
8361	stop_311_82319	15.356666666666666
18314	18328	12.273333333333333
12301	10331	5.286666666666666
9167	12868	9.504999999999999
12940	stop_219_32219	8.746666666666666
stop_189_7329	stop_568_303219	9.514999999999999
13899	12917	9.84
7998	stop_241_38319	12.7
17549	stop_1491_372329	9.026666666666667
10694	12743	15.231666666666666
7392	17562	10.786666666666667
13216	11700	16.15
stop_189_7319	stop_202_12419	17.316666666666666
7931	8409	13.22
8584	11478	13.913333333333332
stop_276_56119	stop_424_287019	14.336666666666668
8405	stop_237_37729	7.161666666666666
8187	14082	8.854999999999999
17566	7368	15.681666666666667
12232	12233	0.5416666666666666
12932	18328	8.203333333333333
17414	10379	2.26
7459	7490	3.915
10165	10050	3.98
stop_293_61319	stop_314_92239	4.0633333333333335
8387	10680	7.1033333333333335
8537	stop_241_38319	6.8133333333333335
13699	17836	10.648333333333333
10015	stop_250_41829	10.191666666666666
11760	17619	13.838333333333333
8668	18362	7.175
18030	12930	13.285
stop_6_12	stop_245_40729	9.145000000000001
7446	7494	6.496666666666667
10131	10145	12.883333333333333
7625	11618	4.258333333333334
13631	stop_1487_373619	7.808333333333334
stop_263_45329	stop_1076_317419	9.746666666666666
11020	11023	7.510000000000001
17552	17478	4.3933333333333335
8359	stop_279_57119	10.17
18320	stop_189_7339	10.525
12904	8403	11.703333333333335
8906	stop_189_7329	7.196666666666667
stop_189_7349	stop_852_324229	9.555
12945	8537	4.301666666666667
13080	7811	11.816666666666666
8243	8365	4.3983333333333325
18314	12901	11.861666666666668
18161	13114	8.25
18285	7371	5.7733333333333325
7998	stop_329_253929	14.253333333333334
10560	13186	6.661666666666666
10716	10063	8.729999999999999
7891	12298	5.591666666666667
8731	8734	8.99
13011	11809	26.248333333333335
stop_425_287129	stop_574_304019	12.516666666666667
18127	9038	12.363333333333333
14045	7837	11.966666666666667
7952	12901	2.105
7971	stop_1_1	7.986666666666666
11727	13310	9.133333333333333
9120	stop_318_96019	11.291666666666666
7407	17830	0.0
11332	11336	13.623333333333333
10559	stop_282_57519	11.085
stop_187_7129	stop_322_117319	17.115000000000002
8604	13587	14.843333333333334
8899	18288	5.663333333333333
9899	stop_279_57129	5.3516666666666675
10015	18311	3.5683333333333334
8523	8522	1.5016666666666665
12306	stop_318_96029	10.031666666666666
10081	stop_318_96029	4.375
18304	9569	15.148333333333333
12900	stop_252_42019	1.8783333333333334
14054	17712	8.463333333333333
18282	10592	7.47
8419	7492	11.03
11909	stop_325_136029	11.358333333333333
12330	10127	4.775
13951	13957	9.45
11618	12587	4.886666666666667
8528	18237	12.121666666666666
13912	13919	1.1483333333333334
8746	13928	8.916666666666666
13749	12378	12.956666666666667
11571	18039	10.521666666666667
8252	17695	13.465
12931	8002	15.471666666666666
7444	8304	9.863333333333333
18009	18007	5.968333333333334
10114	10118	4.493333333333334
stop_230_36519	stop_386_285919	3.1550000000000002
7837	8894	1.875
11311	stop_290_61029	11.581666666666667
7523	7535	8.389999999999999
10039	10594	8.956666666666667
stop_293_61329	stop_1280_364359	14.773333333333333
8399	7968	8.153333333333332
stop_13_25	stop_13_27	2.0166666666666666
7811	stop_213_31129	12.458333333333334
13100	11541	11.808333333333334
18291	7948	10.729999999999999
8630	12842	7.516666666666667
13341	13344	0.525
18242	18239	8.936666666666667
12900	18310	4.031666666666667
11105	14029	13.778333333333334
12366	14013	3.555
18332	stop_313_86719	6.72
13821	13822	0.51
18344	stop_1076_317419	11.168333333333333
12984	stop_361_282119	14.918333333333333
stop_224_35919	stop_225_36019	5.468333333333334
8780	13300	14.15
13714	12022	9.433333333333334
9434	9751	11.588333333333333
10261	12347	5.4816666666666665
13334	9778	4.971666666666667
7452	12953	10.395000000000001
18295	7948	14.32
stop_230_36549	stop_232_36829	12.82
17393	10394	5.056666666666667
8625	13664	1.09
12571	17310	11.646666666666667
12351	10612	4.760000000000001
13443	11334	15.156666666666666
7948	stop_13_26	14.331666666666667
7666	7678	0.19666666666666668
17706	17501	7.791666666666667
12885	10465	10.415
stop_267_45929	stop_273_46519	5.085
18290	9030	12.536666666666667
12718	stop_1234_362119	14.491666666666667
9490	stop_302_67929	7.91
17588	stop_1488_3329	11.601666666666667
12717	stop_223_35829	12.466666666666667
10351	12240	13.74
7891	stop_335_260829	12.520000000000001
8367	stop_1488_3329	0.8566666666666667
10603	stop_221_32519	11.558333333333334
7813	13631	11.991666666666667
13717	12859	5.293333333333334
8130	stop_276_56119	10.013333333333332
10544	12348	14.188333333333333
12949	stop_240_38219	8.403333333333332
13639	10991	3.203333333333333
12992	12993	9.756666666666666
8990	9485	7.260000000000001
12842	12840	0.875
18092	stop_1488_3329	13.548333333333334
12983	stop_314_92219	11.59
7366	18286	9.67
18292	stop_313_86729	8.3
8604	stop_386_285919	4.358333333333333
13718	12401	7.5649999999999995
9389	17267	11.96
8018	13695	14.391666666666667
stop_1490_366219	stop_1491_372329	11.213333333333333
12657	17349	12.635
17566	17577	12.153333333333334
7953	7952	10.788333333333332
12930	13660	10.496666666666666
18079	17987	9.571666666666665
9138	17583	11.608333333333333
17547	stop_1491_372319	9.32
10499	stop_342_268529	9.8
10043	10040	7.845
18296	stop_250_41819	9.718333333333334
18311	stop_250_41819	12.521666666666667
9453	13370	10.46
7450	18287	6.205
18146	17778	14.01
stop_216_31919	stop_957_333819	11.421666666666665
8229	10466	13.276666666666667
17703	17577	9.15
17538	18023	5.423333333333333
13075	12233	18.78666666666667
stop_291_61129	stop_314_92229	3.765
8138	stop_305_71529	12.986666666666668
stop_13_26	stop_246_40839	12.023333333333333
18328	stop_250_41819	5.918333333333334
7490	17778	9.595
8778	13095	14.581666666666667
7959	8768	16.638333333333332
9878	13723	12.548333333333334
13189	13188	1.2816666666666667
12975	stop_6_13	9.465
7366	17964	11.153333333333334
8338	stop_254_42419	9.128333333333334
8804	8859	10.818333333333333
12964	stop_276_56129	3.0483333333333333
9631	9632	3.025
17836	17583	7.783333333333333
17714	stop_1491_372329	5.5216666666666665
13945	13815	13.754999999999999
10596	12054	9.783333333333333
12570	17836	12.110000000000001
10262	stop_238_37819	4.426666666666667
17560	8325	6.861666666666666
10096	8138	11.838333333333333
13018	13081	6.1
7965	9935	17.841666666666665
9918	9926	1.5283333333333333
12876	stop_6_13	7.105
17408	17394	9.285
17940	stop_386_285929	8.625
10116	10117	11.31
13062	stop_3_7	5.373333333333333
13952	13953	0.9816666666666667
13117	17957	8.971666666666666
stop_314_92239	stop_1280_364339	13.071666666666665
12677	stop_316_94629	14.168333333333333
18034	7717	11.501666666666667
8332	stop_329_253919	11.693333333333333
13906	12939	17.32
12958	stop_568_303219	14.67
8362	stop_214_31329	17.466666666666665
12321	9918	20.790000000000003
12966	18320	11.478333333333333
12880	17772	9.846666666666666
18328	10849	12.591666666666667
10559	7811	4.9
10449	12404	22.375
11009	8299	8.191666666666666
stop_221_32529	stop_224_35939	4.4366666666666665
8924	8925	1.9983333333333335
8584	9568	11.381666666666666
12975	17916	8.618333333333334
7359	10037	8.948333333333332
7390	8325	4.4399999999999995
12070	stop_852_324219	9.896666666666667
7813	stop_216_31919	7.433333333333334
18293	stop_257_43529	4.905
8374	12302	5.668333333333334
7365	17965	13.998333333333333
7458	7502	7.323333333333333
7897	stop_957_333829	14.321666666666665
stop_297_62419	stop_297_62429	1.0133333333333332
7952	stop_254_42429	1.05
13724	18390	8.296666666666667
12929	17957	11.195
11508	12928	8.178333333333333
12876	17916	7.385000000000001
10121	10222	5.295
8327	8326	9.628333333333334
18007	11449	11.16
stop_204_12619	stop_222_35739	14.093333333333334
7494	7449	9.278333333333334
18147	7495	16.081666666666667
7960	stop_258_44219	9.965
8367	17892	10.283333333333333
17598	12542	77.48333333333333
8478	stop_12_24	11.629999999999999
12900	18390	10.181666666666667
12353	stop_1_2	12.731666666666666
10211	10199	14.896666666666667
18043	18042	0.505
stop_343_268629	stop_344_268719	5.128333333333333
10487	13385	3.82
10166	18257	15.175
11321	9900	14.043333333333333
10606	13154	4.841666666666667
10050	stop_1492_372629	13.298333333333334
12953	12948	6.66
8095	stop_343_268629	12.823333333333332
17245	stop_1280_364329	4.593333333333334
stop_12_20	stop_13_26	13.286666666666667
18362	9875	6.805000000000001
12129	10561	22.77
8526	14151	9.513333333333332
stop_208_13019	stop_232_36819	13.691666666666666
18092	17892	12.603333333333333
9167	7459	6.956666666666666
stop_187_7119	stop_188_7219	6.291666666666667
10244	stop_299_63219	8.871666666666666
12869	13670	8.475
10108	13001	10.216666666666667
12861	12984	3.316666666666667
13587	stop_226_36129	14.379999999999999
11189	13546	8.958333333333334
8661	10041	10.361666666666668
7553	11709	11.746666666666666
10381	10387	1.2866666666666666
18344	12936	16.581666666666667
8398	7962	3.305
7908	stop_5_10	7.88
7417	12145	8.375
11913	8389	9.376666666666667
7402	7407	12.741666666666667
17835	12310	6.681666666666667
12367	10613	6.694999999999999
9120	13179	15.731666666666666
13827	9830	9.483333333333333
9900	12849	6.7683333333333335
17343	17342	2.658333333333333
stop_189_7349	stop_204_12619	13.785
12521	stop_307_71819	7.8533333333333335
10430	13439	12.031666666666666
12141	12135	0.675
12069	13226	9.371666666666666
stop_186_7019	stop_570_303629	10.271666666666667
12589	17815	0.02666666666666667
13746	7478	12.123333333333333
12876	17953	14.53
11653	9393	19.871666666666666
13706	stop_186_7019	14.413333333333332
7450	7492	11.395000000000001
17589	stop_1488_3319	6.41
stop_276_56119	stop_277_56729	13.9
10355	10496	4.483333333333333
18064	18055	5.305000000000001
17942	11591	8.291666666666666
9149	stop_188_7229	9.83
17774	13629	13.896666666666667
18017	10766	10.598333333333333
12570	12571	1.8766666666666665
13666	stop_275_56029	10.72
7929	stop_239_37929	9.146666666666667
12885	10116	10.031666666666666
17547	stop_570_303619	12.236666666666668
9138	7493	13.483333333333333
8661	11234	9.21
13010	10943	6.755
13316	10178	10.764999999999999
9932	10499	5.35
7590	13845	8.296666666666667
8729	8730	0.4966666666666667
7893	stop_227_36219	6.588333333333334
8077	13899	12.828333333333335
stop_202_12419	stop_1234_362129	5.1466666666666665
7960	7969	5.35
12898	stop_248_41329	1.5533333333333335
8135	18304	8.106666666666666
14130	stop_307_71829	14.525
10062	7418	14.198333333333332
17585	17586	1.2883333333333333
10170	10724	10.020000000000001
7569	11213	16.658333333333335
13295	11735	3.6633333333333336
18244	11977	5.026666666666667
11509	8075	7.578333333333333
9532	12668	13.085
7454	stop_6_12	12.223333333333333
13817	8232	10.968333333333334
10470	8214	21.491666666666667
12016	8448	6.966666666666667
7452	7498	1.965
9139	18155	7.471666666666667
12137	10202	10.035
12868	8297	12.985000000000001
18296	8018	4.673333333333333
18291	stop_12_20	4.194999999999999
stop_314_92239	stop_343_268619	10.031666666666666
7394	7398	11.59
17760	18159	5.501666666666667
13639	stop_203_12529	5.885000000000001
stop_299_63219	stop_300_63429	11.788333333333332
7956	stop_260_29	35.30333333333333
8414	13677	14.128333333333334
17539	18092	8.366666666666667
9551	stop_342_268529	16.165
7965	10500	12.618333333333334
12907	stop_13_28	10.9
12920	8358	15.645000000000001
10189	10507	10.258333333333333
18328	8018	12.006666666666666
12862	stop_289_58929	2.1616666666666666
12951	10848	7.108333333333333
11438	17877	9.875
18312	stop_331_254819	10.053333333333335
18336	18265	12.671666666666665
9695	9692	9.965
13002	stop_296_62319	9.598333333333333
9035	8409	12.905
7908	17918	12.708333333333334
8358	13717	9.981666666666666
12934	stop_273_46519	7.428333333333333
10760	10242	3.728333333333333
12306	17908	7.096666666666667
stop_204_12629	stop_230_36539	16.973333333333333
11913	stop_1102_347029	14.276666666666667
10330	13843	9.911666666666667
8127	12927	15.129999999999999
9967	13684	6.078333333333333
12887	11955	11.808333333333334
7454	17914	12.846666666666666
18274	stop_568_303239	4.41
13533	8661	10.143333333333334
10849	stop_571_303729	11.738333333333333
11137	13026	9.091666666666667
10172	8216	14.256666666666666
8128	12930	6.571666666666667
12509	12510	0.575
9878	stop_224_35929	11.78
7392	stop_1489_127119	14.551666666666668
13587	stop_338_56929	9.721666666666666
13331	8508	15.246666666666666
7462	7460	8.463333333333333
12363	8613	16.476666666666667
12304	stop_1486_372439	10.373333333333333
8027	18389	8.335
12405	12053	7.693333333333333
17546	7375	8.905
9120	13631	7.918333333333334
13127	8441	18.563333333333333
8435	10976	9.733333333333333
9119	18025	11.621666666666666
9000	13907	7.605
stop_300_63429	stop_301_63719	4.618333333333334
7450	12356	9.270000000000001
7367	17538	13.043333333333333
17959	stop_323_126229	4.989999999999999
8526	18238	7.013333333333334
18295	12909	8.158333333333333
10488	10449	3.8733333333333335
8301	8974	10.658333333333333
stop_289_58929	stop_346_269019	6.27
11281	17379	19.153333333333332
17541	7381	8.278333333333332
17501	stop_1494_373129	6.0233333333333325
13639	13053	7.27
7454	stop_575_304119	10.216666666666667
stop_205_12719	stop_568_303239	14.866666666666667
10164	stop_1492_372619	9.116666666666667
9895	7957	4.64
12942	12946	9.651666666666667
12466	12677	2.1783333333333332
12847	stop_343_268619	12.378333333333334
13866	9498	14.54
10078	11927	18.046666666666667
10028	11603	10.435
17537	17539	6.001666666666667
stop_203_12529	stop_322_117319	13.231666666666666
8974	11638	11.941666666666666
12022	stop_222_35719	13.396666666666667
10244	12988	1.5433333333333332
11420	stop_243_39229	9.845
18346	8365	12.808333333333334
stop_5_10	stop_234_37019	11.546666666666665
12999	stop_303_68129	9.635
8801	stop_203_12549	14.506666666666666
8736	8737	6.153333333333333
stop_213_31119	stop_213_31129	1.8366666666666667
11699	11211	11.604999999999999
11742	stop_258_44219	8.233333333333333
10410	17424	12.165
12036	12037	0.575
10208	10039	4.97
13789	stop_199_11229	11.961666666666668
7822	stop_311_82329	10.426666666666668
17822	11550	13.31
11311	9549	9.938333333333333
13130	12016	6.743333333333334
7424	7419	14.653333333333334
11170	stop_306_71619	6.495
11977	13715	4.05
13042	13715	11.826666666666666
12358	9715	11.791666666666666
10855	18161	12.063333333333333
stop_246_40839	stop_248_41329	11.151666666666667
9139	stop_1492_372629	22.375
13054	7809	8.578333333333335
9723	18065	13.771666666666667
17218	9723	11.18
12221	13750	6.323333333333333
9933	12554	11.581666666666667
17938	17950	14.058333333333334
12138	12137	5.510000000000001
stop_255_42919	stop_255_42929	1.0116666666666667
12931	stop_246_40849	7.418333333333334
8669	18346	5.363333333333333
7399	7387	11.391666666666667
7448	8419	14.651666666666667
10274	10301	6.876666666666667
10140	12410	15.601666666666667
9120	stop_782_314119	11.201666666666666
13416	7631	16.008333333333333
8223	12378	12.068333333333333
7964	11742	10.75
17713	17563	9.006666666666666
8398	stop_330_254319	24.305
9926	12354	13.646666666666667
11026	9629	4.4766666666666675
7505	7493	11.861666666666668
18023	17545	11.398333333333333
8144	8412	8.905
7537	10872	4.525
12306	stop_782_314129	7.446666666666667
8371	17713	14.323333333333332
10081	stop_782_314129	2.4916666666666667
14007	18267	8.031666666666666
12869	stop_207_12919	6.819999999999999
9755	12018	11.535
13447	12378	12.610000000000001
18276	17541	14.593333333333334
7993	11420	5.591666666666667
12996	12343	11.073333333333332
10298	8255	11.821666666666665
11909	stop_852_324239	6.915
12070	stop_203_12559	10.521666666666667
7908	17910	7.66
8737	8740	8.014999999999999
12141	13299	15.636666666666667
8015	8017	4.14
7489	8305	10.093333333333334
8088	stop_213_31129	20.07
8112	stop_291_61119	14.465
13372	9398	10.918333333333333
10717	7421	6.788333333333333
12995	13637	13.508333333333333
8372	8327	7.693333333333333
13673	12364	9.585
8439	8440	0.35
11719	13302	7.66
7983	7993	4.471666666666667
stop_219_32229	stop_223_35829	12.84
10842	13686	9.758333333333333
7421	7426	12.408333333333333
18335	8617	9.818333333333333
13314	13535	5.108333333333333
18080	stop_255_42919	9.546666666666665
stop_224_35949	stop_227_36229	7.930000000000001
8625	stop_2_4	6.611666666666666
12898	8020	12.578333333333335
7386	18329	10.933333333333334
18314	stop_12_19	2.69
7991	10262	5.193333333333333
8630	11306	13.91
stop_1_1	stop_267_45919	17.07
17891	8617	4.808333333333334
13445	18239	8.879999999999999
18307	14013	11.705
11913	stop_335_260829	8.295
7371	stop_1486_372419	13.151666666666667
7420	7417	7.263333333333334
12402	stop_852_324249	10.610000000000001
7952	stop_12_19	10.020000000000001
10000	7417	14.791666666666666
11569	11571	0.38833333333333336
13720	stop_224_35949	14.343333333333334
8017	7948	2.1616666666666666
18409	13445	12.905
8898	12457	15.526666666666667
7959	stop_272_46429	8.458333333333334
12908	stop_313_86729	11.368333333333334
10602	stop_221_32529	7.78
12595	stop_1486_372419	6.038333333333333
8373	8328	8.176666666666668
stop_186_7019	stop_186_7039	1.8833333333333333
18310	13486	14.405
10497	9967	4.433333333333334
12364	12499	1.2383333333333333
stop_1486_372419	stop_1489_127119	12.133333333333333
11321	8361	11.116666666666667
12928	12926	6.998333333333333
7426	7432	11.188333333333333
12301	10208	12.91
13053	7472	7.27
12881	stop_246_40829	5.3966666666666665
13663	10465	6.863333333333333
7998	stop_243_39219	10.276666666666667
17941	stop_230_36519	11.428333333333335
10242	11592	5.6033333333333335
12881	12974	5.9783333333333335
7478	7447	4.071666666666667
12885	stop_305_71529	6.991666666666666
10428	10430	4.706666666666666
8405	stop_240_38219	7.47
7804	8361	14.988333333333333
12842	11311	11.604999999999999
11008	13710	11.806666666666667
17697	8924	12.998333333333333
17566	8367	7.286666666666666
17562	stop_1489_127129	8.34
13131	11182	7.428333333333333
7498	8404	9.638333333333332
7811	13631	8.996666666666666
7459	7488	7.246666666666667
13160	9029	7.278333333333333
7418	7416	7.263333333333334
8114	8113	9.081666666666667
9171	9859	8.006666666666666
18057	stop_574_304039	12.416666666666666
12457	stop_187_7119	2.316666666666667
8206	12852	1.95
stop_6_12	stop_246_40849	8.264999999999999
12934	12353	16.916666666666668
10153	17318	8.266666666666667
12576	stop_238_37819	13.595
10501	11698	6.243333333333334
13203	11159	5.573333333333333
12717	stop_568_303219	5.818333333333333
10924	11760	14.095
12870	stop_233_36919	16.205
12904	9926	8.79
7385	13657	5.65
12945	8404	7.525
stop_224_35939	stop_957_333829	11.504999999999999
13864	10687	4.906666666666666
10090	10278	1.9333333333333333
17310	13481	32.95333333333333
9119	stop_957_333819	15.881666666666666
7368	17587	11.771666666666667
10560	8362	11.136666666666667
8579	17821	7.625
7430	stop_568_303239	10.815
13368	13367	7.198333333333333
12974	stop_246_40839	2.933333333333333
7537	17976	10.206666666666667
11733	9060	10.471666666666666
7885	stop_311_82319	12.479999999999999
stop_219_32219	stop_219_32229	0.955
14046	8887	12.041666666666666
12929	8584	11.001666666666667
10371	10372	6.425
11680	11678	5.371666666666667
7931	stop_243_39229	7.636666666666667
12134	17824	12.406666666666666
12840	stop_957_333819	15.085
7407	12966	11.278333333333334
12870	12878	14.966666666666667
13724	stop_254_42419	7.48
10199	13680	8.213333333333333
7387	12304	9.486666666666668
8793	13166	14.270000000000001
13679	stop_316_94629	11.825
8790	11474	13.411666666666667
18092	12309	7.943333333333333
stop_222_35729	stop_325_136029	5.0183333333333335
18390	stop_250_41829	8.893333333333334
14165	stop_568_303219	12.821666666666665
stop_253_42329	stop_255_42919	12.854999999999999
17915	stop_246_40839	9.08
18008	18003	13.123333333333333
11164	11163	1.16
7463	17668	13.898333333333333
13338	9380	5.493333333333334
12718	stop_189_7339	9.703333333333335
13261	13531	7.475
13854	13848	3.7816666666666667
7802	7803	2.4283333333333332
7959	18170	11.768333333333334
18312	17986	16.548333333333332
9938	11741	10.886666666666667
10156	17317	13.973333333333333
stop_291_61119	stop_293_61329	9.628333333333334
7977	8769	13.65
8098	stop_282_57519	14.626666666666667
11025	11026	8.341666666666667
7532	13188	11.123333333333333
18321	stop_202_12419	16.013333333333332
12594	10053	11.431666666666667
17215	stop_293_61319	15.483333333333333
11566	13293	9.3
stop_298_63029	stop_299_63219	8.6
7536	10871	8.264999999999999
17876	13749	9.073333333333332
10299	10301	5.4
13975	17942	4.968333333333334
13019	stop_267_45939	1.1433333333333333
17787	17789	1.8866666666666667
8018	stop_12_24	6.1466666666666665
11432	stop_205_12729	5.051666666666667
10855	17956	12.879999999999999
10083	10084	9.151666666666667
8906	7511	6.735
9540	stop_314_92239	15.451666666666666
7461	stop_202_12419	8.873333333333333
7931	7929	9.976666666666667
8074	8125	6.84
13724	9923	7.483333333333333
9551	stop_267_45939	8.343333333333334
13314	10241	9.818333333333333
12927	12928	1.8416666666666666
12022	stop_203_12559	7.251666666666667
18341	18258	9.835
7811	stop_216_31919	0.565
11472	12738	11.278333333333334
10346	13260	10.991666666666667
13636	10458	6.581666666666666
12719	18274	10.266666666666667
11552	11554	6.253333333333333
9429	13544	12.258333333333333
12900	9923	12.845
9147	8017	8.3
stop_224_35919	stop_227_36219	7.358333333333333
12746	7606	3.395
18295	12319	14.473333333333333
17379	17376	5.8983333333333325
8261	8262	11.293333333333333
17544	17891	1.6083333333333334
17971	17972	0.16
11433	stop_5_11	13.158333333333333
8862	8863	0.755
12885	8210	11.701666666666666
9142	stop_299_63219	8.28
12070	13722	11.316666666666666
17399	13440	9.731666666666666
18331	9660	8.233333333333333
17282	stop_344_268719	13.585
13900	13899	4.283333333333333
8367	stop_1490_366229	5.006666666666666
8508	13405	8.111666666666666
13052	stop_1234_362119	6.786666666666666
10559	13179	7.944999999999999
9407	9408	0.13333333333333333
10064	stop_196_8719	11.223333333333333
18357	12409	14.99
13653	14142	5.116666666666666
10700	stop_221_32519	6.751666666666667
12506	13145	7.118333333333334
8798	stop_574_304029	7.6066666666666665
10466	10200	14.28
12309	7448	15.455
11554	13106	11.785
12983	stop_314_92259	9.953333333333335
7366	7481	6.331666666666666
8614	13397	1.4983333333333335
stop_1490_366219	stop_1493_373029	13.248333333333333
9118	stop_246_40819	12.686666666666667
12717	10700	8.92
12967	stop_221_32519	13.345
12930	18144	9.15
10241	11591	11.981666666666666
18296	stop_253_42319	7.933333333333334
13740	7448	12.891666666666667
7991	stop_239_37929	3.35
18146	7444	10.816666666666666
7946	stop_248_41329	8.455
18296	8027	8.751666666666667
10149	10151	6.373333333333333
stop_216_31919	stop_1102_347019	13.935
8441	11183	5.855
8672	stop_820_315819	12.43
17478	17697	9.773333333333333
7984	7960	14.611666666666668
8414	8166	10.525
11709	13202	15.368333333333334
11681	11660	19.598333333333336
8801	stop_852_324249	11.618333333333334
7490	7444	10.345
10848	7980	11.92
17218	stop_314_92259	12.34
13718	stop_186_7039	15.703333333333335
11637	9044	3.5283333333333333
stop_285_58419	stop_292_61229	8.311666666666666
12135	10157	10.520000000000001
9878	12009	5.12
stop_277_56729	stop_820_315829	12.525
11741	stop_273_46519	17.473333333333336
7998	7931	3.2816666666666667
7805	stop_214_31319	6.1033333333333335
8211	13668	1.2049999999999998
stop_12_19	stop_254_42419	9.585
13332	12234	9.828333333333335
8475	7533	13.74
11915	13791	10.889999999999999
10262	stop_240_38229	12.211666666666668
7965	9938	14.675
8088	stop_284_57719	13.013333333333332
18232	stop_217_32029	7.168333333333334
13005	12996	8.103333333333333
13701	stop_10_3	11.175
10191	10193	7.64
7897	stop_280_57229	10.915
12962	7402	4.155
7970	stop_342_268529	5.343333333333334
9139	17835	7.835
12749	13843	12.56
18296	8015	13.443333333333333
stop_216_31929	stop_219_32219	8.201666666666666
13738	18202	12.181666666666667
8027	stop_253_42329	0.8716666666666666
10154	17321	12.081666666666667
18032	7645	12.35
13906	7398	15.361666666666668
11732	stop_238_37819	17.438333333333333
stop_223_35829	stop_224_35919	8.341666666666667
7542	8924	8.108333333333333
8027	9895	1.09
12920	13671	15.491666666666667
8084	stop_280_57229	3.9833333333333334
18328	8015	12.201666666666666
13693	stop_820_315829	13.196666666666665
12594	12595	1.1
13055	stop_208_13029	13.593333333333334
11009	10848	12.726666666666667
11636	11354	14.153333333333334
stop_221_32529	stop_226_36119	6.8966666666666665
stop_259_44929	stop_261_45119	18.958333333333332
7813	stop_219_32219	0.7083333333333334
12893	stop_203_12539	8.728333333333333
13851	7605	6.495
17586	17561	8.12
17772	17951	13.553333333333335
8706	7738	11.741666666666667
17884	stop_342_268529	15.918333333333333
7931	7999	1.6700000000000002
stop_222_35729	stop_1487_373619	12.24
stop_297_62419	stop_298_63049	6.225
18310	stop_13_28	7.5233333333333325
12860	stop_338_56929	10.576666666666666
17561	7368	13.495000000000001
7480	17965	12.356666666666666
11508	13666	4.256666666666667
13819	8230	12.343333333333334
13723	stop_222_35729	12.268333333333334
10233	10078	9.233333333333333
13539	18257	17.476666666666667
18248	18265	4.973333333333333
13669	17537	14.82
12412	10261	15.405
13606	18221	28.611666666666668
8027	8021	6.753333333333333
18030	17939	10.83
11106	17379	14.835
stop_299_63229	stop_306_71629	8.881666666666666
17267	17274	3.316666666666667
10487	10760	11.185
7809	stop_311_82319	7.221666666666667
11248	12940	3.75
7957	stop_12_24	13.078333333333335
10050	stop_1494_373129	15.151666666666667
8095	stop_345_268829	3.7666666666666666
10109	stop_296_62329	13.025
11079	14166	5.3966666666666665
stop_208_13019	stop_234_37019	13.148333333333333
12340	8613	9.796666666666665
11639	11355	8.251666666666667
9460	9465	16.25
8440	10976	6.28
8154	10508	18.948333333333334
11649	11654	0.185
12518	13063	1.0466666666666666
9815	11474	10.17
12910	8335	14.028333333333334
11913	17830	11.856666666666666
7402	13034	11.85
9120	13186	15.488333333333333
7395	stop_183_6129	18.016666666666666
12719	stop_222_35729	7.338333333333334
8241	13152	12.921666666666665
12010	11913	11.553333333333335
18257	18258	4.696666666666667
18293	17690	12.028333333333334
stop_307_71829	stop_841_317630	7.2
8217	12332	19.55
13004	stop_304_68219	12.663333333333332
18335	7441	11.633333333333333
17589	stop_1490_366219	0.6316666666666666
10355	10354	11.54
7430	stop_186_7019	6.591666666666667
7398	stop_183_6129	5.656666666666666
13617	17861	6.569999999999999
17311	13480	28.46833333333333
12940	stop_1487_373629	7.0649999999999995
11433	stop_230_36549	11.266666666666667
17735	13977	4.841666666666667
13666	stop_277_56719	9.075
18119	18120	1.1266666666666665
10001	7421	7.763333333333334
9815	8300	6.556666666666667
7929	stop_241_38329	4.983333333333333
12658	12659	0.185
10062	13629	12.485000000000001
10480	10201	8.016666666666667
12854	stop_285_58429	7.261666666666667
17891	7441	17.293333333333333
8361	11248	8.113333333333333
13410	9500	5.27
10181	10183	9.126666666666667
7437	7478	8.848333333333333
10498	12557	11.633333333333333
13180	stop_283_57619	9.888333333333332
9981	17717	19.42
10667	10665	8.275
13078	7711	5.155
17561	17713	12.751666666666667
9465	17816	0.02333333333333333
10559	stop_782_314119	10.741666666666667
8077	18161	4.96
17908	stop_188_7219	11.191666666666666
10406	10407	7.888333333333334
11433	17940	15.378333333333334
9923	12355	10.688333333333333
18155	7493	12.546666666666665
9900	7894	11.020000000000001
10602	13586	9.056666666666667
17949	stop_245_40729	15.131666666666666
13752	13617	12.601666666666667
10124	12411	5.383333333333334
13672	17959	14.623333333333333
8413	9547	11.753333333333334
11509	11507	7.0
stop_258_44219	stop_342_268529	4.875
10201	13300	11.656666666666666
12986	stop_314_92249	5.415
12953	12950	14.389999999999999
7849	10957	14.158333333333333
12355	stop_272_46429	12.215
8634	stop_841_317630	14.831666666666667
13817	10550	7.433333333333334
10544	12582	3.796666666666667
7452	8000	12.573333333333332
13810	9359	18.923333333333336
10113	8211	7.471666666666667
9051	stop_322_117329	12.043333333333333
9719	10781	10.945
12516	12326	6.355
7953	stop_255_42929	6.1866666666666665
7421	7418	1.32
12930	17958	11.42
17957	17959	5.878333333333333
9072	9075	11.966666666666667
9147	stop_12_19	7.031666666666666
13684	12556	4.708333333333333
10991	12958	8.486666666666666
9452	13113	11.838333333333333
13062	stop_1342_364619	16.921666666666667
17539	10052	8.276666666666667
12357	stop_328_253819	9.568333333333333
11806	10943	12.256666666666666
17714	17718	12.47
12542	17973	7.1066666666666665
13689	stop_213_31139	26.191666666666666
8098	stop_213_31129	18.238333333333333
12920	12472	12.31
14141	13677	5.041666666666667
8219	10172	7.3933333333333335
11915	18005	16.406666666666666
8003	stop_13_27	9.754999999999999
8065	8058	2.5566666666666666
18329	18285	1.4766666666666666
8002	12951	7.735
12306	11079	8.628333333333334
8822	8826	12.891666666666667
8353	8668	13.415
8224	13662	6.868333333333334
7683	13336	4.533333333333333
7962	stop_342_268519	12.021666666666667
13706	12594	8.421666666666667
13492	8128	7.258333333333334
8127	8128	6.826666666666667
12010	stop_852_324249	11.745000000000001
8327	8328	2.0883333333333334
7965	13632	10.79
stop_219_32229	stop_568_303219	12.33
stop_278_57019	stop_279_57119	9.976666666666667
12363	18362	14.513333333333332
10848	stop_13_27	12.248333333333333
7368	stop_1486_372429	12.536666666666667
stop_13_25	stop_571_303729	12.686666666666667
18244	stop_189_7329	7.196666666666667
stop_285_58429	stop_314_92229	15.531666666666666
12954	stop_240_38229	8.046666666666667
11651	8779	12.451666666666666
17819	13361	11.78
10488	10597	10.551666666666668
9654	9656	4.7733333333333325
13058	stop_272_46429	17.8
10074	10080	7.533333333333333
17562	stop_183_6119	10.533333333333333
10065	10063	2.658333333333333
13639	7472	7.6
13722	stop_222_35719	11.303333333333335
12338	13390	13.393333333333334
7471	stop_230_36519	11.803333333333335
10164	stop_1494_373119	11.981666666666666
12847	stop_345_268819	1.1483333333333334
12936	stop_261_45119	11.716666666666667
7410	14165	6.14
13061	14082	5.86
stop_318_96019	stop_782_314119	6.5600000000000005
12402	7432	6.8566666666666665
stop_203_12539	stop_205_12729	9.601666666666667
18057	stop_1556_381019	15.646666666666667
8123	13666	8.923333333333334
8166	13390	16.071666666666665
12841	8108	13.246666666666666
18056	17772	14.978333333333333
7471	17909	13.764999999999999
18159	stop_238_37819	6.208333333333333
7504	7463	12.971666666666666
13445	9171	5.723333333333333
8298	stop_329_253929	2.018333333333333
8780	8781	0.4083333333333333
7669	7685	32.93833333333333
10262	11732	13.121666666666666
17587	stop_1486_372439	12.976666666666667
10700	stop_1487_373619	11.748333333333333
10630	12979	16.985
8409	stop_241_38319	5.7266666666666675
17938	17954	16.03666666666667
17611	17619	1.1666666666666667
12931	stop_250_41829	12.083333333333334
8402	stop_329_253919	17.791666666666668
7885	stop_568_303239	12.421666666666665
13036	9540	14.1
7399	12939	17.1
12923	9926	6.430000000000001
9051	stop_202_12419	13.126666666666667
12967	stop_1487_373619	9.008333333333333
10182	10300	16.278333333333332
9049	stop_230_36539	10.288333333333332
8910	13863	7.1033333333333335
7818	12940	10.611666666666668
7531	7535	7.42
9416	9415	0.5183333333333333
12846	stop_285_58419	0.5416666666666666
7505	7503	4.151666666666666
13034	stop_568_303239	12.531666666666666
stop_227_36219	stop_1103_347129	4.115
13081	12934	7.495
13630	17976	6.495
13037	stop_293_61329	4.198333333333333
12970	stop_279_57129	12.633333333333333
12070	stop_205_12719	3.9133333333333336
12314	7441	7.965
stop_214_31319	stop_216_31929	5.16
stop_224_35929	stop_325_136029	10.526666666666667
11311	7897	14.996666666666666
12877	stop_234_37019	3.1733333333333333
8088	stop_216_31919	9.706666666666667
13658	12935	18.666666666666668
17307	12574	9.67
17386	17395	10.921666666666665
11334	18237	9.318333333333333
10717	17774	9.825
17877	18240	16.116666666666667
13053	stop_205_12729	10.321666666666665
13058	18170	3.0616666666666665
13177	stop_957_333829	1.305
11248	stop_318_96029	10.991666666666667
12855	stop_346_269019	1.6583333333333334
7983	8298	10.658333333333333
8768	12355	5.546666666666667
13159	10909	9.411666666666667
9120	13054	5.118333333333334
12412	12407	0.38166666666666665
14046	10956	3.765
13314	7359	14.751666666666667
17826	8705	10.361666666666668
17408	17420	7.791666666666667
10392	17412	12.129999999999999
7738	12542	10.458333333333334
12718	stop_322_117319	9.578333333333335
12360	18073	5.373333333333333
8077	17956	9.396666666666667
8222	8220	8.928333333333335
9142	12850	7.556666666666667
9051	12022	8.005
8146	8615	9.125
13260	13261	1.5416666666666667
stop_1_1	stop_272_46429	4.556666666666667
11752	13526	10.175
13719	12466	9.145000000000001
stop_570_303619	stop_1486_372429	12.655
9723	10171	14.354999999999999
8299	18310	11.21
12932	stop_13_25	8.118333333333334
11432	stop_335_260819	12.49
12852	stop_299_63229	12.85
7398	18329	8.401666666666667
10239	11842	2.2133333333333334
9386	17267	8.218333333333334
12994	stop_297_62429	11.501666666666667
13671	11507	10.655
13606	13607	0.315
18366	7359	7.295
13906	stop_186_7019	9.808333333333334
7905	stop_1103_347129	16.545
10602	stop_223_35819	1.6033333333333333
18289	stop_1488_3319	16.955
13701	18287	5.888333333333334
17826	8863	10.958333333333334
17918	stop_335_260829	12.886666666666667
13556	stop_196_8719	11.886666666666667
8124	8076	12.465
stop_239_37929	stop_240_38229	3.921666666666667
stop_1486_372419	stop_1491_372319	7.616666666666666
9540	14127	13.973333333333333
18151	stop_346_269029	7.508333333333334
7780	13348	10.671666666666665
12355	12352	5.906666666666666
17705	17577	10.42
18128	8951	9.321666666666665
11651	11653	7.711666666666667
13705	stop_1490_366229	14.873333333333333
7426	12457	11.495000000000001
17417	17412	6.591666666666667
8618	stop_1488_3319	7.760000000000001
17941	stop_232_36829	1.695
18124	11456	9.036666666666667
18151	10313	12.238333333333333
8978	11018	6.708333333333333
12885	stop_307_71829	1.4716666666666667
stop_283_57619	stop_284_57719	5.723333333333333
7804	8090	21.801666666666666
7809	7817	8.485000000000001
13492	13760	14.46
17566	10165	11.956666666666667
stop_234_37029	stop_425_287129	11.183333333333334
17562	stop_1491_372329	4.63
13352	13360	11.781666666666666
7530	7531	1.095
9981	14073	6.011666666666667
7459	18028	15.063333333333333
13183	12970	12.715
stop_279_57139	stop_290_61019	11.336666666666668
7359	13656	4.86
7418	7394	11.398333333333333
13010	11810	26.678333333333335
17543	17501	7.993333333333334
12457	stop_189_7319	10.6
12303	18341	11.665
8206	10117	8.123333333333333
12893	12870	9.67
stop_5_10	stop_203_12529	12.958333333333334
10753	13754	9.686666666666667
12853	stop_305_71519	5.71
10855	stop_276_56119	5.955
7379	17587	13.308333333333334
17941	7910	5.953333333333333
7970	18370	16.358333333333334
8971	9044	14.095
8229	10157	12.34
stop_224_35939	stop_1102_347029	10.256666666666666
7423	17765	14.75
17824	8374	8.233333333333333
17718	7568	13.283333333333333
10674	10670	11.066666666666666
8219	8523	2.0466666666666664
12938	7398	5.41
7998	12949	10.235000000000001
12322	8299	7.443333333333333
14165	13042	7.37
12974	stop_250_41819	13.893333333333334
13708	stop_328_253829	4.430000000000001
13180	stop_214_31319	15.825
7950	8768	13.473333333333333
12934	stop_257_43529	7.251666666666667
12134	8371	9.305
7407	7434	14.188333333333333
11016	11019	4.375
12888	17771	8.22
7387	12302	9.033333333333333
12328	13728	2.2550000000000003
8537	12949	11.981666666666666
10332	10225	12.665
13261	13534	8.351666666666667
10091	10277	11.578333333333335
8661	13716	3.4283333333333332
18144	stop_323_126229	2.0
12677	stop_820_315829	2.0083333333333333
17854	17614	11.956666666666667
7802	7747	9.496666666666666
17830	stop_189_7329	12.293333333333333
11306	stop_290_61019	10.5
11251	18155	16.725
stop_241_38319	stop_329_253929	11.226666666666667
13695	stop_12_24	10.216666666666667
13634	13678	4.071666666666667
7515	7420	3.2133333333333334
stop_3_7	stop_1280_364329	12.696666666666665
10716	stop_217_32029	11.968333333333334
12305	17561	10.953333333333335
12594	8325	11.635
stop_2_4	stop_3_7	3.796666666666667
stop_225_36029	stop_1103_347119	8.771666666666667
stop_277_56719	stop_339_62119	14.963333333333333
12323	stop_6_13	15.281666666666666
13019	stop_273_46529	6.218333333333334
13103	13102	7.9
17545	17964	3.555
9972	13626	1.1633333333333333
8195	stop_334_258219	10.79
8899	stop_205_12719	13.75
18320	13053	13.296666666666665
12970	7885	13.76
7931	8299	13.526666666666667
7379	17561	12.763333333333332
11233	18257	12.741666666666667
10298	10154	11.585
13708	12356	6.395
12846	stop_343_268619	6.739999999999999
13178	stop_214_31329	13.916666666666666
stop_214_31329	stop_311_82329	11.418333333333333
12442	8390	4.873333333333333
stop_221_32519	stop_222_35729	7.818333333333333
12983	13037	10.604999999999999
14082	stop_840_317519	5.341666666666667
18017	13956	18.71333333333333
stop_203_12549	stop_230_36549	11.923333333333334
8220	8230	11.311666666666667
11605	7680	5.923333333333333
12022	stop_205_12719	2.99
12346	10613	5.653333333333333
10085	10084	15.393333333333334
8625	stop_1280_364329	13.296666666666665
17258	8240	13.851666666666667
10487	18366	12.104999999999999
10381	17385	5.465
12943	7985	10.305
8972	11355	11.661666666666667
10597	12405	4.303333333333333
12718	7512	5.9366666666666665
13186	stop_226_36129	6.093333333333334
11749	11752	8.776666666666667
13214	13219	0.11
17561	stop_570_303619	13.073333333333332
17507	17513	6.89
17760	7928	12.048333333333334
9860	11331	11.7
10923	10924	0.545
12961	18288	20.541666666666668
13699	17552	16.86
12320	8399	6.671666666666667
13900	18161	5.091666666666667
8125	8672	10.818333333333333
8367	stop_1492_372629	10.058333333333334
7371	17563	8.436666666666666
8740	11821	7.883333333333334
8672	stop_275_56019	9.139999999999999
17772	stop_8_16	15.743333333333334
8340	8336	14.216666666666667
9407	13346	12.841666666666667
7365	stop_183_6129	15.854999999999999
18348	12585	15.93
stop_202_12419	stop_322_117329	13.975
10352	12375	11.315
8076	18029	1.4866666666666668
8688	8689	1.6283333333333334
10700	stop_222_35739	0.7166666666666667
10170	stop_424_287029	14.628333333333334
13695	18079	11.103333333333333
11611	8862	11.456666666666667
13672	18304	6.7683333333333335
13023	stop_245_40719	6.906666666666666
17282	12862	15.163333333333332
7905	9505	10.373333333333333
12309	7439	9.713333333333333
8000	stop_241_38329	12.606666666666666
18092	stop_1492_372629	12.378333333333334
7818	stop_318_96029	5.36
12595	17563	10.741666666666667
18289	17576	10.33
13410	8845	10.014999999999999
stop_245_40719	stop_246_40819	7.2316666666666665
8015	stop_330_254319	12.8
8214	11651	7.4816666666666665
17541	stop_1490_366219	10.921666666666665
12531	18344	8.795
18276	17717	2.64
17576	stop_1488_3319	15.138333333333332
7482	9026	10.898333333333333
12880	stop_245_40719	12.011666666666667
17909	stop_232_36819	2.796666666666667
12719	12402	11.546666666666665
stop_204_12639	stop_852_324249	6.41
stop_255_42919	stop_331_254819	7.17
17349	9529	14.353333333333333
7991	stop_241_38329	9.555
7502	stop_574_304029	10.721666666666666
11251	stop_1492_372629	12.113333333333333
8618	17576	9.668333333333333
9611	17784	5.675
7946	stop_252_42029	12.853333333333333
13034	stop_186_7019	4.83
10149	12335	6.453333333333333
7444	17779	6.281666666666666
stop_290_61029	stop_291_61129	4.401666666666667
7529	7530	6.6066666666666665
13539	14073	2.131666666666667
18248	13539	7.326666666666667
8973	9045	12.879999999999999
7400	9916	12.104999999999999
7984	7977	10.761666666666667
8633	stop_213_31129	11.97
17696	stop_1552_378519	8.078333333333333
18335	18092	7.038333333333333
8414	12326	14.728333333333333
11769	8538	4.888333333333334
7490	8296	12.575
9167	stop_574_304039	12.47
13718	stop_188_7229	7.441666666666666
8135	13117	3.645
stop_237_37729	stop_328_253829	3.9566666666666666
12135	10200	2.8233333333333333
13693	stop_275_56029	7.83
13953	17626	6.193333333333333
9693	9692	0.38333333333333336
stop_223_35829	stop_1102_347019	5.755
8338	stop_259_44929	14.615
17765	17762	1.37
13586	12970	10.056666666666667
12568	7936	14.438333333333333
18024	stop_213_31129	5.8966666666666665
18244	12719	9.583333333333334
8670	8231	7.831666666666666
10191	18192	10.795
12962	7390	11.153333333333334
7480	12314	7.453333333333333
12605	9890	4.955
17910	stop_203_12529	12.16
stop_216_31929	stop_221_32529	12.368333333333334
7946	7950	12.866666666666667
17310	17311	0.6950000000000001
12401	8899	15.123333333333333
8027	stop_255_42929	13.096666666666666
7959	stop_257_43519	1.805
8371	12303	4.463333333333334
13634	14141	10.721666666666666
8298	13486	13.536666666666667
8144	10724	14.441666666666666
8332	12950	8.351666666666667
12920	12915	6.930000000000001
13696	stop_9_18	5.655
12594	17547	6.681666666666667
stop_225_36029	stop_338_56919	13.055
13050	13533	12.796666666666665
10543	10544	0.6916666666666667
12472	stop_820_315819	1.635
12917	stop_323_126219	1.6416666666666666
18150	17835	5.156666666666666
8636	13404	6.275
17247	stop_289_58919	10.163333333333332
12961	stop_1486_372429	11.791666666666666
17586	7381	7.496666666666667
12958	17918	5.725
13317	17600	7.1066666666666665
18157	12575	10.815
11508	12926	10.088333333333333
stop_230_36549	stop_386_285929	4.5233333333333325
13819	11237	11.54
13723	stop_224_35919	1.245
8212	8539	6.37
13186	8630	10.445
10233	10075	15.611666666666668
stop_186_7039	stop_187_7129	4.138333333333334
12854	12847	8.523333333333333
9964	10318	8.891666666666667
13847	12743	8.971666666666666
17560	17562	3.6016666666666666
18030	13671	13.118333333333334
7555	11708	11.258333333333333
stop_213_31129	stop_311_82319	14.228333333333333
17387	10381	11.371666666666666
12240	18033	21.886666666666667
8415	14082	9.086666666666668
stop_203_12519	stop_230_36539	11.313333333333333
17545	17544	11.91
17583	17964	15.218333333333334
17959	stop_952_331019	11.801666666666668
7411	13631	13.023333333333333
11516	12868	9.075
7928	stop_241_38319	6.6066666666666665
7673	13332	8.608333333333333
8577	9416	9.593333333333334
18049	10787	15.471666666666666
7985	stop_237_37729	5.6883333333333335
17425	17424	0.2533333333333333
12576	11732	19.46833333333333
13207	13237	11.088333333333333
10050	10268	8.993333333333334
7493	17929	15.953333333333335
11649	11648	9.406666666666666
17743	18070	4.63
12518	8238	11.738333333333333
9020	9021	1.2466666666666666
11211	17981	3.02
12910	12901	9.893333333333334
9120	8362	17.105
7395	stop_187_7119	11.363333333333333
7390	17562	14.528333333333334
12360	10510	8.071666666666667
13485	stop_246_40839	16.076666666666668
9086	10923	8.951666666666666
18335	18147	21.134999999999998
12567	8398	9.933333333333334
13330	8192	9.085
stop_213_31139	stop_282_57529	23.101666666666667
13752	17986	6.3966666666666665
7430	stop_187_7129	1.7583333333333333
18034	11189	12.221666666666666
18314	7957	13.811666666666667
13846	8803	26.90666666666667
7928	stop_329_253929	10.585
13186	stop_282_57519	8.673333333333334
7368	7482	11.806666666666667
11321	7897	17.633333333333333
7720	12374	7.671666666666667
13674	10549	9.231666666666666
18040	13774	6.543333333333334
10001	17774	4.596666666666667
8089	stop_311_82319	15.631666666666666
12901	18080	14.25
9815	9856	3.7550000000000003
7929	stop_243_39229	14.261666666666667
11913	stop_189_7349	10.801666666666668
8361	12940	11.201666666666666
9981	11282	10.246666666666666
13665	stop_316_94629	0.9533333333333334
17861	9933	16.986666666666668
10494	9569	6.225
18320	7437	12.753333333333334
10227	13299	7.628333333333333
11311	stop_279_57119	11.764999999999999
7458	17928	12.725
7905	stop_230_36549	2.1866666666666665
17829	13863	13.981666666666666
8247	14066	4.0216666666666665
7685	10680	7.078333333333333
10823	10824	1.47
13900	17956	13.253333333333334
8296	stop_574_304019	13.628333333333334
10167	18254	11.896666666666667
18289	17706	13.2
8002	stop_252_42019	13.248333333333333
14041	17711	11.451666666666666
17949	stop_246_40849	13.886666666666667
10016	8002	13.736666666666668
7502	8304	13.923333333333334
11681	12582	8.738333333333333
stop_263_45319	stop_1076_317419	9.25
10124	10463	12.206666666666667
13054	stop_213_31119	3.078333333333333
9549	stop_290_61029	1.7683333333333333
9714	9715	1.2383333333333333
11234	18254	8.858333333333333
10264	10440	7.6883333333333335
9046	11475	12.721666666666666
18332	8020	14.498333333333333
17719	17720	0.9
7828	8923	8.698333333333332
7953	stop_259_44919	16.603333333333335
13851	8873	14.711666666666668
7421	17775	5.443333333333333
10648	13586	4.42
9815	8252	13.49
18238	18240	8.998333333333333
17215	8625	12.583333333333334
11248	stop_782_314129	4.903333333333333
10472	10476	1.3416666666666666
10108	8315	14.786666666666667
8898	12718	13.121666666666666
12461	13215	9.110000000000001
9700	13022	7.745
stop_314_92259	stop_1280_364359	11.353333333333333
stop_361_282119	stop_1342_364619	12.078333333333335
7885	11248	7.046666666666667
8403	11420	17.303333333333335
8794	13170	4.408333333333333
7908	stop_203_12519	11.32
7410	18274	11.871666666666666
stop_204_12619	stop_335_260829	9.373333333333333
13055	stop_5_11	12.681666666666667
9436	9434	7.788333333333333
8002	18310	10.406666666666666
12996	10612	11.898333333333333
12560	18254	0.5966666666666666
7820	stop_318_96029	4.986666666666666
12403	12054	7.1033333333333335
12950	13485	12.860000000000001
8353	12364	14.836666666666668
8345	13713	12.016666666666667
9595	9589	14.488333333333333
13706	17546	10.516666666666667
17834	8305	15.095
13958	13957	9.198333333333332
11432	stop_1234_362119	7.28
13492	8130	4.908333333333333
9482	9487	0.9783333333333334
7894	stop_221_32519	9.898333333333333
10222	10223	1.4766666666666666
9878	stop_227_36229	10.963333333333333
18335	stop_1493_373029	12.389999999999999
8115	stop_294_61419	9.84
17918	stop_1234_362129	11.251666666666667
9609	17937	7.501666666666667
stop_6_12	stop_199_11229	12.411666666666667
13586	stop_223_35829	9.023333333333333
7368	stop_1488_3319	10.425
10453	10626	7.006666666666666
8090	8631	3.1883333333333335
12954	stop_242_38829	10.488333333333333
8298	stop_243_39219	9.613333333333333
17891	stop_1493_373029	6.546666666666667
11909	stop_186_7039	15.448333333333332
7375	stop_1491_372319	8.72
13444	13445	11.335
8104	12842	9.6
8581	17821	13.818333333333333
18040	13344	11.360000000000001
12343	14013	4.005
7710	12036	6.878333333333333
8337	7956	9.385
17566	17501	16.768333333333334
12324	13726	4.335
9689	10988	12.633333333333333
10260	12347	5.306666666666667
10115	stop_305_71529	2.506666666666667
stop_335_260829	stop_568_303219	7.221666666666667
13333	9778	5.8116666666666665
7459	17583	13.053333333333335
9590	10940	6.191666666666666
8123	12926	14.176666666666668
stop_242_38829	stop_243_39229	14.221666666666666
13200	13206	7.576666666666667
17703	17501	5.0183333333333335
17915	stop_199_11219	12.666666666666666
13663	stop_307_71829	6.846666666666667
13025	stop_278_57029	10.283333333333333
stop_13_28	stop_252_42019	6.593333333333334
12856	18152	7.463333333333334
13317	17599	12.55
13325	12232	16.03666666666667
8232	10142	14.248333333333333
18144	stop_276_56129	10.535
18289	12314	12.548333333333334
10292	9610	11.996666666666666
12354	stop_267_45919	17.495
7537	13188	10.24
7528	7529	8.108333333333333
17265	9860	12.895000000000001
9166	7502	7.503333333333333
11237	8523	12.936666666666667
8077	stop_276_56119	10.5
8338	stop_331_254829	10.083333333333334
12402	stop_187_7119	6.196666666666667
13696	12353	14.288333333333332
8404	stop_329_253919	12.01
18244	7511	6.735
8402	9918	9.1
7509	13657	2.57
13733	13292	16.529999999999998
18152	stop_289_58929	11.593333333333334
7505	7502	12.011666666666667
13186	7811	11.173333333333334
18080	17987	9.543333333333333
8950	11474	15.520000000000001
8161	9568	8.875
18147	17778	13.151666666666667
13543	9429	7.098333333333333
13803	18221	3.768333333333333
11914	11449	6.878333333333333
8352	8350	8.856666666666666
8358	stop_1103_347119	7.6899999999999995
stop_214_31319	stop_219_32229	12.335
13071	12233	19.15
8103	stop_957_333819	6.671666666666667
12975	12323	7.888333333333334
9722	9814	10.115
10700	13723	11.28
18295	8003	8.026666666666667
10943	11809	18.548333333333336
13815	13931	9.095
10056	17892	13.211666666666668
10052	17965	12.738333333333333
stop_219_32229	stop_226_36129	15.325
stop_303_68119	stop_304_68229	7.176666666666667
10318	9533	13.41
12140	12305	11.323333333333332
17547	8325	5.066666666666666
9638	9645	8.206666666666667
8745	13945	9.639999999999999
stop_216_31929	stop_1487_373629	10.3
12718	stop_325_136019	10.645000000000001
11321	stop_224_35939	15.0
13631	stop_213_31119	12.51
7404	7365	9.781666666666666
18334	9138	15.514999999999999
17501	9139	20.793333333333333
9723	stop_3_7	1.0933333333333333
8980	9038	10.243333333333334
17321	11174	11.996666666666666
12899	stop_12_24	10.218333333333334
12719	stop_205_12729	11.451666666666666
13114	17957	9.815
9051	13052	11.620000000000001
12010	7885	5.133333333333334
11619	11620	0.5016666666666667
13972	12504	10.903333333333334
8104	stop_216_31919	14.723333333333333
9688	9689	0.5766666666666667
8613	8699	29.71833333333333
7930	12954	12.976666666666667
12962	stop_183_6129	6.595
10459	17584	9.47
12878	stop_5_10	8.113333333333333
7441	18146	12.271666666666667
13001	stop_424_287029	12.370000000000001
13718	12717	4.551666666666667
12319	stop_13_25	14.254999999999999
stop_203_12529	stop_204_12619	7.038333333333333
10083	10294	18.96333333333333
11816	11806	1.6333333333333333
12009	stop_216_31919	10.45
8216	8240	2.7449999999999997
stop_6_13	stop_313_86719	12.741666666666667
stop_226_36129	stop_279_57139	14.216666666666667
7477	7448	5.9766666666666675
12851	12989	10.421666666666665
stop_239_37929	stop_242_38829	9.345
12364	8614	16.1
8310	17343	2.125
7893	stop_219_32239	13.738333333333333
9939	17692	15.398333333333333
7984	7971	12.895000000000001
9025	9022	10.135
12378	8692	9.218333333333334
8220	8692	6.406666666666666
8408	stop_239_37919	10.628333333333334
10210	11234	12.235000000000001
9119	stop_283_57619	22.448333333333334
13812	17376	17.011666666666667
8618	stop_1490_366219	12.038333333333332
12595	7369	8.351666666666667
8091	13689	11.103333333333333
17679	12342	5.066666666666666
12930	stop_424_287029	14.223333333333333
stop_261_45119	stop_320_105129	8.326666666666666
7804	8091	21.529999999999998
12869	stop_232_36829	12.483333333333333
8384	12688	2.091666666666667
7818	stop_782_314129	9.761666666666667
8362	8090	6.42
13529	9086	8.28
17544	stop_1493_373019	7.516666666666667
13913	9716	16.96
7809	11248	13.766666666666667
12840	stop_283_57619	6.373333333333333
7482	17779	13.228333333333333
9926	7969	25.733333333333334
13183	7894	16.138333333333332
10177	10178	1.8166666666666667
14013	stop_302_67919	9.081666666666667
8578	9773	7.208333333333333
stop_203_12559	stop_204_12629	7.203333333333333
17941	13055	9.908333333333333
12314	stop_1493_373029	13.726666666666667
8229	10200	3.8633333333333337
13072	13076	0.2916666666666667
8145	10724	6.453333333333333
13409	9501	8.448333333333332
10257	11233	7.1033333333333335
18103	10375	4.636666666666667
9050	7905	10.879999999999999
8414	8384	9.075
7423	13050	12.110000000000001
9666	10942	10.033333333333333
13644	14142	8.933333333333334
stop_323_126229	stop_952_331019	9.713333333333333
8219	8232	7.483333333333333
11915	18009	11.993333333333334
stop_248_41319	stop_250_41819	7.08
7998	12951	13.92
12322	10848	10.014999999999999
7951	12352	12.785
12586	10694	8.778333333333334
17545	7481	12.44
8197	13653	13.148333333333333
12717	17918	10.351666666666667
13615	9551	9.878333333333334
stop_204_12629	stop_222_35719	12.421666666666665
17916	stop_6_12	1.0
18170	stop_257_43519	12.183333333333334
13219	13240	6.666666666666667
8020	stop_12_21	5.591666666666667
8474	7525	10.786666666666667
7953	stop_331_254819	12.345
7416	7390	12.658333333333333
10157	8310	17.741666666666667
7948	stop_250_41819	9.345
10077	12127	11.983333333333333
12367	13737	2.7633333333333336
stop_325_136029	stop_1487_373619	7.421666666666667
8373	17714	13.67
10015	stop_13_28	6.36
11806	11810	11.325
8358	stop_338_56919	2.7066666666666666
9373	13558	4.996666666666667
7515	7413	4.2733333333333325
stop_3_7	stop_1342_364629	14.261666666666667
17771	stop_575_304119	9.155
7460	7457	15.293333333333333
13645	12366	3.7199999999999998
13177	7822	11.756666666666666
12305	7381	9.851666666666667
8205	11169	12.729999999999999
17939	17954	6.88
13676	12416	5.54
7822	stop_214_31329	5.12
7518	13049	15.843333333333334
17560	stop_1489_127119	12.195
17868	8353	12.933333333333334
8429	8431	7.37
13058	stop_257_43519	11.146666666666667
17541	17586	1.0966666666666667
11536	9740	3.945
9923	stop_12_21	14.18
7379	7381	6.621666666666667
12070	11977	5.425
7404	stop_183_6119	6.263333333333334
18162	9596	13.758333333333333
10165	17543	11.068333333333333
9941	9961	12.558333333333334
stop_276_56129	stop_276_56139	3.0016666666666665
13905	7395	5.4783333333333335
stop_314_92229	stop_343_268619	11.851666666666667
7813	11913	11.498333333333333
8625	stop_1342_364629	18.055
8708	8709	1.065
7991	18159	6.975
17258	12521	5.79
8512	9415	15.020000000000001
8801	stop_187_7119	14.333333333333334
9723	stop_1280_364319	9.451666666666666
9650	9653	6.8100000000000005
13539	17379	16.88
10603	stop_1102_347029	12.311666666666667
12466	stop_338_56929	6.835
18357	10467	14.701666666666666
7424	10716	9.373333333333333
11977	11913	7.881666666666666
18285	7375	5.694999999999999
10170	12987	11.883333333333333
9978	17949	1.4983333333333335
17916	stop_575_304119	6.921666666666667
18359	12410	14.01
10543	12415	11.18
9814	stop_1280_364319	16.56
8182	stop_303_68129	9.758333333333333
10499	stop_258_44219	8.661666666666667
9860	11335	6.448333333333333
8327	stop_1489_127129	16.168333333333333
7399	12144	7.586666666666667
7432	7407	3.1550000000000002
18159	11732	11.229999999999999
10988	10987	0.605
13900	13672	6.921666666666667
8672	stop_276_56139	14.506666666666666
stop_187_7129	stop_570_303619	11.543333333333333
12926	18161	8.818333333333333
11311	stop_226_36119	13.625
10848	stop_571_303729	12.226666666666667
7396	7371	12.233333333333333
stop_225_36019	stop_279_57129	7.0600000000000005
10700	stop_224_35929	10.511666666666667
17916	17950	10.03
13481	13480	5.180000000000001
13672	8161	9.681666666666667
stop_237_37729	stop_242_38819	11.59
13030	13017	0.6616666666666667
10212	10163	12.385
7488	8419	11.796666666666665
stop_213_31139	stop_318_96029	12.366666666666667
13023	13789	3.9766666666666666
8787	11017	11.736666666666668
18332	stop_252_42029	7.625
8381	10226	6.696666666666667
8300	8974	9.99
8145	stop_841_317619	14.928333333333335
17909	stop_234_37019	10.604999999999999
13705	17716	12.103333333333333
9542	8412	1.9866666666666668
9923	18080	10.703333333333335
9119	12941	12.276666666666667
8308	9715	7.673333333333333
12010	stop_226_36129	14.346666666666666
13034	stop_187_7129	3.121666666666667
10149	10124	7.3983333333333325
13667	stop_285_58419	15.541666666666666
7529	8475	14.761666666666667
8114	9541	9.158333333333333
stop_203_12539	stop_1234_362119	11.83
12140	12145	2.875
8414	12545	11.866666666666667
8580	8581	0.495
8631	stop_213_31129	18.461666666666666
8296	stop_1495_373529	13.711666666666668
18390	18079	13.53
13718	stop_189_7349	6.071666666666667
8168	12688	7.17
13693	stop_277_56719	1.5816666666666668
17909	12875	11.288333333333332
8222	8245	8.811666666666667
stop_274_46619	stop_342_268519	17.238333333333333
7781	9752	16.981666666666666
11514	12869	18.408333333333335
8389	stop_570_303619	12.44
13586	7894	9.303333333333335
8788	18127	4.625
stop_1_1	stop_257_43519	6.636666666666667
stop_223_35819	stop_223_35829	1.57
13327	13004	14.479999999999999
10372	17811	0.043333333333333335
11913	stop_322_117329	10.856666666666666
stop_322_117319	stop_852_324249	8.275
7496	9034	12.95
12325	9715	10.571666666666665
9895	8020	8.931666666666667
8113	14127	15.385
9119	7820	9.753333333333334
12910	stop_12_19	10.856666666666666
7597	12586	9.566666666666666
13673	9874	15.84
18389	stop_9_17	13.136666666666667
8364	13686	0.6933333333333334
12616	8936	9.621666666666666
7746	9493	11.636666666666667
18311	stop_13_27	7.261666666666667
10613	13637	10.031666666666666
8231	12378	12.495000000000001
8332	11420	10.406666666666666
11977	stop_852_324249	5.3966666666666665
7999	13485	6.276666666666667
9540	9544	7.995
stop_204_12619	stop_1234_362129	8.948333333333332
18364	14155	10.111666666666668
13183	stop_224_35949	12.854999999999999
18329	17546	7.846666666666667
7566	7553	8.065
9642	9637	0.735
12943	8408	7.201666666666667
8636	13405	11.705
7411	9916	4.916666666666667
9722	8625	11.683333333333334
10301	10302	1.0466666666666666
7820	stop_782_314129	2.8183333333333334
8065	17510	17.41
13036	stop_291_61129	5.105
12893	stop_207_12919	2.27
stop_2_4	stop_1342_364619	12.705
10706	8538	9.376666666666667
8363	8103	7.77
17549	stop_1486_372419	2.8633333333333337
13147	11447	10.871666666666666
12935	stop_331_254819	13.041666666666666
13628	8328	10.548333333333334
17268	9389	8.601666666666667
10124	12347	14.528333333333334
9715	13398	14.965
12983	stop_345_268819	12.891666666666667
18127	18128	0.5583333333333333
7447	8305	11.606666666666666
8339	8032	8.595
8130	12926	8.413333333333334
stop_186_7039	stop_189_7329	10.616666666666667
12997	13637	13.278333333333334
17417	10392	7.076666666666667
11539	9741	11.03
stop_278_57019	stop_316_94629	15.856666666666666
12854	8108	7.29
13054	10081	10.768333333333334
8668	12364	8.351666666666667
7366	stop_1493_373029	15.591666666666667
13129	8440	11.458333333333334
7555	13203	4.698333333333333
17258	stop_1342_364619	11.375
8391	8153	11.728333333333333
13080	18024	7.425
10501	11213	13.478333333333333
12320	13710	7.6033333333333335
10055	8367	0.8016666666666666
7984	stop_571_303719	8.896666666666667
7555	11159	10.271666666666667
10626	10455	1.0333333333333334
12719	stop_1102_347019	8.421666666666667
stop_189_7339	stop_205_12719	10.435
18359	8523	13.788333333333332
8104	11306	12.425
17585	17587	6.111666666666666
8408	8409	0.95
8898	8906	5.528333333333333
12350	14013	9.863333333333333
8113	9542	9.271666666666667
10436	10423	5.239999999999999
12910	7956	7.968333333333334
12576	13481	33.04666666666667
8145	8206	9.193333333333333
10164	17587	14.303333333333335
18389	12911	14.375
14052	14041	1.0316666666666667
8088	8362	7.428333333333333
8634	10140	11.96
8032	8337	1.77
17760	12576	14.476666666666667
stop_8_15	stop_575_304129	13.871666666666666
12306	stop_311_82319	8.23
10081	stop_311_82319	2.585
13300	11163	10.323333333333332
12900	stop_243_39219	14.67
8075	stop_276_56129	12.42
17392	17416	1.495
7803	18025	6.265
11730	13527	11.506666666666666
13626	12555	3.9033333333333333
13722	stop_568_303219	0.5566666666666666
10001	13049	6.375
12883	stop_246_40829	6.225
18295	stop_246_40839	13.32
18105	18104	1.6666666666666667
12719	9878	6.308333333333334
12144	8373	8.215
7437	7488	11.66
7439	17668	9.073333333333332
17940	stop_230_36519	11.69
12883	12974	7.475
8197	9714	15.99
17679	18170	12.8
8372	12305	6.956666666666666
7444	7458	16.446666666666665
stop_219_32239	stop_325_136019	4.846666666666667
13630	13188	12.733333333333333
11650	12581	14.47
18028	10323	12.898333333333333
13644	8168	8.04
9717	9720	6.691666666666666
10145	10150	12.663333333333332
8205	12852	1.7233333333333334
10474	17318	6.6899999999999995
10016	9147	11.936666666666667
12575	stop_238_37819	13.706666666666667
13054	stop_214_31329	4.806666666666667
12516	stop_840_317519	2.5949999999999998
stop_224_35929	stop_957_333829	11.021666666666667
8363	stop_213_31119	25.353333333333335
13445	18237	7.411666666666666
10063	7419	14.045
13369	10633	3.756666666666667
8187	9490	8.166666666666666
10560	7885	10.631666666666666
13001	stop_297_62429	1.8283333333333334
10648	7897	11.156666666666666
9470	17695	15.903333333333334
7533	17976	11.22
stop_5_11	stop_232_36819	3.908333333333333
17706	17891	15.276666666666667
7905	stop_321_115429	13.666666666666666
8403	18311	13.058333333333334
stop_226_36129	stop_227_36219	10.601666666666667
7645	7646	12.385
18275	13385	10.176666666666668
8373	12304	5.916666666666667
8794	13166	10.751666666666667
18192	10606	12.79
12718	stop_852_324229	0.21
7908	stop_203_12559	11.801666666666668
11913	12022	12.466666666666667
8163	9875	13.961666666666668
7891	stop_325_136029	5.246666666666667
18309	17377	12.639999999999999
13260	13531	5.991666666666666
13846	13848	10.048333333333334
13863	17896	2.7266666666666666
7432	stop_335_260819	13.136666666666667
10465	8210	10.65
stop_275_56019	stop_275_56029	0.8466666666666666
10466	12135	12.046666666666665
7720	10355	4.735
10824	10897	3.9699999999999998
18023	17589	9.838333333333333
13706	17549	10.976666666666667
12331	12329	4.95
13492	13661	15.438333333333333
18239	18241	15.3
10488	10458	5.798333333333333
stop_208_13019	stop_425_287119	18.876666666666665
10056	stop_1490_366229	12.321666666666665
9050	stop_5_10	12.196666666666665
13378	13360	13.54
12994	stop_339_62119	9.893333333333334
13018	stop_267_45939	2.0166666666666666
7965	stop_272_46419	16.606666666666666
10075	10079	8.65
9034	18290	13.903333333333334
13852	7606	9.951666666666666
9649	9648	0.9433333333333334
11750	17856	10.141666666666667
13338	7734	4.221666666666667
12303	18367	12.145000000000001
13180	8089	7.551666666666667
13586	stop_224_35949	10.618333333333334
7404	stop_570_303629	8.756666666666666
13666	8130	8.336666666666666
18244	stop_203_12519	10.223333333333333
7512	stop_223_35819	15.065
8643	10168	8.18
8975	9041	4.701666666666667
12719	stop_335_260819	5.711666666666667
12911	12902	4.553333333333333
18161	18144	2.5083333333333333
11909	stop_188_7229	5.488333333333333
13972	11591	11.921666666666665
12354	stop_9_17	15.025
8248	13474	6.34
11679	11653	13.861666666666668
8222	8692	14.67
11009	stop_239_37929	10.328333333333335
12567	7980	6.156666666666666
13153	8780	5.736666666666666
12319	stop_313_86719	8.961666666666668
7410	12402	14.493333333333334
18284	18283	0.8816666666666666
17714	stop_1486_372419	12.466666666666667
10115	stop_307_71829	10.456666666666667
18294	7960	5.408333333333333
13679	stop_275_56029	5.446666666666667
8790	8951	9.718333333333334
12139	10157	11.583333333333334
12015	11183	13.443333333333333
7400	7402	19.73166666666667
18409	18242	5.27
9139	18028	12.756666666666666
11769	8211	6.486666666666666
7991	17760	1.5233333333333334
12920	11509	11.836666666666668
8267	8468	6.963333333333334
7951	13695	9.526666666666667
13670	stop_574_304039	1.6083333333333334
11507	stop_316_94619	7.3516666666666675
10065	stop_217_32029	15.261666666666667
18306	8384	13.245000000000001
10559	12970	15.941666666666666
11575	11588	1.5316666666666667
12546	14142	9.014999999999999
11237	8232	5.823333333333333
12998	8182	10.815
12902	13695	3.003333333333333
12402	stop_189_7319	9.479999999999999
8769	stop_571_303729	10.791666666666666
18244	12959	3.091666666666667
13177	stop_283_57629	10.345
17567	18334	11.835
8644	8233	17.421666666666667
stop_222_35729	stop_1102_347029	2.6599999999999997
18333	18286	1.2966666666666666
12846	stop_292_61219	8.945
11516	stop_208_13019	14.918333333333333
8617	17964	14.545
11977	stop_204_12639	10.375
12959	stop_205_12719	1.8016666666666665
18144	stop_952_331019	9.513333333333332
18147	7444	10.223333333333333
7494	17836	2.228333333333333
18291	7946	7.743333333333334
9050	17918	3.0283333333333333
13669	17561	6.035
10125	10151	5.395
8432	8436	18.551666666666666
17919	17912	9.895000000000001
10324	17835	1.5216666666666667
7910	stop_208_13019	15.601666666666667
10070	17965	11.076666666666666
13905	7432	6.371666666666667
18332	18328	3.2150000000000003
stop_285_58429	stop_343_268629	6.5
8475	8708	15.038333333333332
18295	7946	10.508333333333333
8409	12949	11.533333333333333
13544	10787	8.883333333333333
9063	13307	11.326666666666666
17283	stop_343_268619	11.796666666666665
10223	10261	10.213333333333333
8212	13668	1.0533333333333335
stop_296_62319	stop_424_287019	8.038333333333334
13179	stop_224_35919	10.553333333333335
9034	12943	6.3100000000000005
8359	13719	0.9366666666666668
13110	10632	10.521666666666667
stop_183_6119	stop_183_6129	1.6
11170	12853	5.468333333333334
8137	stop_296_62329	17.66
11321	stop_226_36119	11.166666666666666
13631	stop_214_31329	8.696666666666665
7874	18387	10.01
12840	12841	9.168333333333333
7960	stop_342_268529	5.361666666666666
8770	8021	14.646666666666667
10602	stop_1103_347119	9.305
8608	stop_301_63719	9.82
12010	7811	10.905
stop_225_36019	stop_226_36129	7.706666666666666
18014	18015	5.013333333333334
10170	stop_298_63049	5.585
12999	stop_334_258219	13.511666666666667
14166	13722	14.583333333333334
12859	12928	20.746666666666666
13188	8709	4.345
13105	9411	14.476666666666667
7905	7511	16.91
7930	12946	12.78
stop_233_36929	stop_234_37019	3.9383333333333335
7840	14051	8.8
10386	10428	11.471666666666666
stop_311_82319	stop_1487_373629	9.396666666666667
8779	10770	12.808333333333334
8870	13956	10.263333333333332
10001	10717	13.436666666666667
17914	stop_245_40719	9.485000000000001
8615	stop_1343_364719	11.110000000000001
8145	stop_306_71629	13.270000000000001
12341	17690	8.22
7477	7439	11.075
13850	7605	7.931666666666667
11614	13416	8.798333333333334
7893	stop_222_35729	10.498333333333333
8233	8366	3.36
stop_314_92219	stop_314_92249	2.106666666666667
13193	13194	2.246666666666667
12951	stop_241_38329	10.671666666666665
10560	stop_226_36129	11.195
13672	13117	4.803333333333333
8971	13750	11.945
9656	18331	6.2283333333333335
18320	stop_570_303619	18.118333333333332
10648	stop_224_35939	6.8116666666666665
17264	11335	8.706666666666667
8147	8146	8.943333333333333
8906	stop_568_303239	12.398333333333333
stop_213_31139	stop_782_314129	13.136666666666667
12869	stop_234_37029	11.871666666666666
10591	18221	10.273333333333333
8898	stop_202_12429	10.938333333333333
14029	17717	9.860000000000001
8362	8091	10.805
13660	18161	4.105
12934	stop_1_2	4.461666666666667
12717	9149	9.520000000000001
8300	11475	3.5949999999999998
8430	10723	4.79
13356	13373	12.821666666666665
12841	stop_314_92239	14.198333333333332
8112	stop_314_92249	14.34
8018	stop_248_41319	11.076666666666666
stop_203_12559	stop_207_12919	11.275
9461	9465	16.808333333333334
12677	stop_277_56719	11.335
10873	10874	0.6283333333333334
9050	17910	11.398333333333333
17539	17545	1.2516666666666665
13018	12354	16.206666666666667
11801	10631	5.681666666666667
7366	10052	9.928333333333335
13063	stop_841_317630	2.5266666666666664
8219	10550	12.783333333333333
13719	stop_279_57139	9.418333333333333
stop_297_62429	stop_298_63029	6.335
12911	stop_255_42929	5.756666666666666
18161	17958	4.825
11955	stop_574_304029	1.3883333333333332
8300	8301	0.8416666666666667
17545	7441	14.056666666666667
17552	10070	15.666666666666666
8197	8171	5.751666666666667
11797	8053	4.614999999999999
18321	stop_570_303629	24.361666666666668
12409	12335	12.645000000000001
13403	17627	14.885
13615	17861	8.648333333333333
7412	stop_217_32019	11.721666666666666
stop_222_35729	stop_335_260829	12.651666666666667
18287	9030	10.316666666666666
13958	12487	4.486666666666666
9895	7950	10.6
12962	7392	8.653333333333334
12667	10781	74.60166666666667
8187	12326	10.028333333333334
8020	stop_13_27	13.456666666666667
stop_344_268719	stop_345_268819	7.819999999999999
9810	14032	6.1850000000000005
8317	stop_285_58429	7.5233333333333325
8089	11248	8.388333333333334
12298	stop_852_324249	13.491666666666667
12718	stop_204_12619	6.91
7948	stop_253_42319	10.893333333333334
18039	18044	0.77
8898	12958	7.381666666666666
17876	stop_1280_364359	10.691666666666666
13389	13398	7.286666666666666
13052	stop_203_12529	11.693333333333333
stop_221_32519	stop_1102_347019	5.696666666666667
9034	9032	7.461666666666667
7515	17762	8.818333333333333
9018	9734	6.541666666666667
10448	10488	5.383333333333334
11132	13027	8.928333333333335
12669	12670	0.13499999999999998
17939	17959	13.968333333333334
11321	8104	8.906666666666666
17585	stop_1486_372429	9.665
12907	18332	11.333333333333334
10037	12300	12.291666666666666
11471	18032	15.506666666666666
18314	12908	7.318333333333333
17560	stop_1491_372319	7.678333333333333
9119	13178	14.026666666666667
13919	8991	10.6
8584	17959	15.495000000000001
11346	10220	5.668333333333334
17566	13699	17.841666666666665
stop_257_43529	stop_342_268529	3.9983333333333335
17537	18023	5.6
12932	12908	10.126666666666667
12347	12416	5.0233333333333325
stop_292_61219	stop_314_92229	8.151666666666667
13186	11311	7.328333333333333
10596	12403	3.5716666666666668
10165	8618	4.916666666666667
8163	18363	7.081666666666666
9171	11333	9.370000000000001
17954	17959	11.513333333333332
18390	stop_13_28	12.723333333333333
9071	9075	12.156666666666666
8801	stop_189_7319	5.225
12948	12952	4.818333333333333
12859	12994	9.943333333333333
10168	stop_345_268819	9.481666666666666
9723	stop_1342_364619	14.601666666666667
7993	stop_240_38229	6.745
10037	13680	16.955
10052	8618	11.22
11977	7432	12.481666666666666
12989	stop_300_63429	2.125
12954	8405	7.088333333333334
10170	10245	4.908333333333333
10855	13666	1.6783333333333335
17941	stop_386_285929	8.363333333333333
10560	8630	13.866666666666667
11970	8870	4.8133333333333335
7891	11909	12.879999999999999
12300	10331	5.611666666666666
12941	stop_219_32219	9.541666666666666
8337	7957	12.479999999999999
8667	13297	10.493333333333334
stop_232_36819	stop_233_36929	5.923333333333333
8327	stop_1491_372329	11.55
10825	12743	13.115
12594	17562	8.831666666666667
7432	13034	3.815
13421	8844	9.295
7983	stop_237_37729	10.553333333333335
9533	17508	14.218333333333334
8125	8128	7.4766666666666675
12880	stop_1556_381019	9.378333333333334
stop_240_38229	stop_241_38319	2.585
14052	11714	10.741666666666667
stop_267_45939	stop_274_46619	8.388333333333334
7505	7490	5.225
18023	10050	7.491666666666666
stop_293_61329	stop_314_92239	3.3983333333333334
12957	stop_241_38319	5.3983333333333325
10016	stop_250_41829	10.2
7993	stop_329_253919	6.1433333333333335
18244	stop_852_324219	9.498333333333333
12923	8769	2.65
10495	10353	14.506666666666666
7488	7494	8.426666666666668
stop_290_61019	stop_291_61119	4.963333333333334
12410	10145	8.66
7630	11618	4.180000000000001
13201	13237	11.963333333333333
8972	9038	10.626666666666667
7808	13556	10.770000000000001
18288	stop_189_7339	11.895000000000001
12070	stop_189_7329	7.595
18297	12901	10.815
12984	stop_285_58419	7.613333333333333
7489	7503	6.708333333333333
18144	13114	9.051666666666668
9542	8145	6.511666666666667
stop_199_11219	stop_245_40729	7.458333333333333
stop_280_57229	stop_290_61029	8.333333333333334
13715	stop_202_12429	15.56
8414	stop_840_317519	11.6
10717	10063	10.598333333333333
10700	12298	6.4
13665	stop_820_315829	13.629999999999999
7970	stop_258_44219	9.946666666666665
18274	stop_219_32239	10.22
8027	17986	13.963333333333333
8669	8220	11.745000000000001
7959	stop_1_1	7.925
10842	18065	6.276666666666667
18310	stop_252_42019	2.896666666666667
13371	13356	7.921666666666667
8389	17830	3.5433333333333334
7511	stop_202_12429	12.098333333333333
10560	stop_282_57519	11.668333333333333
18048	18050	2.5983333333333336
7434	18288	4.378333333333333
10499	17691	12.721666666666666
10016	18311	3.9366666666666665
10510	18170	12.866666666666667
8362	stop_957_333829	13.261666666666667
stop_13_27	stop_248_41319	12.543333333333333
10166	18336	9.853333333333333
11514	12871	12.271666666666667
12307	stop_318_96029	7.361666666666666
8361	stop_219_32239	13.441666666666666
stop_223_35819	stop_224_35949	10.026666666666667
13152	13299	7.083333333333333
8299	stop_329_253929	2.4433333333333334
11798	10630	13.575
13746	7437	6.468333333333334
11913	stop_325_136029	11.548333333333334
12886	stop_841_317619	5.95
12326	18306	7.27
11666	11656	7.783333333333333
18332	8017	13.67
17884	stop_258_44219	14.78
10392	10385	9.641666666666667
11432	stop_322_117319	11.71
12939	7407	13.638333333333332
13945	13928	8.901666666666667
13660	17956	14.51
stop_292_61229	stop_344_268719	8.711666666666668
13171	13168	11.44
18038	18039	5.163333333333333
17628	17627	0.6033333333333334
13941	13944	7.183333333333334
8615	stop_841_317630	8.118333333333334
13316	17598	6.951666666666667
7496	7492	12.421666666666665
11282	17376	21.05666666666667
8228	10171	12.706666666666667
18275	13532	9.128333333333334
17918	stop_322_117329	10.541666666666666
8084	stop_290_61029	12.25
12909	stop_13_25	8.42
7891	stop_852_324239	7.3983333333333325
12992	stop_297_62429	6.948333333333333
12943	8332	14.223333333333333
13731	7968	4.221666666666667
7426	9916	2.006666666666667
stop_13_26	stop_13_27	2.753333333333333
13036	stop_293_61329	6.056666666666667
12940	stop_213_31129	12.781666666666666
13102	11541	11.371666666666666
17282	8625	12.966666666666667
12845	12842	3.9383333333333335
8672	8076	10.366666666666667
stop_1489_127119	stop_1491_372319	5.135000000000001
12983	stop_361_282119	15.071666666666665
12595	17589	12.504999999999999
8781	13300	13.741666666666667
13718	12022	9.235000000000001
8130	13899	11.681666666666667
7498	12953	10.985000000000001
10209	10332	10.758333333333333
7459	7505	2.0966666666666667
17389	10394	4.558333333333334
17878	18240	15.663333333333332
13737	10612	6.930000000000001
12350	13637	13.795
17705	17501	6.368333333333334
10465	stop_307_71829	9.5
13080	7808	11.808333333333334
13158	10909	10.413333333333332
17501	17577	5.181666666666667
10055	10165	5.3149999999999995
stop_290_61029	stop_314_92219	8.201666666666666
18320	stop_186_7029	8.791666666666666
12909	12897	8.543333333333333
17584	10596	7.035
17690	stop_342_268519	12.135
17538	8617	6.573333333333333
12719	stop_1234_362119	14.656666666666666
14029	14073	4.785
18305	13960	11.74
10700	stop_335_260829	12.848333333333333
18359	8232	9.236666666666668
17218	stop_361_282119	5.506666666666666
8408	12945	8.028333333333332
12677	12859	6.211666666666667
12136	10202	9.238333333333333
11751	13526	10.418333333333333
12926	stop_276_56119	1.6083333333333334
10405	18120	14.451666666666666
7358	11233	11.120000000000001
13975	13972	1.4200000000000002
13019	17987	5.095
12989	12993	2.2083333333333335
10503	13737	10.885
7367	18286	11.121666666666666
17909	stop_386_285919	5.051666666666667
8249	8248	3.6116666666666664
8604	17941	12.806666666666667
17567	17577	11.028333333333334
8740	13952	14.358333333333333
8032	7952	9.156666666666666
7836	8893	8.458333333333334
12964	13660	8.764999999999999
9492	9489	0.9883333333333333
9551	17987	11.191666666666666
13025	stop_316_94619	14.041666666666666
9139	17583	11.381666666666666
7416	13707	12.685
10500	stop_342_268529	9.901666666666667
10332	10040	1.275
18291	stop_250_41819	11.166666666666666
12946	stop_328_253829	9.92
17911	17771	9.663333333333332
7803	7817	14.158333333333333
8358	stop_321_115419	13.086666666666668
stop_568_303239	stop_852_324219	6.705
9722	8219	7.806666666666667
8147	11169	4.203333333333333
7928	12949	8.353333333333333
18295	stop_250_41819	6.9766666666666675
9119	7805	5.973333333333333
10694	12749	15.073333333333332
7439	17778	10.568333333333333
8779	13095	14.108333333333333
13675	12333	7.413333333333333
7624	11617	10.955
stop_282_57529	stop_284_57719	9.083333333333334
8899	stop_189_7329	7.838333333333334
7367	17964	10.365
8599	stop_290_61019	1.0883333333333334
stop_189_7329	stop_852_324219	9.388333333333332
7804	7822	9.081666666666667
stop_296_62319	stop_297_62419	10.236666666666668
8335	stop_254_42419	6.153333333333333
12886	8206	7.941666666666666
13317	10180	19.565
17561	8325	6.528333333333333
10109	8138	13.096666666666666
stop_230_36549	stop_1103_347119	14.738333333333333
7534	13630	0.925
stop_279_57129	stop_290_61019	11.57
7496	12356	9.66
17918	stop_202_12419	13.953333333333335
17414	17394	7.636666666666667
stop_302_67919	stop_334_258219	7.391666666666667
12871	stop_208_13029	6.635000000000001
17655	17656	6.961666666666667
12022	stop_189_7329	12.49
8205	10117	7.9766666666666675
12911	stop_12_21	9.658333333333333
17940	7910	5.819999999999999
11306	stop_957_333819	8.808333333333334
13760	17957	8.686666666666667
12470	stop_316_94629	13.47
stop_224_35929	stop_1102_347029	9.35
12945	stop_329_253919	12.42
12984	stop_343_268619	2.033333333333333
8363	stop_214_31329	19.238333333333333
12746	13852	6.838333333333334
10242	11603	10.728333333333333
10063	17765	10.851666666666667
7962	stop_257_43529	12.578333333333335
7905	10603	15.556666666666667
17717	7568	10.098333333333333
18295	10849	11.483333333333333
10498	17832	11.116666666666667
10560	7811	4.511666666666667
12499	12340	6.0600000000000005
13001	stop_298_63049	6.428333333333333
7481	12309	6.348333333333333
12318	8299	7.78
stop_222_35719	stop_224_35939	11.7
stop_5_11	stop_234_37019	11.75
9533	9546	5.203333333333333
12961	7430	11.533333333333333
8373	12302	6.483333333333333
7951	stop_12_24	10.270000000000001
7894	stop_957_333829	14.663333333333332
10429	10431	9.811666666666667
11432	7512	10.254999999999999
13260	13534	6.868333333333334
18005	11449	9.604999999999999
7492	7449	6.4350000000000005
7720	10495	10.43
8493	13147	11.71
12902	stop_12_24	13.065
7450	17929	4.1433333333333335
11741	stop_1_2	10.386666666666667
10208	10199	11.186666666666667
17892	17552	10.651666666666667
18159	18157	2.6883333333333335
11839	11842	11.176666666666668
7398	17561	9.623333333333333
10607	13154	4.256666666666667
10056	stop_1492_372629	13.436666666666667
13378	11583	12.051666666666668
8108	stop_343_268629	11.686666666666667
12717	9049	12.336666666666668
8528	14151	10.381666666666666
8089	12845	13.481666666666666
8103	13689	4.883333333333334
17718	17381	7.62
stop_187_7129	stop_188_7219	6.333333333333333
9904	12984	10.466666666666667
13586	stop_226_36129	14.336666666666668
17549	17563	5.38
7572	11709	9.708333333333334
8399	7962	3.6016666666666666
7472	7459	12.851666666666667
10379	17420	12.848333333333333
7495	12310	4.941666666666666
12368	10613	6.645
11455	18101	0.7533333333333334
18152	10169	13.705
9904	10313	8.936666666666667
9899	12849	6.739999999999999
12875	stop_232_36819	9.16
13738	17692	14.441666666666666
7490	7439	9.198333333333332
13063	stop_307_71819	6.925
10426	13439	6.3
11009	stop_241_38329	9.506666666666666
8789	13474	3.8733333333333335
7646	17628	9.525
17750	17752	10.063333333333333
10213	13539	11.975
17590	stop_1488_3319	7.180000000000001
9045	9041	2.856666666666667
8359	13586	8.208333333333334
10096	10109	7.511666666666667
13816	8228	15.79
7496	7452	10.715
13679	stop_277_56719	4.886666666666667
stop_241_38329	stop_328_253829	10.860000000000001
18016	10766	9.091666666666667
18029	stop_275_56029	11.703333333333335
8113	9544	3.675
7970	stop_330_254329	15.01
7400	7390	12.31
9139	7493	12.775
7991	7928	10.53
stop_226_36119	stop_1102_347019	12.866666666666667
10245	12989	10.514999999999999
9859	11331	12.745000000000001
9032	12310	12.588333333333333
7951	18079	4.971666666666667
18294	10499	10.383333333333333
18267	18266	0.8916666666666667
8192	10706	0.81
8298	12951	2.1483333333333334
13329	stop_304_68229	7.636666666666667
7999	12950	7.614999999999999
8103	stop_283_57619	4.645
7809	stop_217_32019	6.395
9166	8305	13.076666666666666
11237	10550	6.191666666666666
13183	stop_213_31139	20.326666666666664
12902	18079	9.95
8584	18304	7.58
13432	13433	0.8966666666666666
7808	13554	5.016666666666667
13034	8899	13.270000000000001
9910	9753	8.685
7387	8328	12.128333333333334
9542	10724	9.988333333333333
18333	7481	6.71
8404	12950	7.180000000000001
12932	stop_248_41329	10.623333333333333
8265	8268	10.573333333333332
13836	13840	15.645000000000001
11508	8075	8.483333333333333
18271	17378	14.751666666666667
9810	13533	11.025
17540	17714	3.146666666666667
12317	7742	7.541666666666667
8447	8448	0.6283333333333334
7891	stop_204_12629	13.231666666666666
18291	8018	6.5633333333333335
13669	7381	11.901666666666667
10125	12335	7.431666666666667
9629	9631	9.106666666666666
stop_299_63229	stop_300_63429	11.496666666666666
13696	stop_260_29	36.318333333333335
10871	7534	8.795
13640	13656	5.263333333333334
17956	stop_323_126219	9.963333333333333
8415	13677	12.84
13617	stop_273_46519	11.743333333333334
17545	18092	7.236666666666666
17912	stop_6_12	11.733333333333333
17668	17835	11.451666666666666
10546	10489	10.378333333333334
12807	12809	0.7016666666666667
8090	8630	10.573333333333332
10190	10507	9.583333333333334
18295	8018	13.273333333333333
18292	stop_12_20	11.56
17283	stop_345_268819	9.935
12718	12009	11.354999999999999
stop_204_12629	stop_568_303219	10.513333333333332
9694	9692	10.333333333333334
9034	8409	12.143333333333334
8359	13717	9.893333333333334
17861	stop_273_46519	12.483333333333333
10241	10242	5.77
12307	17908	9.860000000000001
stop_204_12639	stop_230_36539	16.96333333333333
12931	stop_13_28	7.408333333333333
13676	13095	17.776666666666664
8137	stop_298_63029	13.895000000000001
8798	12868	6.405
13534	8661	9.7
13905	stop_187_7119	5.968333333333334
18311	stop_571_303729	8.221666666666668
8608	stop_303_68119	7.9766666666666675
8634	8216	2.1266666666666665
12594	stop_1489_127119	11.043333333333333
13586	stop_338_56929	10.03
14166	7430	5.863333333333333
10210	10209	4.61
18329	stop_1486_372439	8.426666666666668
13667	8599	11.943333333333333
7840	13210	28.7
8780	8779	5.578333333333333
17912	17914	11.101666666666667
7805	18025	5.696666666666667
18328	stop_571_303729	10.775
10737	12221	6.798333333333333
stop_8_16	stop_245_40719	12.115
17919	17951	13.401666666666667
8528	18238	7.881666666666666
18292	12909	8.27
10489	10449	3.6533333333333333
10001	10063	9.386666666666667
17914	stop_246_40839	10.155
7471	stop_386_285929	10.871666666666666
12926	stop_424_287019	14.725
14051	14017	12.495000000000001
7805	8097	20.084999999999997
17649	17666	1.6683333333333332
stop_205_12729	stop_568_303239	15.573333333333332
18024	8362	20.296666666666667
8798	7458	9.141666666666667
10165	stop_1492_372619	8.971666666666666
12910	7957	4.6883333333333335
stop_219_32239	stop_311_82329	12.473333333333333
13177	13183	2.7983333333333333
7936	8769	11.95
8090	stop_282_57519	13.306666666666667
11024	11026	6.693333333333333
stop_203_12539	stop_322_117319	13.693333333333333
10496	12374	10.178333333333335
12951	stop_243_39229	8.635
10313	stop_345_268829	8.545
17912	stop_575_304119	5.256666666666666
13720	8363	14.406666666666666
8317	12847	8.47
10648	stop_226_36119	10.639999999999999
10052	stop_1492_372619	15.191666666666666
7369	12312	14.225
17547	17562	5.2733333333333325
13696	7957	3.0900000000000003
8735	8737	6.2283333333333335
10415	17424	10.385
13225	13227	7.128333333333333
9549	stop_279_57119	12.2
13660	13672	14.354999999999999
8084	9549	12.196666666666665
9895	stop_254_42429	8.698333333333332
13131	12016	6.291666666666667
7412	7419	6.325
10114	stop_306_71619	9.358333333333333
13714	13715	4.763333333333334
13133	13149	8.028333333333332
8018	stop_252_42019	13.013333333333332
11506	11821	10.965
17245	9723	9.246666666666666
9895	13724	1.155
7687	12589	7.8516666666666675
9939	12554	10.66
17912	17950	4.126666666666667
7420	7410	9.258333333333333
7394	7387	11.218333333333334
13337	8472	12.145000000000001
13687	8192	11.566666666666666
11474	11475	0.8450000000000001
7965	11742	10.138333333333332
17714	17563	8.233333333333333
12952	11420	12.181666666666667
9120	7885	11.991666666666667
8002	stop_329_253929	8.116666666666667
8399	stop_330_254319	24.516666666666666
7999	8002	6.756666666666666
10378	17395	21.293333333333333
stop_297_62429	stop_299_63229	13.028333333333334
7808	stop_213_31119	10.918333333333333
13062	8625	11.661666666666667
12307	stop_782_314129	5.0233333333333325
14008	18267	8.498333333333333
17552	18146	17.058333333333334
13329	8192	8.686666666666667
10186	10091	7.5633333333333335
13058	stop_1_1	17.266666666666666
8219	12378	9.048333333333334
12950	11420	4.8533333333333335
11913	stop_852_324239	6.746666666666667
18203	18208	1.3533333333333333
12135	13299	14.961666666666668
9895	8017	9.941666666666666
13492	8127	12.885
8021	8017	6.451666666666667
8118	stop_1103_347129	14.59
12010	stop_782_314119	12.465
9810	10269	11.333333333333334
13354	9398	5.595
10444	13704	10.508333333333333
13005	13637	13.491666666666667
9878	stop_221_32519	7.9766666666666675
7424	7820	12.4
8371	8327	8.646666666666667
10849	13485	13.26
12860	11507	14.458333333333334
10318	9966	13.25
12363	12364	1.2533333333333334
7460	8304	15.538333333333332
7418	7426	12.17
13719	stop_1103_347129	7.4
11321	12842	12.196666666666665
10037	10211	7.538333333333333
13664	stop_2_4	5.681666666666667
9969	9960	15.433333333333334
8254	8255	10.121666666666666
10166	18254	11.391666666666667
7822	stop_221_32519	12.793333333333333
10724	14127	8.415
12521	10468	6.253333333333333
18314	8020	5.596666666666667
18297	stop_12_19	1.0666666666666667
11212	11698	5.16
9119	8089	11.288333333333332
12845	11306	13.055
stop_298_63039	stop_300_63419	11.246666666666666
12902	stop_259_44929	11.638333333333332
stop_1_2	stop_267_45919	17.425
stop_233_36929	stop_386_285919	12.778333333333334
9035	stop_237_37719	10.81
stop_321_115429	stop_386_285919	15.836666666666668
10164	stop_1488_3319	4.9783333333333335
18055	stop_2_4	4.835
10078	12129	5.0233333333333325
14127	14130	1.5583333333333333
7419	7417	7.319999999999999
8798	9166	4.318333333333333
12886	8615	10.783333333333333
10050	17577	15.573333333333332
10849	7980	11.106666666666666
10559	stop_224_35949	16.053333333333335
13850	8873	13.426666666666668
stop_278_57019	stop_820_315829	9.0
13081	stop_272_46429	7.4350000000000005
11472	13445	11.786666666666667
14032	10028	9.141666666666667
7946	stop_313_86729	13.278333333333334
9701	13022	6.83
7993	stop_242_38829	0.7666666666666667
8615	8616	1.1266666666666665
12888	stop_574_304029	13.455
13679	12859	19.716666666666665
stop_1486_372429	stop_1489_127119	12.565
11977	12457	14.321666666666665
12354	stop_257_43519	14.551666666666668
10855	12926	4.375
13626	12120	10.315
11970	12613	4.28
13079	7710	12.338333333333333
12300	10208	12.603333333333333
12975	stop_246_40829	2.2383333333333337
13052	7472	7.736666666666666
8201	stop_307_71829	12.066666666666666
10468	10465	1.2233333333333334
12975	12974	4.03
10116	stop_305_71519	4.623333333333333
7448	7447	6.068333333333333
11680	11650	17.93166666666667
13054	8361	15.631666666666666
7983	stop_240_38219	5.180000000000001
17696	8924	12.051666666666668
17567	8367	6.236666666666666
8863	12609	14.231666666666666
18092	18028	11.388333333333332
12940	13631	3.225
7505	7488	8.556666666666667
9492	11648	18.368333333333332
17545	stop_1493_373029	6.63
17552	stop_1494_373119	9.023333333333333
13660	stop_276_56119	9.71
8144	8113	2.485
12923	12353	12.99
13042	stop_187_7119	3.128333333333333
12352	stop_273_46529	17.548333333333336
stop_290_61019	stop_293_61319	15.256666666666666
10502	11698	6.966666666666667
8112	9540	6.9766666666666675
13201	11159	10.706666666666667
8972	11636	12.996666666666666
7535	13189	9.573333333333332
7477	stop_202_12419	9.393333333333334
17824	13657	6.218333333333334
17819	8512	8.4
stop_224_35949	stop_957_333829	11.379999999999999
8098	8631	2.0216666666666665
8299	stop_243_39219	9.106666666666666
11603	10030	3.2866666666666666
10185	10186	0.865
12404	12405	11.586666666666668
12332	13728	12.508333333333333
7365	17587	10.325
7437	17583	13.504999999999999
stop_199_11219	stop_246_40849	12.354999999999999
17794	9847	10.895000000000001
7706	12036	7.09
18274	stop_222_35729	12.518333333333334
12351	18307	11.095
13527	9060	4.455
11248	stop_311_82319	7.8933333333333335
8795	8793	4.961666666666667
8669	8230	6.288333333333333
10409	10372	6.431666666666667
8441	12015	19.298333333333336
12140	17824	13.185
8315	stop_276_56129	18.17
8389	12966	10.641666666666667
10480	8311	8.558333333333334
8791	13166	14.971666666666666
7511	stop_203_12549	6.543333333333334
10753	8973	9.845
13037	stop_1280_364329	11.743333333333334
7404	13669	3.3433333333333333
17835	7449	11.426666666666668
12020	12019	0.5983333333333333
11731	9060	10.995000000000001
12472	stop_278_57029	9.521666666666667
18010	18003	12.041666666666666
13699	17965	12.270000000000001
stop_13_27	stop_252_42019	5.775
13350	9380	3.8266666666666667
12719	stop_189_7339	10.041666666666666
8478	stop_254_42419	4.526666666666667
stop_223_35819	stop_226_36129	12.201666666666666
8633	7803	0.8200000000000001
18293	11741	5.183333333333334
12298	7885	14.683333333333334
13746	12312	9.975
7375	8325	13.853333333333333
18332	12323	12.416666666666666
17380	17377	11.825
7930	8003	10.685
stop_221_32529	stop_1487_373629	12.206666666666667
7533	13188	9.178333333333335
12357	17307	14.061666666666667
7400	stop_183_6129	18.958333333333332
8118	stop_338_56929	8.798333333333334
10991	stop_5_10	14.825
18064	13749	11.446666666666665
8018	18390	3.4
18389	stop_12_24	8.764999999999999
11433	stop_205_12729	9.998333333333333
8898	11913	14.678333333333335
10445	9490	17.033333333333335
stop_1103_347119	stop_1103_347129	0.4266666666666667
12070	7511	7.52
13337	11568	10.353333333333333
18275	18366	10.366666666666667
8124	8125	6.819999999999999
12305	stop_183_6129	10.761666666666667
7780	9407	1.15
12992	stop_298_63049	3.0733333333333333
12943	12957	15.68
12521	stop_1343_364729	6.096666666666667
12353	stop_330_254319	13.895000000000001
12958	stop_203_12559	6.473333333333333
13717	8672	11.606666666666666
12940	stop_216_31919	5.671666666666667
13804	18221	4.4350000000000005
12616	18385	18.128333333333334
13023	18292	10.583333333333334
7358	10210	13.986666666666668
12747	7606	2.6366666666666663
7885	stop_219_32239	0.9683333333333334
17562	stop_1486_372419	3.3666666666666667
10877	14005	14.386666666666667
13719	9505	13.465
18292	12319	15.346666666666666
7459	7478	9.311666666666667
stop_279_57139	stop_280_57219	5.1033333333333335
8537	stop_239_37919	1.535
17825	17826	0.3016666666666667
17549	7369	15.08
18092	9139	11.870000000000001
17543	17891	2.8183333333333334
18146	12310	12.731666666666666
12317	8091	13.43
12853	stop_299_63219	9.306666666666667
10055	18284	12.975
stop_290_61029	stop_314_92259	10.2
12946	stop_242_38819	5.9783333333333335
8229	12135	1.82
10164	17576	12.44
9050	9049	0.7783333333333334
11636	11639	6.871666666666667
11251	9139	20.291666666666668
7423	7519	7.163333333333333
13207	13238	0.37
7490	12310	10.983333333333333
10560	13179	7.346666666666667
13729	11174	11.79
stop_188_7219	stop_852_324249	10.705
10062	stop_196_8719	10.498333333333333
12926	stop_277_56729	13.876666666666667
13975	12504	9.586666666666668
8799	stop_574_304029	5.92
10467	10200	15.831666666666667
stop_841_317619	stop_841_317650	0.89
17832	12556	4.78
12312	7448	14.33
17272	17273	0.5399999999999999
17266	17272	2.9833333333333334
7367	7481	6.181666666666667
7407	8389	3.5433333333333334
7454	stop_246_40819	12.596666666666666
12964	18144	8.156666666666666
18343	stop_320_105119	18.38
11079	stop_188_7229	14.343333333333334
18291	stop_253_42319	10.285
7463	7448	3.7800000000000002
8950	8951	0.5666666666666667
9147	stop_248_41329	8.43
10991	17918	3.453333333333333
18291	8027	11.103333333333333
11306	stop_280_57219	10.07
8442	11183	4.125
11507	stop_820_315819	10.633333333333333
7928	12951	10.353333333333333
8415	8166	8.736666666666668
11678	11660	22.351666666666667
12911	stop_331_254819	12.08
8898	stop_852_324249	11.841666666666667
12144	7390	9.18
13081	12352	17.221666666666668
7439	7444	14.868333333333334
12126	12127	0.18666666666666665
11639	9044	3.7933333333333334
stop_285_58429	stop_292_61229	8.110000000000001
11432	stop_203_12529	3.728333333333333
13675	10149	13.531666666666666
7744	17600	86.63000000000001
12934	stop_342_268519	11.075
12893	stop_232_36829	10.076666666666666
17283	stop_292_61219	13.871666666666666
13352	8520	7.5216666666666665
13380	12234	7.239999999999999
7527	7533	11.175
18286	17964	14.623333333333333
7379	17586	7.596666666666667
8362	7822	12.815
12908	stop_12_20	8.245
7471	stop_204_12639	7.6066666666666665
7534	10232	12.426666666666668
7379	18256	15.206666666666667
17918	stop_203_12539	3.128333333333333
18053	10193	8.666666666666666
7894	stop_280_57229	10.911666666666667
18009	10856	4.7733333333333325
12367	12350	8.561666666666667
9030	17835	15.031666666666666
12750	13843	11.173333333333334
17940	13055	9.775
18277	17378	14.876666666666667
7813	7811	7.123333333333333
12426	17321	8.406666666666666
7651	7645	3.1566666666666667
8137	9142	13.845
10410	10415	5.176666666666667
10063	13050	11.761666666666667
13789	stop_6_12	6.446666666666667
8526	14153	10.843333333333334
18295	8015	14.313333333333333
12571	18155	4.196666666666667
18285	13705	14.79
12318	10848	10.231666666666666
stop_260_29	stop_261_45119	13.41
9814	stop_841_317650	14.793333333333333
12885	12521	7.638333333333334
9493	7738	12.151666666666667
12961	13042	10.396666666666667
13699	17543	16.375
8523	stop_3_6	11.138333333333332
7950	stop_13_28	14.438333333333333
10213	17378	12.963333333333333
12859	stop_338_56929	12.19
14023	14020	12.093333333333334
9878	stop_1487_373619	12.26
9120	8630	20.53166666666667
13651	stop_12_21	6.636666666666667
11432	13053	10.29
18256	18257	4.986666666666666
8241	8777	10.971666666666666
10234	10078	9.441666666666666
14073	18257	19.608333333333334
18152	8345	8.663333333333332
13665	13717	14.281666666666666
12995	stop_303_68129	1.6583333333333334
stop_325_136019	stop_1487_373619	7.9383333333333335
12407	10261	15.786666666666667
7720	10353	9.575
13628	stop_183_6119	2.335
18244	stop_568_303239	12.398333333333333
stop_1342_364629	stop_1343_364719	10.928333333333335
17892	17478	10.43
7822	stop_1487_373619	10.139999999999999
17265	17274	0.8883333333333333
10356	13292	9.275
7818	stop_311_82319	7.526666666666667
8345	10169	8.403333333333332
7398	7381	11.178333333333335
12915	12927	7.573333333333333
10056	stop_1494_373129	15.29
12851	stop_306_71619	9.345
13681	12416	4.456666666666666
13789	17914	7.055000000000001
8108	stop_345_268829	3.67
9923	stop_571_303729	12.261666666666667
12967	stop_214_31329	6.64
10053	17562	14.341666666666667
7482	7477	12.801666666666668
17547	stop_1489_127119	13.836666666666668
stop_241_38329	stop_242_38819	5.411666666666666
18367	17716	17.596666666666668
11514	stop_208_13029	18.408333333333335
8801	18288	13.315
8328	7375	5.663333333333333
10482	11164	11.666666666666666
13111	9465	10.745000000000001
13666	12929	11.901666666666667
8152	10508	18.603333333333335
12298	stop_226_36129	11.636666666666667
stop_224_35939	stop_325_136029	11.438333333333333
7472	7477	12.431666666666667
8975	11474	10.501666666666667
8332	stop_238_37819	9.121666666666666
10991	17910	14.026666666666667
13724	8335	13.2
12875	stop_234_37019	0.795
17912	stop_1556_381029	9.408333333333333
stop_285_58419	stop_285_58429	0.20166666666666666
12009	11913	11.629999999999999
7811	stop_226_36129	13.598333333333333
17590	stop_1490_366219	0.88
9549	stop_314_92239	11.07
7984	12354	8.603333333333333
13620	17861	5.343333333333334
18056	stop_8_16	0.765
17308	13480	25.16
10096	8413	9.521666666666667
13200	13207	16.913333333333334
13816	10549	13.696666666666665
10778	10779	2.0633333333333335
12941	stop_1487_373629	6.183333333333334
10463	12581	8.776666666666667
stop_9_17	stop_253_42319	5.921666666666667
stop_330_254319	stop_330_254329	0.8116666666666668
7420	7421	1.285
18029	stop_277_56719	10.99
10000	7421	9.138333333333332
8975	8300	6.885000000000001
8252	11475	4.261666666666667
9966	12557	6.078333333333333
13420	9500	10.104999999999999
7481	7478	11.088333333333333
9859	11335	6.405
12401	7407	8.185
13587	stop_279_57139	13.96
13708	12574	15.288333333333332
8315	stop_424_287029	4.878333333333333
8630	stop_213_31129	27.075
10668	10665	9.111666666666668
8231	8366	10.233333333333333
10560	stop_782_314119	10.353333333333333
stop_213_31129	stop_217_32019	14.665
18065	12378	11.706666666666667
7410	stop_188_7219	14.588333333333333
12305	18329	3.4283333333333332
7999	11420	12.26
stop_852_324219	stop_1234_362129	15.161666666666667
13183	stop_216_31929	11.401666666666667
18150	7493	11.288333333333332
stop_221_32529	stop_223_35819	8.706666666666667
10092	18019	7.375
8584	8161	9.538333333333332
8229	13299	16.00166666666667
12899	stop_248_41319	6.538333333333333
9899	7894	11.035
8892	9866	7.1899999999999995
9910	10301	11.095
10323	17834	1.5216666666666667
17941	stop_207_12929	8.305
8293	12018	10.486666666666668
11237	12378	16.465
13616	13617	2.1533333333333333
12935	stop_320_105119	3.033333333333333
8404	11420	11.353333333333333
stop_255_42929	stop_260_29	30.38
12932	stop_252_42029	12.683333333333334
13715	stop_852_324249	8.591666666666667
11508	11507	6.298333333333333
7447	7493	7.739999999999999
10200	13300	14.0
18294	7961	10.43
17271	12886	10.731666666666666
9050	stop_203_12519	1.6400000000000001
stop_187_7119	stop_335_260829	14.031666666666666
8706	17598	79.08666666666666
13632	stop_342_268519	11.51
11686	11677	2.1216666666666666
stop_5_11	stop_386_285919	4.743333333333334
13813	9359	6.5600000000000005
7498	8000	11.218333333333334
9170	18240	13.021666666666667
7494	10324	6.54
17330	11446	4.055000000000001
9720	10781	11.286666666666667
13061	12326	7.066666666666666
8032	stop_255_42929	4.788333333333333
13669	7366	9.661666666666667
10125	10124	8.376666666666667
12964	17958	10.426666666666668
7511	stop_852_324249	6.926666666666667
9147	8020	4.819999999999999
12303	8328	12.888333333333332
9451	13113	11.826666666666666
7957	stop_9_17	5.838333333333334
11321	11306	4.6483333333333325
17545	10052	9.528333333333334
17668	8305	7.430000000000001
10189	18053	8.668333333333333
10081	stop_214_31319	9.356666666666666
12807	13517	15.228333333333333
12541	17973	7.741666666666666
18314	7950	13.508333333333333
12881	stop_313_86729	9.514999999999999
8301	9046	9.635
13908	9487	4.333333333333333
9062	17303	7.095
12861	stop_344_268729	0.9166666666666666
stop_222_35739	stop_223_35829	4.583333333333333
13483	12572	13.391666666666667
12307	11079	10.645000000000001
8823	8826	13.155
8230	13662	6.248333333333333
13335	13336	0.5433333333333333
13810	13930	5.278333333333333
13896	13898	0.29
12009	stop_852_324249	12.548333333333334
7744	17599	92.07333333333332
8668	9874	14.036666666666667
8634	12518	14.465
9169	stop_1234_362129	10.706666666666667
7741	9493	10.536666666666667
8512	17821	10.135
14166	13042	7.739999999999999
13667	12985	6.62
7893	stop_1102_347019	10.468333333333334
13679	8128	9.033333333333333
7365	stop_1486_372429	12.783333333333333
13846	10898	12.31
8633	8631	8.731666666666666
12953	stop_240_38229	8.801666666666668
17919	17955	16.24
8520	13361	3.9033333333333333
10489	10597	10.131666666666666
7928	12318	10.893333333333334
9815	8253	2.3449999999999998
7929	stop_237_37719	11.53
10235	10080	3.625
10294	10277	11.66
9051	stop_230_36519	11.57
18024	8631	12.891666666666667
8798	7457	5.756666666666666
18276	7568	7.458333333333333
10165	stop_1494_373119	11.7
12927	stop_276_56129	4.3516666666666675
17307	13479	27.795
13177	8361	7.88
10070	stop_1492_372619	17.595000000000002
13637	stop_303_68119	13.148333333333333
8374	7379	11.478333333333333
18092	17583	13.435
8077	12926	8.891666666666667
12457	stop_568_303219	12.245000000000001
12846	stop_314_92229	16.206666666666667
12442	12441	1.325
stop_203_12549	stop_205_12729	9.32
stop_277_56729	stop_316_94629	8.358333333333333
8168	13390	17.470000000000002
8317	8108	6.345
10648	stop_230_36519	15.51
8002	stop_243_39219	0.8416666666666667
18234	9859	10.025
7569	13203	12.958333333333334
7969	18202	9.261666666666667
8390	8153	10.116666666666667
11653	11649	8.236666666666666
17546	17588	14.003333333333334
12321	13710	9.148333333333333
stop_223_35829	stop_325_136019	7.911666666666666
9051	17909	13.531666666666666
18158	stop_238_37819	7.635000000000001
9549	stop_280_57229	8.28
7910	stop_233_36929	1.445
18123	11457	4.473333333333333
7675	7685	32.95
stop_189_7329	stop_205_12719	10.161666666666667
18307	18306	2.635
13527	11731	6.54
9932	stop_258_44219	12.896666666666667
8018	stop_254_42419	12.601666666666667
12035	12672	13.493333333333334
7964	18202	5.343333333333334
13180	stop_957_333819	0.041666666666666664
10086	10084	22.441666666666666
stop_292_61229	stop_293_61319	3.0483333333333333
13918	18203	12.178333333333335
8403	stop_329_253919	17.953333333333333
7394	12939	16.96333333333333
8374	13657	13.895000000000001
7424	7410	6.823333333333333
11189	11187	9.358333333333333
10183	10300	13.183333333333334
8076	stop_276_56139	8.116666666666667
12575	13481	32.934999999999995
12907	stop_12_24	9.06
9120	7811	5.825
17740	17739	1.3566666666666667
7404	8326	9.195
14050	11721	9.176666666666668
12717	stop_203_12559	11.791666666666666
13050	13260	6.203333333333333
17830	stop_568_303239	11.871666666666666
8528	11472	8.845
13408	8903	14.716666666666667
9935	12934	2.0466666666666664
8187	stop_840_317519	3.966666666666667
7820	stop_311_82319	3.1966666666666668
13299	11163	11.321666666666665
10669	10668	9.021666666666667
7432	stop_322_117319	16.38
7500	9035	14.926666666666668
13864	13863	10.951666666666666
13628	12304	10.223333333333333
12309	7441	6.995
11432	stop_852_324229	15.858333333333333
8127	8672	8.166666666666666
12499	9875	8.636666666666667
8084	7897	7.413333333333333
8018	9923	10.981666666666666
stop_203_12529	stop_232_36819	15.825
13443	14151	8.1
11333	18237	7.638333333333334
13813	9780	12.026666666666667
13052	stop_205_12729	9.991666666666667
13018	13615	9.883333333333333
13178	stop_957_333829	2.36
13031	18228	6.456666666666666
12856	stop_346_269019	1.0466666666666666
17918	stop_852_324239	11.545
17546	17549	0.5933333333333334
8769	12355	5.38
7418	14166	13.155
7971	7968	11.95
17938	17911	9.758333333333333
17585	stop_1490_366219	11.715
12904	12897	1.7283333333333333
8672	stop_339_62129	16.431666666666665
17414	17420	10.603333333333333
9026	10323	12.161666666666667
12719	stop_322_117319	9.586666666666668
12361	18073	4.763333333333334
17955	17958	12.968333333333334
8236	8220	9.655
8496	8497	0.16166666666666665
12899	13651	3.865
12853	12850	8.436666666666666
9119	8098	24.365000000000002
stop_1_2	stop_272_46429	4.4383333333333335
10164	stop_1490_366219	9.066666666666666
17566	17891	6.15
10078	10236	10.756666666666666
18367	13539	6.035
stop_8_16	stop_574_304039	13.163333333333332
10115	stop_299_63229	14.378333333333334
7753	7764	1.4116666666666666
9675	9674	7.176666666666667
7369	stop_1493_373019	13.496666666666666
12987	stop_297_62429	10.041666666666666
13938	13937	3.396666666666667
17937	9660	11.353333333333333
12841	stop_344_268719	6.48
8123	11507	3.0166666666666666
12441	8154	6.056666666666667
8935	18385	8.764999999999999
stop_5_10	stop_232_36819	3.705
17703	17891	15.193333333333333
7908	stop_1103_347129	17.01
8231	13674	10.935
stop_13_28	stop_243_39219	10.996666666666666
stop_227_36219	stop_278_57019	12.235000000000001
13117	13960	10.368333333333334
7520	stop_196_8719	12.326666666666666
17939	8076	11.28
stop_240_38219	stop_240_38229	0.05
11311	9900	9.671666666666665
stop_1486_372429	stop_1491_372319	8.048333333333334
7669	7675	0.011666666666666665
13062	8219	6.323333333333333
12531	stop_320_105119	14.136666666666667
13628	stop_570_303629	7.63
11741	stop_342_268519	4.751666666666667
9916	12457	12.785
12975	stop_248_41329	12.266666666666667
9035	stop_328_253819	6.9366666666666665
12869	stop_425_287129	18.658333333333335
17745	17747	8.345
12401	stop_335_260819	9.085
10468	8210	10.96
10116	stop_307_71819	10.889999999999999
7432	8899	11.186666666666667
8979	11018	6.296666666666667
13054	8090	21.558333333333334
7818	7817	8.496666666666666
10421	9607	14.095
13416	13400	1.18
17567	10165	10.906666666666666
12942	stop_240_38219	12.208333333333334
9978	17952	13.854999999999999
17508	17511	11.236666666666668
8171	8384	10.075
11281	14073	5.546666666666667
13080	stop_213_31139	1.5833333333333333
13186	12970	10.09
stop_280_57219	stop_290_61019	6.4766666666666675
12929	13960	14.979999999999999
13025	stop_820_315819	2.385
17552	stop_1552_378519	10.79
17855	17854	10.196666666666665
12920	stop_820_315819	12.946666666666665
8398	7960	9.411666666666667
13201	13200	4.8566666666666665
12378	stop_310_74719	14.006666666666666
8195	8182	1.9783333333333333
11977	stop_189_7319	4.614999999999999
13042	stop_189_7319	11.993333333333334
12302	18341	10.388333333333332
17538	stop_1493_373029	7.471666666666667
stop_240_38219	stop_329_253919	12.516666666666667
stop_2_5	stop_1280_364319	6.71
8362	stop_283_57629	8.581666666666667
7993	12950	2.615
8972	9044	19.778333333333332
8980	18128	14.466666666666667
stop_224_35949	stop_1102_347029	11.431666666666667
9412	13363	2.9166666666666665
12984	stop_292_61219	4.193333333333333
8798	stop_208_13019	14.426666666666668
8211	8539	6.6016666666666675
9981	18341	19.14
9933	9973	9.014999999999999
17864	17869	0.86
13715	stop_204_12639	13.306666666666667
12595	17587	11.821666666666665
8604	stop_203_12539	11.916666666666666
12942	stop_328_253829	0.9283333333333333
8780	13095	14.858333333333333
13179	stop_214_31319	16.105
stop_219_32229	stop_222_35719	9.043333333333333
9814	stop_310_74719	11.246666666666666
12140	8371	10.083333333333334
18293	7960	4.448333333333333
8389	7434	15.033333333333333
12887	17771	5.02
7511	stop_204_12639	1.0633333333333332
stop_292_61219	stop_343_268629	4.245
8666	11736	11.673333333333334
12957	12949	10.673333333333334
7404	17560	8.3
7399	14165	14.146666666666667
7395	7402	18.976666666666667
8770	9918	7.913333333333333
13812	7566	10.078333333333335
12470	stop_820_315829	0.060000000000000005
17390	17418	5.846666666666667
12314	17964	7.681666666666667
8633	7747	11.081666666666667
8970	11354	5.508333333333334
7957	stop_254_42419	7.8516666666666675
12938	stop_1486_372439	8.071666666666667
18370	18202	10.45
8170	13678	11.523333333333333
10717	stop_217_32029	12.4
12319	stop_6_13	14.935
12571	17835	10.135
13443	18238	7.858333333333333
8182	stop_334_258219	9.901666666666667
18288	13053	12.754999999999999
9050	stop_852_324219	13.423333333333334
7371	17561	12.593333333333334
12942	12356	10.016666666666667
17282	stop_1280_364319	13.016666666666667
stop_216_31919	stop_311_82329	10.493333333333334
13531	13534	1.8299999999999998
17311	17307	4.46
7891	stop_1102_347029	2.8883333333333336
7426	11913	14.47
7396	7375	12.693333333333333
12958	stop_205_12719	1.0416666666666667
10871	8709	8.771666666666667
12595	17561	7.036666666666666
13667	8112	13.838333333333333
13664	stop_1280_364329	13.301666666666668
8672	12964	14.436666666666667
7804	13183	20.290000000000003
10387	17385	5.718333333333334
7441	17965	10.523333333333333
10842	stop_3_7	8.648333333333333
13615	stop_267_45929	9.365
11909	stop_1487_373629	10.715
7885	stop_222_35729	9.35
12954	7985	6.051666666666667
7503	17928	13.133333333333333
12717	13722	5.261666666666667
18294	7964	6.578333333333333
12888	12878	11.736666666666668
13065	stop_572_303819	0.7916666666666666
8088	stop_226_36129	13.479999999999999
12719	7512	6.0
18055	stop_1280_364329	8.446666666666667
11750	11752	9.15
7897	stop_224_35939	6.136666666666667
stop_219_32219	stop_782_314129	9.778333333333334
12962	18288	20.383333333333333
7516	7400	12.54
9050	12893	8.628333333333334
stop_202_12429	stop_203_12519	12.365
11507	stop_275_56019	9.586666666666668
8739	11821	8.15
8526	9170	11.036666666666667
7366	17545	11.378333333333334
9666	17733	5.178333333333333
8408	7983	9.345
8643	8364	12.468333333333334
9141	12979	9.378333333333334
12322	7977	14.625
14165	13722	13.358333333333333
12974	stop_245_40719	7.016666666666667
8127	stop_277_56729	9.288333333333332
7908	9505	10.976666666666667
12312	7439	9.731666666666666
9778	7669	10.563333333333333
8951	13474	9.511666666666667
7931	stop_241_38329	13.521666666666667
13420	8845	5.180000000000001
stop_245_40729	stop_246_40819	7.515
8021	stop_330_254319	14.013333333333332
8793	13170	7.926666666666667
18286	7481	5.413333333333333
12604	8911	3.9483333333333333
7685	8387	0.025
10136	10550	3.2
11106	17717	4.031666666666667
7480	9026	14.285
7836	9865	11.891666666666667
17915	stop_245_40719	9.15
9492	13432	8.763333333333332
17910	stop_232_36819	3.9033333333333333
13722	9149	9.778333333333334
7463	7439	9.379999999999999
8950	11016	9.75
stop_282_57519	stop_283_57629	4.183333333333334
17346	9529	14.251666666666667
12718	stop_188_7219	9.629999999999999
13629	stop_318_96029	11.036666666666667
17783	17784	0.9616666666666667
9878	stop_204_12629	12.3
9147	stop_252_42029	11.945
10842	8692	13.451666666666666
17830	stop_186_7019	5.721666666666667
10151	12335	12.826666666666666
12946	7993	5.8983333333333325
11306	stop_283_57619	13.858333333333333
stop_291_61119	stop_291_61129	1.21
13695	stop_9_17	11.2
7522	7530	5.575
17771	stop_425_287119	6.385000000000001
10470	10543	3.8666666666666667
10070	17834	11.366666666666667
12144	18329	11.926666666666668
7407	stop_188_7229	7.6483333333333325
8584	13117	5.675
11432	stop_204_12619	9.253333333333334
7385	18256	15.258333333333333
12939	17547	7.1883333333333335
8599	stop_294_61419	10.565
stop_224_35919	stop_1102_347019	10.688333333333333
11567	13337	9.826666666666666
17774	17762	1.84
18025	stop_213_31129	5.628333333333333
12908	stop_13_26	5.538333333333333
7471	stop_207_12929	9.558333333333334
17722	17857	11.333333333333334
18346	8231	12.385
13357	13373	12.145000000000001
17918	stop_204_12629	5.763333333333334
18053	18192	11.821666666666665
13084	13088	0.0016666666666666668
12022	stop_203_12519	7.713333333333334
12606	9890	5.068333333333333
9941	9965	6.556666666666667
8163	8164	2.005
9030	8305	14.416666666666666
10559	stop_213_31139	13.088333333333333
10373	10408	4.411666666666666
13485	stop_13_27	12.283333333333333
7813	12307	13.975
13974	18348	6.6866666666666665
9147	7950	12.254999999999999
8170	14141	8.853333333333333
12945	12950	9.078333333333335
14028	18256	14.936666666666667
9589	10940	6.52
12499	18363	14.466666666666667
13049	13533	10.681666666666667
12929	stop_323_126219	1.0583333333333333
9292	13161	9.101666666666667
17914	stop_199_11219	13.001666666666667
12962	stop_1486_372429	12.201666666666666
9022	9020	5.408333333333333
13142	8498	8.985000000000001
17598	17600	0.07666666666666666
13900	12926	12.58
8794	12510	4.946666666666667
13651	stop_13_27	9.635
11432	7472	12.281666666666666
8088	8630	7.0600000000000005
8171	13390	15.8
10234	10075	15.325
8899	12959	11.948333333333332
12357	stop_10_3	5.658333333333333
13663	stop_1342_364619	14.595
12534	8153	33.62166666666666
13848	12743	9.751666666666667
stop_213_31139	stop_311_82319	13.563333333333333
12915	8128	10.66
18046	13775	10.635
17541	stop_1486_372429	9.06
13789	18332	12.666666666666666
8255	17317	5.8149999999999995
12022	12959	4.54
18332	stop_243_39229	10.063333333333333
18367	11281	12.4
stop_222_35739	stop_568_303219	12.406666666666666
9118	7454	2.5566666666666666
10842	stop_1280_364319	13.07
8075	12930	11.026666666666667
12985	9540	19.095000000000002
11334	18238	13.504999999999999
12010	stop_222_35719	4.03
13238	13237	11.225
10056	10268	8.723333333333333
7444	17929	14.635
11654	11648	9.221666666666666
12298	stop_230_36539	13.888333333333332
17742	18070	5.4766666666666675
18334	stop_1494_373129	10.485000000000001
7971	18294	3.545
12348	12416	4.87
8332	stop_240_38229	1.0733333333333335
13724	12901	9.065
18335	17703	9.793333333333333
17562	17563	2.5833333333333335
12361	10510	8.681666666666667
13486	stop_246_40839	16.4
13556	7522	12.008333333333333
8870	18017	8.951666666666666
10811	11020	8.770000000000001
13528	10923	3.268333333333333
10016	8402	15.911666666666667
stop_223_35829	stop_852_324229	12.366666666666667
8475	7524	10.133333333333333
11514	11516	4.003333333333333
12568	8398	9.903333333333334
13327	8192	11.843333333333334
stop_214_31319	stop_282_57529	18.991666666666667
13891	stop_572_303819	12.018333333333334
9045	11474	10.821666666666665
13077	10783	10.328333333333335
11008	stop_329_253929	7.421666666666667
8088	stop_282_57519	4.861666666666666
stop_9_17	stop_255_42919	11.271666666666667
7365	7482	12.906666666666666
stop_205_12719	stop_205_12729	1.5483333333333333
7897	stop_279_57119	7.135000000000001
13662	10549	9.371666666666666
7420	17774	4.59
8793	9470	3.881666666666667
10000	17774	6.066666666666666
8975	9856	5.446666666666667
7813	stop_782_314119	9.15
10473	10472	4.306666666666667
8666	13297	11.44
17825	11619	13.006666666666666
17566	12312	12.356666666666666
12401	13034	8.845
stop_278_57029	stop_1103_347129	7.985
18310	stop_329_253929	13.571666666666665
18288	7437	10.673333333333334
7369	10053	4.666666666666667
8238	stop_841_317619	12.198333333333332
8228	10549	4.023333333333333
7645	18004	4.751666666666667
8084	stop_279_57119	0.5916666666666667
stop_252_42019	stop_252_42029	1.0783333333333334
18152	11951	10.575
13719	stop_321_115429	12.805
7908	stop_230_36549	2.7516666666666665
10070	18146	11.308333333333334
stop_204_12619	stop_852_324239	6.7733333333333325
18314	stop_254_42429	10.791666666666666
9467	11132	10.733333333333333
7811	stop_318_96019	12.658333333333333
8297	stop_574_304019	14.146666666666667
18329	17540	12.65
12996	14005	7.345
12899	stop_252_42019	10.473333333333333
18314	13724	10.475
14053	17711	11.46
10323	8304	13.860000000000001
12746	8705	5.64
12411	10463	6.868333333333334
13628	7404	7.3516666666666675
12849	stop_290_61029	2.2083333333333335
11233	18254	8.958333333333334
7447	7503	9.218333333333334
17271	13663	4.743333333333334
9050	stop_203_12559	2.1216666666666666
17662	17665	7.795
12966	stop_202_12429	16.461666666666666
13587	stop_1103_347129	1.0116666666666667
11562	11567	5.071666666666667
8032	stop_259_44919	15.205
7418	17775	6.763333333333334
13669	7369	8.253333333333334
10603	13586	3.0
8975	8252	14.181666666666667
11616	11620	20.676666666666666
8147	stop_298_63019	14.479999999999999
10081	stop_217_32019	10.463333333333333
18335	12571	16.563333333333333
stop_246_40829	stop_313_86729	5.745
17538	10052	5.071666666666667
18314	8017	10.558333333333334
11977	12718	6.358333333333333
9435	9434	7.61
7500	18290	6.8966666666666665
12899	18310	12.103333333333333
9490	10612	6.683333333333334
12340	12325	9.576666666666666
8089	stop_219_32239	13.716666666666667
17539	17589	10.828333333333335
stop_222_35739	stop_224_35949	12.786666666666667
13023	13485	14.764999999999999
12949	13485	13.753333333333334
12466	11507	10.776666666666667
stop_294_61419	stop_314_92219	7.77
8206	stop_305_71519	1.155
13335	7673	12.438333333333333
10544	11651	21.403333333333332
stop_8_16	stop_1556_381019	15.846666666666666
9596	9589	14.571666666666665
18284	8617	12.235000000000001
11433	stop_1234_362119	12.226666666666667
11661	11686	26.141666666666666
10199	10594	2.216666666666667
18334	11251	5.5216666666666665
17563	17590	13.385
8634	10468	10.246666666666666
18296	7952	9.363333333333333
13261	13707	14.965
13004	stop_302_67919	7.713333333333334
13471	17937	9.251666666666667
12970	stop_223_35829	7.378333333333333
13617	9551	11.956666666666667
7365	stop_1488_3319	9.618333333333334
10454	10626	6.98
12966	12958	12.06
12953	stop_242_38829	11.15
17735	17736	1.2466666666666666
8617	stop_1493_373029	10.925
8367	17577	13.528333333333334
8190	13330	9.08
11761	17602	6.5183333333333335
11913	stop_186_7039	14.173333333333334
7402	stop_186_7029	13.1
10480	10158	12.573333333333332
12144	13707	6.528333333333333
stop_199_11219	stop_199_11229	0.7366666666666667
8372	8371	1.21
8338	7956	8.981666666666666
17567	17501	15.643333333333334
8906	8899	11.958333333333334
12855	stop_289_58919	4.963333333333334
18092	17577	15.69
8206	11169	13.389999999999999
7505	17583	14.363333333333333
11433	7908	9.775
10163	10225	7.138333333333334
18028	17778	5.845
12898	18314	7.995
10468	stop_307_71829	8.676666666666668
17537	17964	10.686666666666667
11251	17577	5.755
17598	17599	5.845
13072	12232	11.004999999999999
13695	stop_254_42419	3.1966666666666668
10211	13680	13.435
10324	17583	12.098333333333333
stop_275_56029	stop_323_126229	12.776666666666667
13724	12353	14.245000000000001
17751	17753	11.065
12341	12361	1.085
8137	8138	7.3566666666666665
13126	11182	13.623333333333333
12323	stop_246_40829	9.573333333333332
12355	stop_267_45919	16.903333333333332
17794	8468	11.656666666666666
9167	7502	7.931666666666667
12318	12320	10.78
13018	17987	3.7483333333333335
8335	stop_331_254829	14.166666666666666
13616	9932	14.535
stop_278_57029	stop_338_56929	2.5900000000000003
7424	14165	11.504999999999999
stop_214_31329	stop_1487_373619	14.96
12442	8698	10.51
8403	9918	9.388333333333332
18341	13657	17.368333333333332
13723	stop_325_136019	11.346666666666666
18064	stop_3_6	4.035
12897	10849	12.335
14050	12462	15.263333333333332
8088	7811	9.821666666666665
12717	stop_205_12719	8.616666666666667
12472	stop_316_94619	12.493333333333334
8002	12949	11.326666666666666
7808	stop_217_32029	9.955
9935	9932	13.865
10569	9568	8.889999999999999
10225	10591	16.281666666666666
stop_568_303219	stop_1487_373629	12.19
13807	18221	11.415
11915	11449	6.88
7500	12943	10.863333333333333
13629	17908	11.731666666666666
8353	8350	8.495
10172	stop_3_6	16.58
10158	12503	4.513333333333334
stop_307_71829	stop_1343_364729	11.216666666666667
8359	stop_1103_347119	7.733333333333333
8520	8579	11.376666666666667
18023	17965	14.915
7822	stop_957_333829	11.183333333333334
10694	10823	4.113333333333333
17271	stop_1343_364719	0.5366666666666667
stop_257_43529	stop_258_44219	8.833333333333334
12851	stop_297_62419	12.473333333333333
12329	10110	11.576666666666666
stop_1102_347019	stop_1487_373629	9.595
9723	9814	11.25
18292	8003	10.44
17540	13669	14.695
13669	stop_183_6129	9.106666666666666
8902	11629	10.156666666666666
8115	stop_290_61019	2.0316666666666667
10473	10610	11.293333333333333
stop_303_68129	stop_304_68229	7.838333333333334
9932	17691	9.725
17179	17180	1.2016666666666667
12022	stop_852_324219	6.958333333333333
7572	17719	9.726666666666667
12904	12923	8.295
7538	13630	1.3233333333333335
8216	9814	16.55
12719	stop_325_136019	10.514999999999999
11927	10561	6.316666666666666
7392	7365	10.328333333333335
18289	9138	14.729999999999999
8632	12845	13.525
9119	stop_311_82329	11.528333333333334
12899	18390	8.988333333333333
12354	stop_1_1	7.915
8248	9038	7.72
11718	13211	11.273333333333333
13722	stop_219_32229	12.866666666666667
13762	stop_265_45719	11.254999999999999
8147	13001	9.188333333333333
13587	9505	14.856666666666666
12009	7885	4.408333333333333
8337	8335	3.6883333333333335
stop_245_40719	stop_313_86719	9.24
8614	8699	30.235
12936	stop_259_44919	8.738333333333333
7753	18040	10.293333333333333
13004	10613	12.591666666666667
stop_203_12539	stop_204_12619	6.711666666666667
8123	12928	8.685
17408	12349	11.346666666666666
8210	stop_307_71819	11.376666666666667
12441	10509	12.806666666666667
9452	9451	0.011666666666666665
stop_13_28	stop_246_40819	13.053333333333335
10167	11234	11.685
18104	18103	17.725
12850	12989	10.641666666666667
17939	8077	16.131666666666668
stop_240_38219	stop_242_38829	6.04
13906	7399	9.213333333333333
8311	17343	2.756666666666667
8414	12688	10.870000000000001
stop_322_117329	stop_852_324249	6.581666666666666
8777	8776	0.7133333333333333
stop_12_21	stop_250_41819	9.66
12412	11658	21.206666666666667
8409	stop_239_37919	10.406666666666666
stop_338_56929	stop_820_315819	5.885000000000001
13811	17376	15.389999999999999
7805	stop_283_57619	28.363333333333333
12964	stop_424_287029	13.495000000000001
8710	stop_245_40729	5.11
17793	17792	0.6366666666666667
17545	8419	14.871666666666666
13054	8091	21.28666666666667
13688	12688	5.59
13122	12018	15.063333333333333
8363	8090	6.455
8863	8809	7.345
17543	stop_1493_373019	8.726666666666667
7818	11248	14.361666666666668
9541	9544	9.221666666666666
13080	stop_216_31929	10.75
stop_203_12559	stop_322_117329	11.29
13186	7894	13.21
14082	stop_302_67919	8.396666666666667
9075	18369	3.73
18274	stop_1102_347019	13.35
8398	7977	22.748333333333335
13446	18242	7.516666666666667
8195	12351	9.171666666666665
17717	17381	6.633333333333334
9815	8790	12.725
stop_852_324229	stop_852_324249	1.1383333333333332
14013	12688	14.446666666666665
13037	stop_291_61129	4.6866666666666665
stop_204_12619	stop_204_12629	0.9916666666666667
9408	13347	10.701666666666666
stop_2_5	stop_1342_364619	11.66
12309	stop_1493_373029	14.155
13699	10070	2.2983333333333333
13180	12967	12.381666666666666
13518	17833	0.16666666666666666
8243	10477	9.528333333333334
8146	10724	5.595
18305	8355	8.588333333333333
10481	8310	6.54
12984	stop_294_61419	14.658333333333333
9049	7905	10.661666666666667
8415	8384	7.786666666666666
13905	9916	11.976666666666667
7414	13050	11.53
18122	18101	9.99
12877	stop_232_36819	6.618333333333334
9667	10942	9.451666666666666
17864	8352	12.181666666666667
stop_259_44929	stop_331_254819	5.528333333333333
11662	8430	7.801666666666667
8296	8297	0.7416666666666667
8015	stop_12_20	13.098333333333333
18144	17955	15.158333333333333
8027	12352	12.225
8169	13653	13.58
stop_204_12639	stop_222_35719	13.175
10716	12306	13.281666666666666
17537	17544	12.363333333333333
7450	7452	11.633333333333333
11170	10114	5.793333333333334
14021	14020	0.3416666666666667
8020	18389	1.8150000000000002
7404	8328	13.406666666666666
7960	stop_330_254329	15.5
8032	stop_331_254819	10.946666666666665
7395	7390	11.278333333333334
7606	17813	2.308333333333333
12368	13737	4.041666666666667
18293	10499	10.754999999999999
13023	stop_13_27	11.831666666666667
10016	stop_13_28	6.416666666666667
17218	stop_2_5	8.438333333333334
8359	stop_338_56919	2.618333333333333
9370	13558	0.0
11515	stop_574_304039	8.253333333333334
17772	stop_575_304119	8.453333333333333
13668	13687	10.236666666666668
8299	12951	2.5733333333333333
12343	12366	0.8783333333333334
13178	7822	9.264999999999999
12988	stop_298_63039	1.4233333333333333
10470	12416	8.451666666666666
7648	10856	16.438333333333333
7811	12307	11.558333333333334
12615	12606	11.118333333333334
9926	8015	15.541666666666666
17561	stop_1489_127119	12.403333333333334
10492	8353	6.751666666666667
8430	8431	6.746666666666667
13212	13217	6.775
12938	7368	15.636666666666667
stop_1488_3329	stop_1492_372629	10.803333333333335
8017	stop_12_21	10.758333333333333
7371	7381	6.451666666666667
10183	10085	12.229999999999999
13531	7360	7.276666666666667
stop_186_7039	stop_568_303239	14.188333333333333
12952	stop_238_37819	9.266666666666667
7392	stop_183_6119	5.746666666666667
13808	13929	7.951666666666667
18023	17543	9.31
9942	9961	11.875
13643	10351	7.62
10131	10466	16.368333333333332
stop_213_31119	stop_318_96019	14.583333333333334
12595	7381	12.903333333333334
11214	11748	7.251666666666667
11509	stop_276_56129	9.313333333333333
12862	stop_11_22	12.513333333333332
13664	stop_1342_364629	16.985
8898	stop_187_7119	14.238333333333333
13615	stop_273_46519	9.665
13708	stop_237_37729	8.273333333333333
7885	stop_224_35919	13.483333333333333
9169	9051	7.8116666666666665
17723	12809	11.643333333333334
14073	17379	14.748333333333333
8269	11457	14.83
8098	8630	11.860000000000001
17585	17715	11.901666666666667
10095	8413	15.365
7412	10716	1.09
13714	11913	8.041666666666666
17987	stop_274_46619	10.96
18055	stop_1342_364629	13.7
13183	8363	9.803333333333335
7897	stop_226_36119	7.466666666666667
7726	11192	10.076666666666666
7359	18336	12.629999999999999
13699	stop_1492_372619	18.788333333333334
7375	17562	6.545
9705	9688	5.586666666666667
13706	13034	12.79
10500	stop_258_44219	8.763333333333332
13667	stop_314_92229	2.6116666666666664
13681	13095	16.978333333333335
7394	12144	7.413333333333333
18158	11732	10.603333333333333
stop_202_12429	stop_203_12559	12.576666666666666
17824	7396	6.073333333333333
11507	stop_276_56139	14.761666666666667
17964	stop_1492_372629	9.831666666666667
8084	stop_226_36119	14.726666666666667
12035	13325	14.296666666666665
7386	7371	13.311666666666667
7434	7477	15.96
stop_225_36029	stop_279_57129	7.171666666666667
10455	10456	8.643333333333334
stop_574_304019	stop_1495_373529	7.4399999999999995
12322	7929	13.686666666666667
14165	7430	5.511666666666667
stop_214_31319	stop_318_96029	11.373333333333333
13444	9860	5.091666666666667
12974	13789	2.9949999999999997
10045	13925	7.163333333333333
10736	12221	6.735
10481	10226	8.006666666666666
13801	17377	14.146666666666667
17910	stop_234_37019	11.796666666666665
18294	13738	14.85
18274	stop_335_260819	11.69
13389	9715	7.803333333333333
8234	12377	6.2
12009	stop_226_36129	14.291666666666666
17830	stop_187_7129	2.4616666666666664
10151	10124	13.771666666666667
12946	8298	12.618333333333334
14041	8922	12.845
7522	8475	13.729999999999999
8144	9541	9.728333333333333
stop_203_12549	stop_1234_362119	11.548333333333334
13689	stop_282_57529	5.083333333333333
13177	7897	13.886666666666667
9856	8787	11.131666666666666
10175	10177	8.785
10495	12374	11.455
7432	18274	14.201666666666666
8415	12545	11.138333333333332
7811	stop_782_314119	6.6016666666666675
7407	stop_189_7349	11.958333333333334
8297	stop_1495_373529	14.378333333333334
17910	12875	11.935
8236	8245	8.043333333333333
12939	8327	13.501666666666667
12970	7894	5.694999999999999
stop_1_2	stop_257_43519	6.5183333333333335
12861	stop_293_61329	9.83
stop_205_12719	stop_335_260819	7.331666666666666
10298	10153	0.51
13705	17713	7.591666666666667
9568	10493	12.181666666666667
stop_257_43529	stop_330_254329	12.22
13701	9034	11.81
17918	stop_207_12919	12.181666666666667
12351	13704	8.848333333333333
12570	10070	12.428333333333335
12910	8020	8.065
7977	stop_252_42029	16.168333333333333
7805	7820	12.303333333333335
13724	stop_12_19	11.383333333333333
8163	12362	7.205
8436	8439	11.833333333333334
10559	stop_216_31929	4.163333333333333
12363	9874	10.333333333333334
7449	8304	9.006666666666666
18390	stop_9_17	13.07
8166	12546	14.381666666666666
10487	13532	7.928333333333333
10612	13637	10.473333333333333
12909	8020	10.233333333333333
12945	11420	11.333333333333334
17951	17952	9.53
17762	7417	10.7
9068	9069	6.625
8003	13485	4.366666666666666
10491	10453	7.36
10202	11172	5.62
18241	14155	10.258333333333333
13186	stop_224_35949	10.086666666666668
18285	17546	7.8533333333333335
stop_8_16	stop_199_11219	5.795
12954	8408	2.3916666666666666
18359	10133	24.125
13481	12572	8.616666666666667
9723	8625	8.951666666666666
13948	13951	12.613333333333333
12504	13792	6.996666666666667
8327	stop_1486_372419	7.8133333333333335
12936	stop_331_254819	12.315
7390	8328	8.965
stop_257_43519	stop_273_46519	13.604999999999999
17269	9389	8.83
8020	7952	13.901666666666667
12411	12347	9.620000000000001
8125	8127	2.6816666666666666
8906	10991	10.65
9780	9360	5.545
8340	8032	8.353333333333333
7977	7950	16.243333333333332
8088	12840	13.663333333333332
stop_6_12	stop_575_304119	7.14
11538	9741	11.091666666666667
10848	13485	12.866666666666667
7367	stop_1493_373029	14.675
10117	stop_305_71519	7.958333333333333
7802	18024	7.248333333333333
17876	18064	2.3733333333333335
10502	11213	14.201666666666666
18332	stop_246_40829	11.79
stop_275_56029	stop_276_56129	3.9583333333333335
7489	7488	5.506666666666666
13004	13061	10.686666666666667
8268	18123	5.395
9118	13023	11.96
13414	13415	0.7716666666666666
13715	stop_187_7119	9.145000000000001
17586	17587	6.386666666666667
11742	10500	6.171666666666667
12010	stop_223_35829	7.826666666666667
13862	8909	4.886666666666667
9648	9650	6.651666666666667
7387	13657	11.653333333333334
10108	9542	11.321666666666665
8332	stop_242_38829	5.235
18310	stop_243_39219	10.638333333333332
13724	7956	6.765
18225	7412	16.46333333333333
10724	stop_305_71529	14.736666666666668
8146	8206	11.478333333333333
18390	12911	14.308333333333334
14040	14041	1.2183333333333333
stop_302_67919	stop_840_317519	3.5083333333333333
7519	7518	1.145
12996	18307	12.383333333333333
12307	stop_311_82319	5.548333333333333
12337	8168	17.19
10064	7420	13.15
13671	stop_276_56129	14.121666666666666
10052	17587	10.228333333333333
12316	18025	12.0
9970	12555	10.978333333333333
stop_221_32529	stop_1103_347119	15.053333333333335
12402	stop_568_303219	5.161666666666666
10000	13049	5.085
13478	13483	6.681666666666667
18292	stop_246_40839	12.338333333333333
12893	stop_386_285929	14.376666666666667
12145	8373	7.8516666666666675
13719	10603	10.35
10142	10131	1.05
8066	9141	7.431666666666667
8169	9714	16.578333333333333
8371	12305	8.16
18360	18309	1.0933333333333333
stop_221_32519	stop_325_136019	7.7266666666666675
11770	10490	5.33
9169	stop_202_12419	8.318333333333333
stop_263_45329	stop_265_45729	12.308333333333334
11628	13863	2.7383333333333337
17778	10323	7.163333333333333
17959	stop_276_56129	13.525
8478	stop_331_254829	8.698333333333332
10498	9532	6.78
10127	10150	11.331666666666667
13653	14005	17.386666666666667
18254	18258	5.665
13628	13669	10.341666666666667
7463	stop_202_12419	8.626666666666667
13061	stop_840_317519	0.8200000000000001
12343	18306	18.081666666666667
stop_346_269019	stop_346_269029	1.1466666666666667
8578	8580	7.426666666666667
10184	10186	2.4633333333333334
9050	stop_205_12719	8.886666666666667
11567	7729	5.286666666666666
10086	10294	0.7799999999999999
12961	17549	12.74
9120	stop_219_32229	11.871666666666666
10603	7897	11.078333333333335
8790	17695	6.086666666666667
12841	stop_293_61319	11.01
11514	stop_234_37019	11.153333333333334
13180	13689	10.181666666666667
stop_1492_372629	stop_1493_373019	5.613333333333333
8249	9045	4.776666666666667
8147	stop_299_63219	11.691666666666666
12306	stop_219_32239	13.43
10081	stop_219_32239	11.045
12719	stop_852_324229	3.14
8301	11475	3.5133333333333336
13036	stop_1280_364329	10.988333333333333
11681	11651	25.005
13080	8088	19.490000000000002
10452	10450	12.026666666666667
10700	stop_325_136029	4.423333333333333
8164	9875	14.931666666666667
7928	stop_239_37919	7.0633333333333335
7366	7369	6.381666666666666
11970	18014	0.38166666666666665
12672	12671	0.29333333333333333
13906	7407	4.718333333333334
18328	18292	2.2483333333333335
7430	stop_335_260819	15.331666666666667
10050	18284	3.8116666666666665
10467	12135	13.598333333333333
stop_294_61419	stop_314_92259	9.768333333333334
8206	stop_307_71819	7.91
13855	10897	12.928333333333335
12932	12323	8.968333333333334
8000	12319	13.058333333333334
8053	11806	7.333333333333333
13836	13194	11.323333333333332
12967	stop_325_136029	11.371666666666666
14153	18241	8.533333333333333
10489	10458	6.22
13177	stop_224_35939	11.31
9049	stop_5_10	11.978333333333333
12987	stop_339_62119	10.453333333333335
8249	8975	2.878333333333333
8634	10139	3.533333333333333
13849	7606	10.56
8537	7991	3.4166666666666665
18299	13439	18.836666666666666
13350	7734	5.6433333333333335
11769	10706	14.248333333333333
12302	18367	11.618333333333334
stop_199_11229	stop_246_40829	12.796666666666665
13179	8089	7.831666666666666
12970	stop_224_35949	1.7650000000000001
13404	17627	10.878333333333334
7392	stop_570_303629	8.393333333333334
7365	stop_1490_366219	10.615
7424	18274	12.139999999999999
8341	7953	12.196666666666665
12875	stop_425_287119	10.423333333333334
13951	12487	4.738333333333333
18306	12688	14.120000000000001
13674	8228	10.646666666666667
8190	8195	11.691666666666666
12901	12902	7.3133333333333335
stop_277_56719	stop_316_94619	8.316666666666666
11913	stop_188_7229	4.213333333333334
17566	stop_1493_373019	0.645
12355	stop_9_17	14.401666666666667
8236	8692	15.396666666666667
18320	18321	6.011666666666667
8599	stop_280_57219	6.703333333333333
8475	17972	5.069999999999999
18333	7483	13.038333333333332
7905	stop_227_36219	15.381666666666666
stop_279_57129	stop_280_57219	5.406666666666666
18294	18370	13.118333333333334
10163	18349	9.9
18028	7444	10.139999999999999
10145	10149	6.65
12588	12584	5.025
18147	12310	12.146666666666667
12016	11183	13.425
11472	18242	4.566666666666666
12303	17714	13.895000000000001
9002	8991	1.3366666666666667
13699	17834	11.211666666666668
8027	13695	10.03
18043	18037	10.826666666666666
13445	17878	6.9816666666666665
7825	14040	6.801666666666667
18332	12908	5.944999999999999
10063	7519	11.611666666666668
7905	7908	1.7349999999999999
12545	8384	7.558333333333334
stop_338_56919	stop_338_56929	1.0633333333333332
14043	14044	0.825
10560	12970	15.193333333333333
7648	13792	11.881666666666666
12999	8182	10.016666666666667
9923	stop_253_42329	7.076666666666667
13707	7385	5.4366666666666665
stop_361_282119	stop_1280_364319	6.885000000000001
9460	10635	15.596666666666666
13178	stop_283_57629	11.766666666666667
12852	9142	4.819999999999999
7874	11733	7.02
11159	11158	0.8133333333333332
18321	18286	2.295
9020	9735	6.623333333333333
12897	8015	7.031666666666666
9878	stop_1102_347029	2.795
stop_224_35939	stop_226_36119	4.223333333333334
13714	stop_204_12639	9.363333333333333
13397	13697	5.201666666666667
7492	17836	2.808333333333333
14127	stop_841_317650	12.393333333333334
stop_325_136019	stop_1102_347029	3.1566666666666667
9049	17918	2.9099999999999997
7500	8409	8.006666666666666
stop_232_36829	stop_233_36929	5.406666666666666
13629	11079	8.681666666666667
11515	stop_1556_381019	9.566666666666666
17913	17912	11.18
17834	17835	1.5216666666666667
12878	stop_208_13019	14.083333333333334
11516	17772	9.370000000000001
stop_841_317630	stop_1343_364719	3.855
12851	stop_298_63039	7.128333333333333
stop_272_46419	stop_274_46619	5.4383333333333335
12340	13399	14.375
18292	7946	7.92
13545	10787	8.99
17540	17560	9.51
11346	10261	9.713333333333333
7402	12595	9.475
8077	stop_323_126229	4.161666666666666
10496	10353	14.375
17537	stop_1489_127129	11.121666666666666
13137	9756	6.7283333333333335
13717	stop_338_56919	8.491666666666667
8325	stop_1486_372439	7.138333333333334
9645	9646	13.854999999999999
11803	11805	6.823333333333333
10114	12853	9.468333333333334
8298	stop_241_38319	12.273333333333333
10991	12893	8.03
12846	12841	1.6416666666666666
17267	11336	13.476666666666667
7375	stop_1489_127119	12.985000000000001
11551	11553	9.688333333333333
8801	stop_568_303219	13.821666666666665
9878	12298	6.6016666666666675
8147	12988	12.801666666666668
12009	7811	10.139999999999999
9166	12871	12.096666666666666
8337	12901	7.675
11306	8118	12.708333333333334
7908	7511	15.945
8000	12946	13.173333333333334
13407	8827	2.9716666666666667
7849	14051	9.975
10395	10428	11.504999999999999
stop_311_82329	stop_1487_373629	10.075
17215	17218	3.2800000000000002
17408	10401	6.325
9393	18122	4.345
10164	10056	5.506666666666666
stop_292_61229	stop_314_92249	6.930000000000001
7524	8709	5.9766666666666675
8616	stop_1343_364719	10.838333333333333
12635	12739	6.7683333333333335
12905	8399	26.058333333333334
stop_13_28	stop_248_41319	11.285
12342	17690	9.264999999999999
10167	18336	10.358333333333333
9170	11335	11.065
18294	12354	18.513333333333332
10353	10354	0.5283333333333333
8358	stop_279_57129	8.991666666666667
stop_12_21	stop_253_42319	8.526666666666667
8332	12957	3.2866666666666666
8221	8366	3.853333333333333
17853	17852	8.991666666666667
11234	18336	5.303333333333333
12869	stop_574_304019	8.736666666666668
17282	12984	11.641666666666667
9166	7503	6.4350000000000005
12997	stop_303_68129	1.4283333333333335
11009	12322	6.02
18288	stop_570_303619	20.178333333333335
10603	stop_224_35939	7.4383333333333335
17274	11335	9.623333333333333
12070	stop_568_303239	12.796666666666665
8710	stop_246_40849	5.816666666666666
stop_214_31319	stop_782_314129	10.961666666666668
10592	18221	9.726666666666667
8363	8091	10.84
11105	7571	4.84
stop_222_35729	stop_852_324239	7.53
8336	8478	5.901666666666667
12917	18161	1.9083333333333334
7359	18254	16.185
7411	stop_318_96019	12.345
13720	stop_282_57529	9.193333333333333
8195	13005	11.18
stop_187_7119	stop_322_117329	15.425
9815	17695	12.816666666666666
11977	stop_202_12429	15.023333333333333
18389	stop_248_41319	14.243333333333334
13539	17717	15.54
12959	stop_203_12519	8.798333333333334
18248	17716	18.36
13699	18146	12.831666666666667
12470	stop_277_56719	12.491666666666667
8922	8923	2.0633333333333335
18305	13650	13.675
10481	17343	6.873333333333333
12909	stop_252_42029	2.6550000000000002
13669	17589	12.321666666666665
9049	17910	11.18
10213	18360	15.705
17668	7493	5.3
12907	12899	6.72
11802	10631	13.401666666666667
7367	10052	8.38
stop_189_7349	stop_335_260829	4.633333333333334
8526	18243	5.118333333333334
12304	17713	12.245000000000001
stop_298_63019	stop_298_63029	0.14666666666666667
13077	12671	11.176666666666668
12901	stop_255_42929	8.135
8190	13637	14.003333333333334
13810	13813	12.363333333333333
18144	17958	2.375
17577	stop_1493_373019	11.951666666666666
9119	8103	18.89
12868	stop_574_304029	1.4933333333333332
11733	17304	16.851666666666667
stop_205_12719	stop_1234_362119	4.753333333333333
8169	8171	6.183333333333334
7493	8305	11.781666666666666
18057	stop_8_16	1.1166666666666667
17537	8617	6.75
stop_203_12529	stop_386_285919	10.8
11655	11677	15.275
12570	17834	6.958333333333333
12910	7950	11.581666666666667
12877	12875	3.3383333333333334
18065	stop_2_5	13.32
9878	stop_335_260829	11.533333333333333
11747	13235	10.821666666666665
9073	9072	7.3100000000000005
stop_344_268729	stop_345_268819	8.698333333333332
13385	14032	6.961666666666667
11721	11718	9.111666666666668
10602	stop_852_324249	12.451666666666666
12719	stop_204_12619	7.048333333333333
17271	8616	10.975
8398	7961	8.363333333333333
18064	stop_1280_364359	9.306666666666667
12909	7950	6.998333333333333
stop_188_7219	stop_189_7319	9.575
10459	10488	6.3
11133	13027	8.311666666666666
12988	stop_300_63419	9.823333333333332
7441	10070	0.9633333333333333
17586	stop_1486_372429	8.661666666666667
17258	14130	15.176666666666668
11977	12958	8.221666666666668
10041	12300	10.241666666666667
12340	9874	14.525
stop_9_18	stop_267_45919	13.536666666666667
17561	stop_1491_372319	7.886666666666667
9860	11438	11.435
7885	stop_1102_347019	7.8533333333333335
17940	stop_207_12929	8.461666666666666
stop_1488_3329	stop_1494_373129	13.606666666666666
8017	stop_13_27	11.893333333333334
14028	17380	6.708333333333333
12851	10244	7.248333333333333
8308	13389	1.4016666666666666
12966	stop_852_324249	9.498333333333333
12931	18332	5.193333333333333
stop_267_45919	stop_273_46529	6.895
18293	7961	10.06
12952	stop_240_38229	1.8216666666666665
8088	11311	14.858333333333333
7961	stop_342_268519	11.06
18023	8618	3.205
stop_5_10	stop_386_285919	3.9833333333333334
stop_203_12559	stop_386_285929	11.238333333333333
8164	18363	8.068333333333333
10753	11446	4.331666666666666
12595	7366	9.518333333333334
13644	12337	14.57
13720	10559	10.996666666666666
10648	stop_221_32529	10.45
10052	stop_1486_372429	16.87666666666667
9166	9167	1.7833333333333334
8898	stop_189_7319	5.13
stop_189_7339	stop_852_324219	9.661666666666667
7960	13632	5.781666666666666
12950	stop_240_38229	9.225
8214	8778	6.489999999999999
10041	13680	17.935
9169	11432	6.801666666666667
7820	stop_214_31319	9.475
12984	stop_314_92229	11.59
12883	stop_313_86729	9.178333333333335
8300	9046	9.951666666666666
7412	10062	8.998333333333333
13714	7432	13.195
12993	stop_300_63429	2.0633333333333335
8732	8731	0.305
12953	8405	7.723333333333333
8095	8108	1.2083333333333333
11969	8870	5.0233333333333325
10700	11909	12.876666666666667
7426	stop_187_7119	10.766666666666667
7381	17588	13.271666666666667
8402	13710	3.1983333333333333
stop_226_36119	stop_325_136019	13.945
7430	13034	2.9583333333333335
12952	stop_329_253919	13.468333333333334
13433	12506	6.991666666666666
stop_278_57029	stop_321_115429	12.975
stop_214_31329	stop_957_333829	15.835
stop_202_12429	stop_205_12719	8.37
10183	10278	8.221666666666668
9722	stop_310_74719	2.565
10423	10433	0.060000000000000005
7511	stop_230_36539	15.938333333333333
9149	18320	10.598333333333333
14040	11714	10.468333333333334
7738	17599	93.20833333333333
8315	12930	18.37
12950	stop_329_253919	4.855
7971	8769	16.526666666666667
12881	stop_8_15	12.581666666666667
18357	10136	10.545
8448	11666	11.44
12409	10145	7.885000000000001
7500	7998	7.79
7817	13556	10.121666666666666
13670	7502	9.951666666666666
10991	stop_203_12559	2.546666666666667
12010	stop_568_303219	11.445
8247	8787	14.926666666666668
8415	stop_840_317519	13.356666666666666
17342	11163	3.3433333333333333
13587	stop_321_115429	15.088333333333333
10849	18311	5.441666666666666
7496	17929	4.3516666666666675
7522	7524	12.011666666666667
14165	stop_187_7129	5.951666666666667
7441	stop_1492_372619	17.041666666666668
13689	stop_284_57729	7.951666666666667
7460	7458	7.14
7950	stop_252_42019	9.063333333333333
18035	7726	5.213333333333334
13370	13356	7.903333333333333
12022	stop_568_303239	12.33
7512	stop_202_12429	12.295
9969	9964	9.216666666666667
7822	stop_213_31119	12.403333333333334
10500	17691	12.606666666666666
10511	18170	12.860000000000001
8363	stop_957_333829	11.425
12881	12931	10.663333333333332
13628	8326	2.105
8147	12850	11.141666666666667
13153	13299	7.415
11799	10630	13.093333333333334
17566	10053	10.408333333333333
9850	8504	14.295
12518	stop_841_317619	0.85
12350	18306	6.323333333333333
9938	stop_258_44219	12.16
17836	10323	4.163333333333333
11433	stop_322_117319	13.431666666666667
12034	12672	13.870000000000001
12570	18146	1.8633333333333333
12917	17956	9.68
stop_293_61319	stop_344_268719	10.976666666666667
13170	13168	10.758333333333333
8643	stop_11_23	9.205
11805	11960	12.885
10559	stop_219_32229	10.9
8935	17712	22.256666666666668
8616	stop_841_317630	7.846666666666667
10015	12904	7.703333333333333
10449	17584	0.8166666666666667
10055	17891	11.121666666666666
8091	stop_213_31119	18.626666666666665
13701	7492	12.621666666666666
10212	17376	16.056666666666665
8232	10171	11.045
12900	stop_13_25	7.5
stop_343_268619	stop_344_268729	3.3183333333333334
14048	11721	10.163333333333332
11811	17796	0.7716666666666666
10700	stop_852_324239	7.7266666666666675
18285	17549	7.461666666666667
12954	8332	8.97
13025	12860	5.86
17218	stop_1280_364339	2.44
13733	18019	5.475
11603	13975	8.870000000000001
stop_207_12929	stop_232_36829	10.0
9166	7505	4.708333333333333
12401	stop_322_117319	14.393333333333334
12988	12989	8.743333333333334
11507	8076	11.538333333333332
stop_1489_127129	stop_1491_372319	5.6
18244	8899	11.958333333333334
10956	10957	1.34
13330	stop_304_68229	8.173333333333334
7905	stop_5_11	7.86
11909	12457	12.581666666666667
10039	10332	6.9
stop_237_37729	stop_240_38219	8.846666666666666
13167	13169	5.895
13007	18228	6.991666666666666
7802	7808	14.976666666666667
17876	13447	7.258333333333334
8787	8950	3.7066666666666666
8367	10165	4.776666666666667
stop_291_61119	stop_314_92219	4.543333333333334
17911	17952	10.856666666666666
18288	stop_186_7029	10.851666666666667
12900	12897	8.533333333333333
17691	stop_342_268519	13.858333333333333
12516	stop_302_67919	4.178333333333333
18332	stop_248_41329	12.08
7489	18028	12.786666666666667
8190	10838	11.04
18304	13960	11.075
13714	7891	12.358333333333333
12332	12330	12.238333333333333
17245	stop_361_282119	7.756666666666666
13715	stop_189_7319	0.9299999999999999
7359	18341	13.688333333333333
12661	17809	0.15666666666666668
8409	12945	7.806666666666667
stop_243_39229	stop_329_253919	8.991666666666667
9119	12967	6.75
12010	stop_224_35949	12.745000000000001
10543	11659	9.821666666666665
7360	11233	12.411666666666667
9630	9631	8.933333333333334
13360	9773	8.308333333333334
10108	8137	7.803333333333333
7983	11008	5.6483333333333325
13701	stop_328_253829	14.361666666666668
18225	10064	10.583333333333334
10109	10244	7.451666666666667
17910	stop_386_285919	4.4766666666666675
12847	8095	3.5683333333333334
7511	stop_189_7319	14.123333333333333
17918	stop_230_36519	13.076666666666666
17909	17941	3.825
8739	13952	14.625
7837	8893	8.611666666666668
8222	8236	1.3666666666666667
stop_13_27	stop_243_39219	10.248333333333333
12948	stop_328_253829	10.07
13114	13960	9.145000000000001
13905	7402	16.09
8361	stop_214_31319	10.915
13327	13737	15.221666666666666
7746	17974	15.075
10064	7413	11.655
12298	10648	4.430000000000001
13746	7434	10.815
13165	9717	3.1766666666666667
12876	17771	8.925
8359	stop_321_115419	12.973333333333333
9723	8219	9.923333333333334
7648	7658	0.49333333333333335
11008	12949	9.001666666666667
12910	stop_9_18	6.0
18292	stop_250_41819	4.25
stop_316_94629	stop_338_56929	14.178333333333335
7413	11079	10.271666666666667
7481	18028	11.254999999999999
7483	17778	11.366666666666667
13900	stop_323_126229	5.703333333333333
13632	stop_257_43529	12.191666666666666
13893	13895	12.743333333333334
10142	12333	9.565
7631	11617	11.418333333333333
10445	8182	14.443333333333333
9138	18150	8.15
7434	stop_189_7329	8.068333333333333
11955	7457	9.908333333333333
18296	stop_12_21	0.8483333333333333
13054	7822	9.725
13723	stop_957_333819	9.873333333333333
12908	7946	4.455
13808	13809	0.19499999999999998
17598	10180	26.498333333333335
9169	stop_203_12539	8.746666666666666
12959	stop_852_324219	11.498333333333333
13701	12356	8.535
17778	7495	10.446666666666665
13670	stop_208_13029	8.333333333333334
7411	12307	5.798333333333333
17654	17656	8.585
12915	stop_321_115419	11.541666666666666
12958	stop_189_7329	10.558333333333334
11420	10849	8.011666666666667
13946	13947	8.033333333333333
12901	stop_12_21	10.273333333333333
12995	stop_334_258219	5.265
10210	10257	14.538333333333332
7957	stop_331_254829	14.591666666666667
stop_2_4	stop_1280_364319	5.178333333333333
8104	stop_284_57719	9.008333333333333
7396	18265	13.656666666666666
13628	17560	7.801666666666667
10001	10000	1.5983333333333334
12983	stop_343_268619	0.9133333333333333
18294	stop_273_46529	17.61
12747	13852	7.331666666666666
18045	18040	4.333333333333333
10331	13844	26.1
13650	17869	8.448333333333332
12966	stop_204_12639	14.213333333333333
18292	10849	13.771666666666667
9966	17832	5.5616666666666665
12339	12340	1.01
12888	12868	14.135
7402	8325	5.1
stop_222_35729	stop_224_35939	10.841666666666667
11944	9546	3.39
7404	stop_1489_127129	13.45
stop_227_36219	stop_230_36549	14.110000000000001
12962	7430	11.328333333333335
18234	17264	7.443333333333333
7951	18390	8.566666666666666
12855	17247	13.238333333333333
8027	stop_12_24	10.686666666666667
stop_291_61129	stop_343_268629	15.308333333333334
13126	8442	18.083333333333332
18335	17552	4.678333333333333
8645	stop_11_22	10.575
10427	10431	5.033333333333333
13080	8363	24.84
11710	13232	6.78
7366	17537	13.83
13906	13034	4.9783333333333335
18328	12900	5.325
17394	17393	18.63
stop_306_71619	stop_306_71629	0.8816666666666666
7998	7983	13.201666666666666
11282	13538	4.6899999999999995
7424	stop_311_82329	10.258333333333333
9169	13052	6.8116666666666665
8113	10096	7.5600000000000005
9118	stop_575_304129	11.333333333333334
17891	17552	10.561666666666667
18158	18157	2.0616666666666665
10245	stop_297_62419	5.58
13177	stop_226_36119	7.456666666666666
8128	stop_275_56019	11.020000000000001
13865	9499	12.968333333333334
17884	stop_274_46619	11.095
9707	9706	0.5566666666666666
8192	stop_301_63719	12.766666666666667
8537	7983	8.303333333333333
13002	12992	8.508333333333333
7416	7400	10.158333333333333
stop_1488_3319	stop_1490_366229	5.605
12970	stop_226_36129	4.556666666666667
12998	stop_304_68219	2.5933333333333333
8327	17563	7.546666666666667
12595	stop_1490_366219	12.336666666666668
13731	7962	4.701666666666667
10211	10043	9.01
12907	stop_248_41319	1.425
7460	7459	4.5649999999999995
11354	11355	0.6483333333333333
10070	9026	7.281666666666666
18151	10169	15.25
13055	stop_232_36819	9.606666666666666
12144	7386	11.868333333333334
12457	9149	10.936666666666667
8060	17683	5.758333333333334
9138	stop_1493_373019	19.891666666666666
7803	8098	8.325
7804	7818	8.956666666666667
8788	13474	4.405
17552	17576	9.081666666666667
7365	10164	12.593333333333334
8899	stop_186_7019	9.166666666666666
12979	12980	1.5183333333333333
7478	9026	13.151666666666667
17929	12310	11.806666666666667
10133	12409	15.208333333333334
18293	7964	6.7716666666666665
7411	stop_782_314119	11.120000000000001
13819	8228	13.498333333333333
13701	7452	11.316666666666666
7421	13629	10.860000000000001
17591	7441	16.76
8364	8692	3.0316666666666667
18103	18119	10.354999999999999
11027	9630	8.875
stop_278_57019	stop_338_56919	2.6683333333333334
13065	9909	7.246666666666667
8027	18079	5.510000000000001
12934	10499	14.229999999999999
7446	17834	12.07
8128	17959	10.185
8906	stop_204_12619	6.489999999999999
7905	17940	11.688333333333333
8738	8739	9.8
stop_189_7349	stop_1234_362129	12.261666666666667
7472	stop_203_12519	13.023333333333333
12034	12035	0.3766666666666667
7818	stop_217_32019	6.213333333333334
18345	18256	13.29
8003	12950	11.468333333333334
9167	8305	13.889999999999999
12943	9030	13.09
9470	8790	9.908333333333333
12318	7977	12.991666666666667
7817	13554	4.391666666666667
10716	7418	7.983333333333333
13707	8372	12.088333333333333
8125	stop_277_56729	11.261666666666667
17830	8899	13.035
10171	stop_2_5	16.725
18321	7481	7.033333333333333
8405	12950	7.651666666666667
7951	stop_9_17	4.913333333333333
stop_257_43519	stop_257_43529	0.7816666666666666
10139	stop_841_317630	12.808333333333334
7950	stop_9_17	13.753333333333334
12897	7948	11.423333333333334
10135	10550	3.921666666666667
10171	8634	13.986666666666668
13385	13533	7.908333333333333
13749	stop_2_5	10.238333333333333
7396	18285	9.69
12305	stop_1486_372429	11.021666666666667
8492	8495	4.135
10700	stop_204_12629	13.615
13152	8778	12.120000000000001
12902	stop_9_17	11.311666666666667
17892	8618	4.176666666666667
17973	17974	0.7683333333333333
stop_300_63419	stop_300_63429	0.335
10872	7534	8.308333333333334
7398	7392	10.483333333333333
13802	13812	3.1233333333333335
17958	stop_323_126219	4.325
7441	17834	12.075
13620	stop_273_46519	11.19
10056	stop_1488_3329	9.695
12851	stop_300_63419	11.7
7379	stop_1486_372429	13.446666666666665
18292	8018	10.856666666666666
stop_11_22	stop_572_303819	8.823333333333332
13707	10167	16.636666666666667
10001	7416	14.683333333333334
17540	8328	10.370000000000001
12719	12009	11.313333333333333
17664	17649	12.241666666666667
7402	17547	8.303333333333333
stop_204_12639	stop_568_303219	11.266666666666667
8075	13671	1.75
stop_219_32219	stop_311_82319	12.746666666666666
13180	13178	2.3383333333333334
13114	stop_323_126219	7.92
13376	13351	1.555
7971	stop_273_46519	14.955
10232	11926	16.823333333333334
18274	stop_189_7339	14.825
8249	8972	12.623333333333333
17831	8341	6.821666666666667
13177	8104	7.6883333333333335
12298	stop_222_35719	6.3133333333333335
10317	13684	18.041666666666668
8799	12868	4.933333333333334
9428	13088	11.676666666666668
12846	9904	13.979999999999999
12927	12930	4.828333333333333
18363	18362	0.8566666666666667
11741	stop_257_43529	4.795
18285	stop_1486_372439	8.42
11306	8599	11.321666666666665
7849	13210	29.875
8951	8979	6.526666666666667
8404	stop_240_38229	7.378333333333333
8781	8779	5.986666666666666
18295	stop_571_303729	12.393333333333334
8670	8233	13.155
17330	8973	9.95
12139	12138	0.645
7452	8405	9.975
10000	10063	8.82
9051	stop_386_285929	10.638333333333332
7421	7395	15.828333333333335
12920	stop_278_57029	15.629999999999999
7951	12911	8.978333333333333
18294	11741	4.8116666666666665
18025	8362	20.401666666666664
8799	7458	10.998333333333333
9030	12357	4.6466666666666665
18023	stop_1492_372619	7.176666666666667
13724	7957	3.485
13202	11158	4.355
7369	17539	10.254999999999999
7999	stop_329_253919	12.128333333333334
13178	13183	3.0833333333333335
9918	8769	10.266666666666667
8631	stop_282_57519	13.59
stop_203_12549	stop_322_117319	13.731666666666666
8332	8405	7.3133333333333335
17282	17247	6.3983333333333325
stop_852_324219	stop_852_324239	1.1183333333333332
17949	stop_575_304119	7.915
12998	13327	10.343333333333334
13062	12377	12.43
10559	8363	11.975
10603	stop_226_36119	11.266666666666667
18277	17540	14.683333333333334
11192	11189	1.5016666666666665
7970	11742	8.41
12939	12938	2.191666666666667
8336	13696	13.296666666666665
12849	stop_279_57119	10.796666666666665
12917	13672	11.976666666666667
12932	stop_243_39229	16.215
18248	11281	13.691666666666666
12910	stop_254_42429	8.431666666666667
7447	7490	1.8066666666666669
18030	stop_276_56139	14.358333333333333
13373	9397	10.091666666666667
13718	13715	5.8149999999999995
13720	stop_284_57729	12.816666666666666
8195	9490	9.956666666666667
13134	13149	7.248333333333333
18389	stop_252_42019	11.733333333333333
12959	stop_203_12559	8.336666666666666
12986	9540	18.811666666666667
12910	13724	1.3066666666666669
stop_253_42319	stop_255_42929	12.803333333333335
7419	7410	10.351666666666667
17771	stop_1495_373519	17.101666666666667
13696	stop_254_42429	10.373333333333333
17884	11742	12.188333333333333
17668	7503	7.376666666666667
12907	13651	8.646666666666667
7385	10166	10.763333333333332
8003	8002	1.3516666666666666
12985	stop_293_61329	9.558333333333334
10402	17395	21.345000000000002
stop_298_63019	stop_299_63229	8.455
7817	stop_213_31119	11.181666666666667
9119	13689	22.18
12975	stop_13_26	12.306666666666667
10188	10091	2.7366666666666664
10231	10076	9.243333333333334
9980	18258	19.116666666666667
13065	stop_11_23	9.688333333333333
7358	10166	8.511666666666667
12949	11420	4.488333333333333
13234	17712	13.353333333333333
12910	8017	10.7
13852	8705	12.196666666666665
8794	9470	6.423333333333333
stop_219_32239	stop_221_32519	10.113333333333333
12009	stop_782_314119	11.781666666666666
13385	10269	12.216666666666667
13052	stop_322_117319	16.92
11814	9700	6.39
8234	8231	6.006666666666666
10170	stop_297_62429	3.7116666666666664
18311	13485	13.693333333333333
12859	11507	14.81
13542	13545	4.796666666666667
12909	8017	4.985
13679	8127	12.381666666666666
stop_223_35829	stop_227_36229	5.9350000000000005
stop_263_45319	stop_263_45329	0.4966666666666667
7651	13403	17.258333333333333
10041	10211	5.373333333333333
11169	14127	7.61
13063	10468	5.1016666666666675
18297	8020	7.133333333333334
7891	12022	14.261666666666667
11213	11698	8.403333333333332
7805	8089	17.203333333333333
stop_298_63049	stop_300_63419	10.968333333333334
7813	stop_223_35829	11.626666666666667
18015	12613	9.003333333333334
10165	stop_1488_3319	6.2733333333333325
8240	8201	9.218333333333334
12931	10015	12.541666666666666
8906	12402	13.038333333333332
17589	17590	1.155
7964	17692	13.34
10077	12129	4.256666666666667
7822	10081	8.955
12952	stop_242_38829	7.010000000000001
8799	9166	6.166666666666667
12518	8615	7.408333333333333
8112	8144	8.81
10056	17577	15.711666666666668
13643	10358	13.151666666666667
10560	stop_224_35949	15.305
13720	13177	3.3449999999999998
7781	13376	7.035
10648	stop_223_35819	5.748333333333333
9935	stop_272_46429	2.933333333333333
10052	stop_1488_3319	5.426666666666667
14033	10028	9.463333333333333
13037	stop_314_92219	0.985
9147	stop_313_86729	12.996666666666666
13377	8520	8.918333333333333
12505	13146	5.73
12950	stop_242_38829	3.2933333333333334
13347	13348	0.3416666666666667
7820	stop_217_32019	11.075
12887	stop_574_304029	13.196666666666665
12314	7447	16.745
7489	17583	10.776666666666667
13714	12457	15.196666666666665
stop_207_12919	stop_208_13029	7.8533333333333335
13754	11446	11.798333333333334
12355	stop_257_43519	14.295
9970	12120	17.39
11969	12613	4.035
7707	7710	6.341666666666667
13369	13368	0.5583333333333333
8118	stop_278_57019	10.083333333333334
18092	17501	11.486666666666668
18308	stop_307_71829	14.188333333333333
12516	13061	1.775
10760	11592	9.22
13443	9859	7.446666666666667
8205	stop_305_71519	1.725
12869	7910	14.493333333333334
17718	stop_1491_372329	11.056666666666667
12908	stop_250_41819	0.9633333333333333
12613	12609	1.43
17591	17696	10.681666666666667
11251	17501	1.6133333333333333
13719	stop_278_57019	0.8483333333333333
12941	13631	3.71
stop_13_25	stop_250_41829	7.275
12717	stop_189_7329	9.32
10179	17599	25.761666666666667
12911	stop_253_42329	9.148333333333333
12917	stop_276_56119	7.206666666666666
13695	stop_331_254829	10.108333333333333
11638	13249	8.936666666666667
stop_339_62129	stop_820_315829	5.838333333333334
13054	stop_283_57629	26.69
13260	13707	15.166666666666666
12353	stop_273_46529	18.433333333333334
8240	stop_841_317650	13.873333333333333
7500	7999	11.906666666666666
8248	8788	9.443333333333333
stop_283_57629	stop_957_333819	9.553333333333335
7536	13189	10.268333333333334
7413	17765	5.118333333333334
8520	8512	0.5233333333333333
8522	stop_3_6	11.973333333333333
11600	10030	3.29
stop_335_260819	stop_852_324219	5.13
10991	stop_205_12719	8.815
12419	12405	11.671666666666665
12329	13728	5.819999999999999
7481	17583	13.426666666666668
14011	12805	7.605
12928	stop_323_126229	13.318333333333333
13737	18307	13.188333333333333
stop_221_32519	stop_957_333819	13.318333333333333
13519	9060	4.016666666666667
13661	8584	10.886666666666667
13717	stop_321_115419	13.388333333333332
12303	12302	1.3766666666666665
7951	stop_254_42419	8.353333333333333
8442	12015	17.56833333333333
7411	7420	12.921666666666665
7512	stop_203_12549	7.666666666666667
8351	12363	11.631666666666666
9026	17778	5.15
7392	13669	3.5533333333333332
7516	17908	10.313333333333333
12888	12887	3.2583333333333333
stop_11_23	stop_346_269019	6.015
17538	17964	9.778333333333334
12358	8613	16.095000000000002
9119	10560	9.298333333333334
13722	stop_205_12719	13.373333333333333
12902	stop_254_42419	6.045
7381	7375	3.0166666666666666
18037	7765	12.251666666666667
8384	14006	14.691666666666666
10602	7885	12.926666666666668
14029	18258	24.651666666666664
17771	17950	12.851666666666667
17378	17377	5.431666666666667
8000	8003	7.53
stop_222_35719	stop_1487_373629	10.905
17836	7495	7.846666666666667
10379	17394	8.133333333333333
12570	17307	9.485000000000001
17560	7365	13.048333333333334
9900	stop_338_56929	12.873333333333333
11509	18029	5.376666666666667
18389	18390	0.06666666666666667
10043	10257	7.343333333333334
18390	stop_12_24	8.831666666666667
13133	13130	12.29
10184	10084	9.283333333333333
stop_301_63729	stop_304_68219	9.121666666666666
18152	stop_11_22	1.6166666666666667
17401	13439	8.298333333333334
11650	8776	19.175
18343	stop_261_45129	15.056666666666667
13667	stop_343_268629	11.04
stop_248_41329	stop_313_86719	10.821666666666665
18243	14151	14.281666666666666
7893	stop_325_136019	11.551666666666668
10236	11927	7.29
7471	9050	1.755
7951	9923	7.366666666666666
7950	9923	5.203333333333333
17939	8125	7.58
8991	9483	7.5
14048	12462	16.25
12989	stop_298_63049	9.888333333333332
12954	12957	10.93
13063	stop_1343_364729	6.161666666666666
stop_224_35929	stop_224_35939	1.035
10096	stop_297_62419	10.083333333333334
12677	8672	11.058333333333334
stop_207_12929	stop_234_37029	16.518333333333334
12941	stop_216_31919	6.735
13444	11332	13.263333333333332
12967	stop_957_333829	12.403333333333334
12974	18292	13.514999999999999
18056	stop_245_40729	12.520000000000001
8223	8366	9.889999999999999
11248	stop_219_32239	7.465
18286	7483	11.741666666666667
12886	13663	5.988333333333333
13005	12516	10.923333333333334
7738	7737	7.571666666666667
7505	7478	10.621666666666666
12957	stop_239_37919	0.35
12595	stop_183_6129	7.985
stop_8_15	stop_1495_373529	8.09
12718	stop_222_35739	8.623333333333333
7885	7820	11.858333333333333
8367	18284	12.436666666666667
9938	17691	8.898333333333333
stop_291_61119	stop_314_92259	6.541666666666667
12948	stop_242_38819	5.6066666666666665
17610	17618	0.975
10165	17576	12.158333333333333
11708	10819	5.876666666666667
7722	10356	14.311666666666667
7432	stop_186_7029	5.028333333333333
11926	10561	6.915
18079	12355	15.456666666666667
7489	7493	7.79
10070	17779	9.895000000000001
17215	stop_314_92249	11.236666666666668
stop_277_56719	stop_820_315819	12.706666666666667
8268	18125	10.25
7414	7519	6.328333333333333
stop_208_13029	stop_574_304029	6.931666666666667
stop_259_44929	stop_320_105119	10.936666666666667
stop_188_7229	stop_852_324249	10.633333333333333
18370	17692	12.71
17247	stop_346_269029	14.46
12660	13347	16.88
11583	11584	1.0783333333333334
17892	10070	17.936666666666667
13899	13760	8.678333333333335
12993	12999	14.889999999999999
7478	17779	12.638333333333332
12934	17884	8.591666666666667
18225	7414	14.186666666666667
12847	10168	9.236666666666668
17247	10313	10.101666666666667
17560	17714	12.221666666666666
17537	18092	14.368333333333334
10139	stop_307_71819	14.781666666666666
8512	8577	13.131666666666666
13077	13072	5.513333333333334
9500	9501	1.0483333333333333
10166	11234	12.753333333333334
7449	17779	12.173333333333334
10456	10451	4.5216666666666665
17395	10410	10.848333333333333
10064	17762	8.503333333333334
12298	12970	7.239999999999999
13746	18321	3.3516666666666666
7825	7542	10.361666666666668
stop_12_20	stop_250_41819	7.9766666666666675
10482	10200	11.126666666666667
8809	10766	0.74
11008	12951	7.1899999999999995
17958	stop_276_56119	11.163333333333332
stop_259_44919	stop_260_30	20.785
9926	stop_330_254329	6.336666666666667
13946	13808	17.473333333333336
12145	7390	10.296666666666665
9725	10943	0.77
7483	7444	14.34
12358	13399	20.631666666666668
11433	stop_203_12529	2.091666666666667
10445	12351	7.14
17861	stop_342_268519	17.93166666666667
13447	stop_2_5	6.7716666666666665
13723	stop_1102_347019	10.268333333333334
11282	17380	16.301666666666666
8233	8223	6.661666666666666
7525	7533	11.07
12908	8018	7.141666666666667
7371	17586	7.3133333333333335
11722	12461	1.8150000000000002
11770	8369	9.360000000000001
7946	stop_12_20	4.371666666666667
13538	18265	14.254999999999999
7371	18256	15.676666666666668
12368	12350	8.588333333333333
18328	stop_13_27	1.0783333333333334
stop_1280_364359	stop_1342_364629	7.6033333333333335
12304	12303	11.133333333333333
8672	13693	1.8783333333333334
9505	stop_316_94619	6.48
13023	17915	9.078333333333335
7358	7360	1.8783333333333334
stop_189_7339	stop_568_303239	11.081666666666667
8138	9142	13.926666666666668
8015	stop_571_303719	7.0216666666666665
7885	stop_214_31319	12.455
8528	14153	10.95
18292	8015	14.045
8077	stop_952_331019	11.723333333333333
17549	7381	5.663333333333333
stop_222_35729	stop_226_36119	14.806666666666667
12880	17915	5.9766666666666675
stop_219_32219	stop_568_303239	11.736666666666668
11650	11649	8.248333333333333
7404	stop_1491_372329	15.181666666666667
stop_219_32239	stop_1487_373619	3.628333333333333
12946	stop_237_37729	6.29
12962	13042	10.065
9032	17308	16.220000000000002
9608	13471	8.503333333333334
17538	17544	12.186666666666667
14022	14020	12.441666666666666
18335	17478	5.823333333333333
13651	18389	6.588333333333334
13687	10503	9.71
13080	8632	18.373333333333335
11433	13053	12.803333333333335
13632	17690	15.191666666666666
18265	18257	5.333333333333333
stop_285_58419	stop_314_92239	13.913333333333332
12943	stop_241_38319	11.591666666666667
11652	8777	17.16
17892	stop_1492_372619	0.5383333333333333
7369	17562	11.253333333333334
stop_307_71819	stop_841_317619	6.016666666666667
18151	8345	10.178333333333335
8390	8698	7.194999999999999
13005	stop_303_68129	3.3633333333333337
stop_245_40719	stop_575_304129	13.578333333333335
12904	8769	10.785
7390	stop_183_6119	7.016666666666667
17765	12140	16.265
17310	13483	28.178333333333335
8710	stop_199_11229	11.496666666666666
9672	10778	7.22
17891	17478	10.34
10245	stop_298_63039	1.2183333333333333
12870	12868	6.798333333333333
10096	12994	11.416666666666666
13693	12927	6.566666666666666
12850	stop_306_71619	7.958333333333333
8128	stop_276_56139	7.645
8017	stop_571_303729	10.503333333333334
7480	7477	10.375
11331	11335	13.178333333333335
7416	12140	5.2
18274	stop_322_117319	16.99833333333333
13722	7430	12.308333333333334
13898	13419	11.93
13629	stop_311_82319	12.983333333333333
stop_1488_3319	stop_1492_372629	10.04
14043	14017	14.026666666666667
8898	18288	11.32
10670	10668	9.81
stop_325_136029	stop_852_324239	11.335
8234	8365	10.565
8522	11305	1.3316666666666668
18029	12929	11.101666666666667
stop_224_35949	stop_325_136029	12.608333333333333
7460	7477	14.195
8253	11474	7.825
12945	stop_238_37819	8.568333333333333
12880	17951	11.673333333333334
8021	12354	11.96
18281	18360	8.28
10070	7492	14.596666666666666
8190	12995	5.930000000000001
11611	17825	0.30333333333333334
17282	17218	11.828333333333335
13055	stop_234_37019	0.9733333333333333
12907	18291	9.341666666666667
7803	8097	8.285
9978	stop_245_40719	13.551666666666668
13019	13615	9.545
8899	stop_187_7129	11.921666666666665
10150	10124	0.8583333333333333
12886	8145	12.229999999999999
9542	9541	9.853333333333333
12849	stop_314_92239	11.595
stop_205_12719	stop_322_117319	6.3566666666666665
7471	stop_202_12429	12.353333333333333
stop_186_7029	stop_335_260819	13.629999999999999
10109	8413	16.3
13819	10549	11.09
10543	12581	4.846666666666667
9050	stop_230_36549	12.078333333333335
18367	17713	12.381666666666666
17591	18147	16.675
13413	13863	12.905
8644	8366	14.181666666666667
7530	7536	10.463333333333333
7419	7421	1.105
8253	8300	4.3149999999999995
13710	stop_329_253929	14.618333333333334
9967	12557	6.5233333333333325
13411	9500	10.128333333333334
7959	17861	16.635
7446	8304	7.3966666666666665
stop_5_10	stop_207_12919	11.806666666666667
18290	7449	13.568333333333333
13586	stop_279_57139	14.445
13626	9971	7.076666666666667
11713	11699	8.55
8826	17793	6.613333333333333
8906	stop_205_12729	3.3833333333333333
12503	17343	19.18
8412	14127	6.7
12034	13325	14.673333333333334
8003	11420	10.143333333333334
10153	12427	14.248333333333333
13186	stop_216_31929	11.046666666666665
12318	7929	14.396666666666667
stop_222_35719	stop_223_35819	4.051666666666667
10264	18019	5.235
12999	13005	12.998333333333333
10716	17775	11.379999999999999
13707	7387	9.051666666666668
9533	11944	8.593333333333334
8893	9866	4.036666666666666
8223	13674	11.278333333333334
7680	13335	4.98
13809	13927	13.026666666666667
17399	10436	5.8516666666666675
10597	17458	9.753333333333334
12936	stop_320_105119	3.695
8405	11420	11.825
7809	7820	6.526666666666667
11680	11659	11.233333333333333
9149	stop_852_324249	8.35
7977	stop_330_254319	10.891666666666667
9049	stop_203_12519	1.5216666666666667
13385	7358	13.796666666666665
18293	13738	14.745000000000001
17825	8873	11.186666666666667
stop_187_7129	stop_335_260829	14.053333333333335
9493	17598	78.13333333333334
13814	9359	6.211666666666667
7492	10324	7.123333333333333
12898	stop_13_26	12.083333333333334
9980	17381	15.806666666666667
12509	13168	18.158333333333335
7512	stop_852_324249	5.765
7471	12958	7.05
12302	8328	14.143333333333334
17986	stop_273_46519	10.796666666666665
10545	12347	13.161666666666667
12401	18274	8.333333333333334
18312	stop_9_17	7.416666666666667
13223	13224	0.42833333333333334
10190	18053	8.833333333333334
9722	10172	11.531666666666666
12717	12719	3.24
stop_1280_364319	stop_1342_364619	9.018333333333334
12975	stop_313_86729	5.281666666666666
7402	8327	14.653333333333334
8138	14130	5.818333333333333
8075	12915	10.08
9063	17303	5.711666666666667
17537	stop_1493_373029	8.38
12982	13008	8.116666666666667
12883	12880	12.47
9904	stop_344_268729	7.558333333333334
8118	stop_225_36019	6.821666666666667
17877	12635	1.8533333333333333
13013	13014	0.47
12298	stop_223_35829	1.7883333333333333
9504	13662	2.235
13062	stop_310_74719	3.015
8414	13061	12.118333333333334
17547	8328	5.953333333333333
7999	stop_242_38829	10.56
11652	11650	7.86
13669	17587	11.638333333333332
13719	stop_225_36019	12.995000000000001
18234	17273	13.203333333333335
7368	10055	10.191666666666666
10499	10500	0.6083333333333333
13639	stop_1234_362129	10.341666666666667
8389	stop_335_260829	14.163333333333332
8404	stop_242_38829	5.891666666666667
17775	7417	11.231666666666666
stop_322_117319	stop_568_303219	12.351666666666667
8667	11736	10.726666666666667
12472	13025	2.2366666666666664
17913	17955	15.676666666666668
stop_425_287119	stop_1556_381029	6.928333333333333
11008	12318	7.283333333333333
8801	17918	12.351666666666667
8975	8253	2.728333333333333
7813	stop_568_303219	11.389999999999999
stop_316_94629	stop_321_115429	4.12
12905	9918	5.298333333333333
7421	12134	13.426666666666668
stop_226_36119	stop_957_333819	7.826666666666667
8265	11456	15.2
10733	11163	12.375
18025	8631	12.996666666666666
8862	8859	6.258333333333334
11106	7568	6.65
9142	stop_305_71529	6.72
12928	stop_276_56129	4.38
8799	7457	6.175
18023	stop_1494_373119	10.125
12574	13479	36.425
13178	8361	7.368333333333334
13346	12660	8.575
8373	7379	10.471666666666666
8332	11009	7.876666666666667
11977	stop_568_303219	6.930000000000001
12320	9926	20.648333333333333
7809	stop_214_31319	10.623333333333333
9551	9935	8.285
12888	stop_208_13019	16.948333333333334
10603	stop_230_36519	15.558333333333334
18277	13705	14.471666666666666
8892	12069	13.023333333333333
8076	12917	10.58
12939	12305	11.266666666666667
stop_224_35919	stop_325_136019	11.766666666666667
13023	stop_250_41829	13.576666666666666
17941	stop_203_12549	13.988333333333333
8381	10481	7.488333333333333
12849	stop_280_57229	6.876666666666667
12932	stop_246_40829	7.156666666666666
12878	stop_233_36929	1.1
18294	stop_258_44219	5.366666666666666
7447	7488	3.4383333333333335
13519	11731	7.335
13400	13415	2.3633333333333337
18389	stop_254_42419	13.733333333333333
13073	12672	11.481666666666666
7965	18202	4.941666666666666
13179	stop_957_333819	1.1099999999999999
12966	stop_187_7119	8.858333333333333
12335	10150	7.956666666666666
18209	13910	7.485
17970	8474	6.043333333333334
8115	stop_314_92229	8.99
10545	12412	13.471666666666666
17771	stop_1556_381029	1.4883333333333333
8373	13657	14.753333333333334
18146	7449	16.325
18035	11188	12.728333333333333
13617	stop_267_45929	11.443333333333333
12907	18390	14.523333333333333
18029	17957	11.561666666666667
10167	18258	15.106666666666666
7392	8326	8.631666666666666
11717	11721	0.185
stop_298_63019	stop_301_63729	12.448333333333332
12531	stop_261_45129	7.116666666666666
13049	13260	4.03
13425	8903	3.921666666666667
10234	17976	13.058333333333334
13906	7410	11.045
17539	17965	4.6899999999999995
10231	10235	9.641666666666667
8114	stop_290_61019	9.866666666666667
8123	stop_321_115429	11.826666666666666
7754	7753	10.415
7390	12304	5.441666666666666
11234	18258	12.068333333333333
stop_296_62329	stop_339_62129	9.803333333333335
13177	stop_216_31919	11.870000000000001
stop_219_32239	stop_222_35739	8.183333333333334
12339	9875	13.658333333333333
13534	18366	2.9699999999999998
18389	9923	8.301666666666668
stop_203_12539	stop_232_36819	14.963333333333333
18334	17892	6.9399999999999995
11336	18237	12.996666666666666
13814	9780	11.678333333333335
13679	8672	5.08
7959	7968	12.423333333333334
17912	17911	1.6
12939	stop_570_303619	5.076666666666667
17586	stop_1490_366219	11.979999999999999
stop_263_45319	stop_265_45729	11.913333333333332
11507	stop_339_62129	14.67
stop_841_317650	stop_1343_364729	6.285
8971	11445	5.1033333333333335
18306	10613	11.923333333333334
13063	10139	11.736666666666668
12546	14005	12.545
10480	12141	6.808333333333334
12560	18258	5.136666666666667
12401	stop_852_324229	9.891666666666667
17348	9529	14.295
7805	8098	18.44
stop_234_37019	stop_425_287119	10.29
10165	stop_1490_366219	9.273333333333333
18294	7969	10.491666666666667
17567	17891	5.025
13524	10914	9.188333333333333
10077	10236	11.523333333333333
stop_574_304029	stop_574_304039	3.17
8171	12688	8.583333333333334
10085	10294	7.1016666666666675
stop_214_31329	stop_283_57629	21.961666666666666
9060	17304	6.38
10055	stop_1493_373019	7.451666666666667
8317	stop_344_268719	1.25
13720	8088	9.366666666666667
7781	13349	13.705
10052	stop_1490_366219	6.336666666666667
7369	7437	13.05
13037	stop_314_92259	1.1116666666666668
7960	stop_272_46419	13.761666666666667
13760	13960	10.291666666666666
11282	10213	5.608333333333333
7528	stop_196_8719	13.853333333333333
8625	stop_361_282119	16.46
7820	stop_219_32239	11.173333333333334
13645	12516	5.73
12314	7483	10.879999999999999
13837	13119	4.171666666666667
7930	stop_242_38819	10.793333333333333
8084	9900	4.091666666666667
12993	stop_304_68229	14.516666666666667
7390	stop_570_303629	12.195
11079	12457	12.898333333333333
8118	stop_279_57139	0.19333333333333333
9034	stop_328_253819	5.868333333333334
8604	stop_232_36829	12.758333333333333
13036	12986	4.711666666666667
17744	17747	9.108333333333333
8439	8448	17.653333333333332
8205	stop_307_71819	9.01
12869	13055	12.341666666666667
7430	8899	12.876666666666667
7985	stop_242_38829	12.435
stop_6_13	stop_246_40829	8.763333333333332
12897	stop_330_254329	7.955
18341	11233	9.643333333333334
stop_279_57129	stop_820_315819	12.933333333333334
12952	12950	10.126666666666667
17512	17511	4.833333333333333
14141	8384	9.813333333333333
8254	8975	14.716666666666667
10914	10915	0.26333333333333336
12897	7936	6.8516666666666675
17852	17854	1.395
8399	7960	9.623333333333333
13714	stop_189_7319	5.0183333333333335
17311	13478	32.32
18105	18120	10.163333333333332
8363	stop_283_57629	8.496666666666666
8248	18128	5.283333333333333
13444	8528	10.393333333333334
12877	stop_425_287119	12.633333333333333
7450	8305	9.831666666666667
13587	7893	10.528333333333334
13789	stop_246_40819	3.21
13362	13363	0.08499999999999999
8793	12510	8.465
12983	stop_292_61219	4.2283333333333335
13492	8074	11.81
9551	10500	16.73
7441	7446	14.014999999999999
8799	stop_208_13019	12.461666666666668
7936	10848	18.953333333333333
9939	9973	8.05
13900	stop_952_331019	4.998333333333333
9149	stop_204_12639	12.911666666666667
12961	7398	10.5
17909	stop_203_12539	12.743333333333334
8115	stop_280_57219	8.263333333333334
8781	13095	15.266666666666667
12908	8015	11.995000000000001
18146	17308	11.46
10472	9754	11.718333333333334
7411	7413	13.22
12534	12535	0.4266666666666667
13651	stop_253_42329	12.063333333333333
7512	stop_204_12639	0.965
18293	18370	13.013333333333332
9026	7444	9.428333333333335
13397	13399	4.694999999999999
stop_291_61129	stop_292_61229	11.658333333333333
7392	17560	7.725
stop_225_36019	stop_338_56929	13.604999999999999
7516	11079	5.221666666666667
7394	14165	14.281666666666666
10463	10545	3.621666666666667
13811	7566	9.014999999999999
7532	7533	3.7883333333333336
17387	17418	6.22
12309	17964	8.110000000000001
13161	13165	0.0
13752	stop_267_45919	1.7966666666666666
7804	8104	22.990000000000002
17585	7375	8.168333333333333
18312	stop_254_42419	9.186666666666667
8076	17954	17.7
12717	7511	5.901666666666667
17775	13049	8.833333333333334
11509	12930	9.79
7369	stop_1489_127119	11.095
13081	stop_267_45919	6.568333333333333
13630	10074	8.045
14032	14033	0.89
9461	10635	15.038333333333332
18243	12739	14.925
9049	stop_852_324219	13.625
7471	11433	2.2516666666666665
13344	13343	7.426666666666667
13532	13534	2.1616666666666666
13651	8021	13.528333333333334
17308	17307	1.1516666666666666
17539	17543	12.236666666666668
17779	17965	16.955
10700	stop_1102_347029	1.5933333333333333
13485	8710	11.601666666666667
stop_224_35929	stop_226_36119	3.74
10095	stop_424_287019	14.823333333333332
13706	stop_1486_372439	11.428333333333335
9916	11913	15.04
stop_237_37719	stop_239_37929	11.926666666666668
10872	8709	9.276666666666667
9166	7490	8.883333333333333
7670	13380	9.815
11507	12964	15.196666666666665
17697	7825	9.075
13444	11336	11.508333333333333
17540	stop_1489_127129	6.921666666666667
8084	13719	9.735000000000001
11515	17772	9.215
17567	7368	14.764999999999999
11913	stop_1487_373629	11.99
18277	17716	4.0183333333333335
10549	10467	7.296666666666667
18286	8419	14.615
12886	8217	14.941666666666666
11909	13715	10.906666666666666
17552	stop_1492_372619	10.31
13628	17563	11.656666666666666
9610	17783	7.694999999999999
13413	9499	8.516666666666667
7894	stop_224_35939	6.141666666666667
17538	stop_1489_127129	11.846666666666666
7971	7962	11.698333333333332
12352	stop_267_45939	12.516666666666667
stop_219_32229	stop_782_314129	9.391666666666667
13683	7523	9.913333333333332
13538	13539	2.06
17908	stop_1487_373619	11.843333333333334
7515	7400	12.78
7432	stop_188_7219	6.951666666666667
9049	12893	8.51
stop_237_37719	stop_328_253819	4.618333333333334
7414	18275	13.788333333333332
8528	9170	11.905
13183	stop_282_57529	5.8566666666666665
7367	17545	10.461666666666668
9667	17733	5.825
8409	7983	9.123333333333333
12660	17348	12.025
8336	18312	11.601666666666667
8355	13650	5.1433333333333335
10591	18360	10.228333333333333
13411	8845	5.156666666666666
10226	13300	8.335
8791	13170	11.291666666666666
17537	10052	3.9016666666666664
stop_216_31919	stop_221_32519	11.941666666666666
7837	9865	11.715
9878	stop_322_117329	14.136666666666667
10374	10370	11.728333333333333
18079	stop_255_42929	9.833333333333334
8770	8399	25.493333333333332
12402	9149	9.72
18334	17705	10.383333333333333
12719	stop_188_7219	11.641666666666667
17756	17755	1.2650000000000001
18030	13117	13.291666666666666
10510	9982	11.663333333333332
13653	8171	8.553333333333335
18293	12354	18.89
12298	7894	12.915
10015	12899	10.286666666666667
12948	7993	5.406666666666666
11742	stop_272_46419	11.715
stop_261_45129	stop_1076_317429	9.475
10545	11651	22.613333333333333
7648	18011	10.393333333333334
17772	stop_425_287119	7.171666666666667
7804	stop_213_31129	2.243333333333333
stop_12_20	stop_253_42319	10.101666666666667
13615	stop_1_2	19.60666666666667
12145	18329	12.286666666666667
8389	stop_188_7229	5.236666666666666
stop_239_37919	stop_328_253829	15.068333333333333
13945	13948	8.093333333333334
11433	stop_204_12619	6.45
8089	stop_283_57619	11.92
12880	stop_8_16	15.264999999999999
12938	17547	6.253333333333333
7532	17972	15.006666666666666
12923	7950	13.046666666666665
18061	12509	10.308333333333334
8801	12719	12.903333333333334
7946	stop_13_26	9.646666666666667
9169	stop_207_12919	10.821666666666665
9051	stop_207_12929	9.715
8798	7462	17.665000000000003
17390	stop_266_45819	8.48
17724	17857	10.731666666666666
11621	11622	1.23
13669	stop_1486_372429	5.076666666666667
12885	14130	13.975
13534	10167	14.504999999999999
13715	12958	11.153333333333334
10193	18192	3.1550000000000002
13397	9874	24.293333333333333
12958	stop_203_12519	6.9350000000000005
9942	9965	6.678333333333333
12939	stop_186_7029	14.03
13665	8127	14.79
10560	stop_213_31139	13.31
13486	stop_13_27	12.761666666666667
13973	18348	6.793333333333334
8906	stop_335_260819	4.533333333333333
11638	11447	24.740000000000002
13023	12932	4.041666666666667
18235	17265	8.881666666666666
7511	12958	4.77
11815	11807	8.186666666666666
8352	12499	15.504999999999999
14140	14141	9.854999999999999
13705	17547	13.58
18292	7948	12.638333333333332
12986	stop_291_61129	0.39333333333333337
9291	13161	9.041666666666666
17386	10383	13.663333333333332
13817	8223	14.233333333333333
7897	stop_221_32529	9.536666666666667
10110	11346	5.505
17850	17849	0.81
8618	17590	12.561666666666667
12931	13486	13.038333333333332
17600	17599	5.798333333333333
9023	9020	6.301666666666667
12946	stop_240_38219	2.6300000000000003
13177	11306	7.131666666666666
18238	12635	10.861666666666668
9608	9610	13.145000000000001
12898	stop_313_86729	11.360000000000001
12846	12985	16.481666666666666
11105	17380	10.276666666666667
12952	8405	9.021666666666667
12967	7822	1.8633333333333333
12464	13524	4.546666666666667
17892	stop_1494_373119	5.905
7434	12959	12.46
12535	8153	34.04833333333333
12322	12320	12.413333333333332
stop_208_13029	stop_233_36919	15.423333333333334
stop_214_31319	stop_311_82319	11.758333333333333
10245	stop_300_63419	11.595
stop_204_12629	stop_205_12719	4.045
13693	8128	9.063333333333333
8681	13015	10.113333333333333
18036	13775	5.668333333333334
11237	10466	11.176666666666668
17908	11909	10.595
12958	12959	1.8633333333333333
12472	13693	11.825
10594	18345	9.7
10405	10374	11.360000000000001
18274	stop_325_136019	10.803333333333335
12920	stop_316_94619	1.3016666666666665
13671	12930	12.728333333333333
10849	stop_329_253919	7.528333333333333
9859	11438	12.485000000000001
14166	stop_568_303239	13.626666666666667
11333	18238	11.836666666666668
stop_1488_3319	stop_1494_373129	14.303333333333335
7667	11604	11.129999999999999
7970	9935	14.698333333333332
10838	stop_300_63429	14.583333333333334
12009	stop_222_35719	4.913333333333333
8216	8238	6.635000000000001
stop_250_41819	stop_252_42019	10.038333333333332
12855	18151	7.73
8228	10131	13.528333333333334
7959	18294	4.0633333333333335
7460	7489	7.38
12945	stop_240_38229	0.45
10139	10140	13.79
stop_216_31919	stop_325_136029	10.531666666666666
13472	9611	8.0
7407	stop_183_6119	14.305
13403	8508	9.695
8844	8903	8.451666666666666
13062	9814	11.441666666666666
7520	7522	10.365
17831	8350	17.581666666666667
10812	11020	7.36
10150	10470	12.055
12939	13706	3.146666666666667
8618	stop_1494_373129	8.701666666666666
7478	7458	13.66
9041	11474	12.56
7471	stop_203_12549	1.5733333333333335
13324	10783	9.968333333333334
17566	17539	5.35
8240	9814	16.705
13189	17975	6.58
8730	8731	8.815
stop_282_57519	stop_957_333829	6.863333333333333
7894	stop_279_57119	7.0233333333333325
7419	17774	3.4650000000000003
8249	8247	12.988333333333333
8253	9856	3.575
10574	10472	5.633333333333334
8328	17588	15.963333333333333
7813	7885	1.3616666666666668
17826	11619	13.308333333333334
12893	17909	11.483333333333333
17567	12312	12.741666666666667
stop_279_57119	stop_1103_347129	14.621666666666666
10345	13261	10.78
8795	13171	2.695
10055	10053	3.7866666666666666
8217	stop_841_317619	11.766666666666667
8431	13126	10.81
12904	8017	11.24
8232	10549	4.956666666666666
18151	11951	9.911666666666667
12466	stop_321_115429	13.033333333333333
8003	18311	10.031666666666666
18297	stop_254_42429	9.901666666666667
12940	stop_318_96019	6.883333333333334
18285	17540	11.673333333333334
10170	12851	11.801666666666668
9490	14005	14.22
12881	12319	7.318333333333333
9878	12022	13.275
18297	13724	11.33
8408	7929	9.988333333333333
12883	stop_8_15	11.545
17715	17717	1.4883333333333333
10050	17891	13.203333333333335
12747	8705	4.881666666666666
stop_294_61419	stop_361_282119	16.163333333333334
7390	7404	12.323333333333332
7524	7535	1.6866666666666668
12134	12304	11.276666666666667
9049	stop_203_12559	2.0033333333333334
13385	10041	14.879999999999999
7509	10166	15.013333333333332
10440	18019	12.228333333333333
17663	17665	8.879999999999999
13665	13719	15.196666666666665
11566	11567	5.55
13025	stop_339_62129	6.071666666666667
13586	stop_1103_347129	0.6950000000000001
10848	18311	5.9
8253	8252	11.504999999999999
8002	stop_13_25	9.053333333333335
13004	stop_334_258229	1.6916666666666667
17850	17856	2.606666666666667
8072	17831	0.0
stop_246_40839	stop_313_86729	4.7
9968	9964	10.155
12961	stop_186_7019	10.403333333333334
8350	8163	4.886666666666667
7910	stop_5_11	8.188333333333334
18297	8017	12.095
10001	12145	17.636666666666667
18036	13341	11.278333333333334
13714	12718	5.096666666666667
18237	18240	13.238333333333333
8075	10855	5.8516666666666675
12883	12931	10.236666666666668
8801	9149	5.005
17545	17589	11.996666666666666
12349	12324	0.03166666666666666
9549	8114	10.426666666666668
12010	stop_216_31929	12.26
8372	18367	14.573333333333332
13058	7968	8.861666666666668
12298	stop_224_35949	8.985000000000001
18283	8617	13.026666666666667
9467	11118	0.2866666666666667
12362	13397	16.82
10842	8625	3.4116666666666666
stop_221_32519	stop_227_36229	11.451666666666666
10724	stop_299_63229	14.258333333333333
13205	10666	8.54
17706	17697	7.076666666666667
18289	11251	6.955
8089	7820	14.966666666666667
13719	stop_227_36219	11.514999999999999
9024	9023	8.72
12377	13713	8.478333333333333
8234	13713	6.243333333333334
18291	7952	7.051666666666667
12808	13516	11.526666666666667
8187	stop_302_67919	0.975
17680	12360	5.555000000000001
8412	8137	12.370000000000001
9856	9041	10.148333333333333
13620	9551	11.403333333333334
8137	10244	11.93
8618	11251	15.061666666666667
12472	12860	5.64
14047	13209	5.925
8608	13330	7.368333333333334
11760	17602	7.4399999999999995
stop_820_315819	stop_820_315829	1.0833333333333333
12145	13707	5.388333333333334
8666	8667	0.9466666666666667
7971	9551	14.083333333333334
12346	13737	1.825
13587	stop_278_57019	7.86
8335	7956	12.898333333333333
12070	8899	11.051666666666668
11516	stop_574_304039	9.79
13346	13348	13.020000000000001
12856	stop_289_58919	5.591666666666667
7645	7648	12.865
stop_213_31129	stop_214_31319	6.17
12573	12572	0.56
11321	stop_284_57719	11.92
18314	stop_248_41329	8.870000000000001
stop_852_324219	stop_1102_347029	10.158333333333333
10484	10225	6.831666666666666
13492	stop_323_126219	8.301666666666668
12899	stop_246_40819	15.56
7461	7447	16.245
10782	10783	1.4316666666666669
10208	13680	10.479999999999999
17539	12314	10.291666666666666
17834	17583	12.098333333333333
9035	stop_10_3	1.4566666666666668
stop_276_56119	stop_323_126229	7.783333333333333
8384	13688	3.9366666666666665
17752	17753	11.563333333333333
12342	12361	1.9166666666666667
7447	18028	12.251666666666667
12319	stop_246_40829	9.841666666666667
9725	11810	20.69333333333333
13443	14153	14.873333333333333
12966	stop_189_7319	1.4200000000000002
10053	17964	11.979999999999999
8909	11628	8.628333333333334
13214	13218	6.475
stop_243_39219	stop_329_253919	8.78
8504	17781	12.145000000000001
17713	17587	10.315
12841	stop_284_57719	10.456666666666667
10158	8311	18.95
10179	10180	0.4083333333333333
9643	9638	0.55
stop_227_36229	stop_1102_347029	12.205
17258	stop_841_317650	5.248333333333333
stop_279_57119	stop_338_56929	8.691666666666666
13656	13716	2.643333333333333
stop_216_31919	stop_1487_373619	8.918333333333333
17884	10500	6.016666666666667
13667	stop_292_61229	7.8
12870	stop_208_13019	1.6700000000000002
7516	17765	8.693333333333333
7400	7430	7.683333333333334
11717	12462	6.2716666666666665
stop_314_92219	stop_1280_364329	12.078333333333335
11909	stop_219_32219	11.683333333333334
7817	stop_217_32029	10.323333333333332
10095	stop_297_62419	3.6383333333333336
13906	14165	7.763333333333334
8089	stop_214_31319	11.19
8103	stop_214_31329	18.779999999999998
10166	13716	7.326666666666667
7741	17974	13.881666666666666
10157	12503	5.09
13425	11629	14.043333333333333
10613	stop_334_258219	12.363333333333333
8440	8442	9.828333333333335
18344	12536	12.903333333333334
10825	10823	3.9433333333333334
stop_219_32239	stop_224_35929	12.665
8906	13714	4.591666666666667
12850	stop_297_62419	12.998333333333333
stop_1102_347029	stop_1487_373629	9.94
7961	stop_257_43529	12.85
10164	17892	9.238333333333333
11680	12581	8.843333333333334
stop_216_31929	stop_226_36129	13.966666666666667
10574	10610	12.631666666666666
7893	stop_957_333819	11.688333333333333
13679	12927	4.178333333333333
12970	stop_219_32229	13.639999999999999
8778	8777	4.395
12958	stop_852_324219	10.860000000000001
9050	7511	6.405
12946	12948	1.6133333333333333
12504	7591	14.953333333333335
10648	stop_1103_347119	4.668333333333334
12594	7365	6.819999999999999
13023	8710	5.833333333333333
7805	stop_311_82329	13.666666666666666
12997	stop_334_258219	5.035
12355	stop_1_1	7.658333333333333
11571	18043	7.28
13586	9505	15.165
8240	12332	16.341666666666665
8195	stop_304_68219	11.451666666666666
8338	8335	4.085
stop_245_40729	stop_313_86719	9.303333333333335
14166	stop_186_7019	12.316666666666666
10077	11927	18.813333333333333
9918	7962	27.98
7764	18040	11.610000000000001
7452	7985	5.191666666666666
13750	11445	12.023333333333333
8187	10613	12.031666666666666
stop_203_12549	stop_204_12619	6.75
17414	12349	14.908333333333333
7891	stop_224_35939	11.065
13699	7492	12.426666666666668
18102	18103	0.495
12314	8419	5.258333333333334
7446	9026	7.3516666666666675
8332	7985	12.698333333333332
10131	12409	5.783333333333333
17344	17343	5.455
8415	12688	9.581666666666667
stop_12_24	stop_250_41819	10.885
13080	11248	12.046666666666665
12407	11658	20.825
17563	stop_1490_366229	13.295
stop_339_62119	stop_820_315819	5.745
7424	12941	9.626666666666667
8615	stop_307_71819	12.598333333333333
12852	11170	1.4933333333333332
12613	8809	9.97
8076	stop_275_56019	11.293333333333333
stop_203_12529	stop_1234_362129	11.68
18309	13606	13.438333333333333
7404	10052	13.72
stop_204_12619	stop_322_117329	7.83
10356	18019	27.493333333333332
11332	11331	1.3916666666666666
8090	stop_213_31139	21.618333333333332
8399	7977	22.64
9171	18242	13.885
8182	12351	10.001666666666667
stop_852_324239	stop_852_324249	1.2116666666666667
14082	12688	15.136666666666667
11282	14028	9.678333333333335
7396	8372	2.996666666666667
12915	stop_277_56729	1.1466666666666667
13947	13951	12.901666666666667
12312	stop_1493_373029	12.753333333333334
13179	12967	12.661666666666667
7407	stop_570_303629	9.565
7930	7993	10.553333333333335
8789	18128	5.3933333333333335
18304	8355	8.778333333333334
13789	stop_248_41319	12.604999999999999
12983	stop_294_61419	14.693333333333333
18282	10224	12.731666666666666
7441	9026	6.708333333333333
8084	13586	14.925
8056	11799	8.798333333333334
13789	12898	12.501666666666667
7936	7950	14.628333333333334
17869	8352	11.581666666666667
stop_260_29	stop_331_254819	24.538333333333334
11663	8430	7.739999999999999
7650	13331	1.4133333333333333
17540	17585	1.38
8021	stop_12_20	14.083333333333334
12908	7948	9.22
13792	13791	1.9316666666666669
10717	12306	13.363333333333333
13533	13640	13.943333333333333
7392	8328	12.831666666666667
8374	18256	16.186666666666667
12304	17547	9.073333333333332
13644	13653	12.633333333333333
18320	stop_1234_362129	15.473333333333333
7609	17813	2.618333333333333
8906	stop_1234_362119	6.588333333333334
11798	11799	0.5983333333333333
9505	stop_820_315819	15.113333333333333
9651	9650	0.445
13538	17378	17.225
10491	8538	9.468333333333334
17245	stop_2_5	6.505
8362	8104	10.25
8076	17959	11.185
10053	17544	15.013333333333332
13141	11448	12.754999999999999
13663	14130	11.110000000000001
7368	17590	12.156666666666666
10490	13687	12.403333333333334
18359	10466	14.604999999999999
12717	12959	10.21
10095	12994	12.631666666666666
7893	12009	11.581666666666667
9709	9704	9.31
11750	10764	26.263333333333332
9489	11677	6.933333333333334
7658	10856	16.488333333333333
12940	12307	5.986666666666666
7452	12942	10.43
12605	12606	0.11333333333333333
stop_203_12559	stop_230_36519	12.17
13026	17797	4.836666666666667
17416	10383	6.375
8231	8223	0.43166666666666664
7948	stop_12_21	8.781666666666666
13532	7360	9.01
11306	stop_225_36029	15.620000000000001
17539	8618	12.120000000000001
stop_224_35949	stop_279_57119	10.845
17914	17951	8.393333333333334
7646	13404	4.776666666666667
9916	7432	12.85
7999	8405	10.353333333333333
10048	10267	2.275
stop_237_37719	stop_241_38329	7.166666666666667
7398	stop_1486_372429	9.691666666666666
9166	7488	12.215
11508	stop_276_56129	9.483333333333333
8788	8979	11.608333333333333
17540	stop_1491_372329	2.7783333333333333
8801	12070	3.9716666666666667
12942	stop_237_37729	4.2283333333333335
12326	14082	7.496666666666667
7568	17379	20.973333333333336
12886	18308	14.893333333333334
13639	9051	5.8116666666666665
8404	8405	0.5583333333333333
13706	7368	14.879999999999999
12331	10127	13.568333333333333
12357	17929	12.995000000000001
8328	stop_1486_372439	5.588333333333334
9895	13696	7.281666666666666
8021	13696	13.146666666666667
stop_257_43529	stop_274_46619	13.415
13718	11913	6.596666666666667
18274	stop_852_324229	8.97
8018	12901	13.918333333333333
stop_216_31929	stop_282_57519	13.891666666666667
11977	stop_187_7119	13.128333333333334
7894	stop_226_36119	7.808333333333334
14052	8925	5.215
7953	8338	3.2133333333333334
9408	13351	6.555000000000001
8630	stop_282_57519	3.115
13699	7482	13.211666666666668
13180	13723	9.915
18316	10176	4.783333333333333
11574	11585	0.48833333333333334
12366	18306	17.709999999999997
7956	13696	1.0483333333333333
12871	stop_1495_373519	8.591666666666667
7432	stop_189_7339	8.861666666666668
stop_203_12519	stop_203_12559	0.995
18244	stop_205_12729	3.3833333333333333
13183	stop_284_57729	13.978333333333333
17965	stop_1492_372629	9.74
13073	13325	3.328333333333333
stop_223_35819	stop_1103_347129	9.805
10452	10456	0.295
12718	12298	13.583333333333334
stop_239_37919	stop_242_38819	8.53
11188	11187	0.6649999999999999
10065	17775	8.306666666666667
stop_205_12719	stop_852_324229	9.736666666666668
10594	12560	6.488333333333333
7493	7503	12.676666666666668
stop_246_40819	stop_248_41319	11.775
13910	18205	11.286666666666667
8402	stop_252_42019	15.423333333333334
7410	17830	13.211666666666668
12570	7492	14.01
13802	17377	13.598333333333333
9878	stop_325_136029	5.038333333333333
12367	13735	12.93
10116	10115	5.841666666666667
18336	12560	3.4916666666666667
8220	12377	7.085
stop_325_136019	stop_325_136029	0.745
10015	13651	12.853333333333333
12948	8298	12.246666666666666
11742	stop_274_46619	17.066666666666666
14053	8922	12.608333333333333
13307	9068	6.680000000000001
7804	stop_216_31919	10.185
12842	stop_282_57529	9.675
13668	10491	10.518333333333334
13178	7897	13.486666666666668
7822	stop_325_136029	11.698333333333332
10176	10177	8.541666666666666
7430	18274	14.148333333333333
12321	8403	12.508333333333333
11681	11686	10.118333333333334
12940	stop_782_314119	2.0033333333333334
10691	13553	9.858333333333333
8389	stop_189_7349	11.201666666666666
9980	14029	9.063333333333333
7960	11742	8.65
13004	13645	14.264999999999999
12938	8327	12.606666666666666
7402	12938	3.2583333333333333
17270	17269	6.931666666666667
7532	17975	14.966666666666667
10150	12348	14.139999999999999
7359	7358	2.6550000000000002
8801	9049	14.57
stop_205_12729	stop_335_260819	7.708333333333333
8798	7459	9.491666666666667
8402	18310	13.963333333333333
stop_226_36119	stop_227_36229	11.16
9569	10493	12.365
8374	18329	6.336666666666667
13737	13704	5.833333333333333
7458	8296	4.316666666666666
13724	8020	9.370000000000001
8164	12362	9.21
13128	8439	11.831666666666667
13665	8672	6.6899999999999995
10560	stop_216_31929	4.385000000000001
17705	7828	11.951666666666666
18147	10324	5.145
13639	stop_322_117329	13.766666666666667
12360	17692	7.541666666666667
12900	8020	10.746666666666666
7610	7632	4.11
9752	9751	0.245
13705	8327	14.348333333333333
8269	18124	11.226666666666667
17950	17952	9.381666666666666
12986	stop_293_61329	8.491666666666667
12953	8408	2.71
13817	13674	3.4699999999999998
9035	18287	12.143333333333334
11749	17857	9.751666666666667
13132	13131	3.885
17283	8095	6.6883333333333335
12869	11955	8.098333333333333
stop_5_11	stop_203_12539	11.979999999999999
18330	9660	7.963333333333334
13587	stop_225_36019	8.878333333333334
12070	10991	10.455
13896	11463	3.7766666666666664
17964	stop_1488_3329	9.866666666666667
12952	11009	6.8966666666666665
12967	12306	12.131666666666666
12464	10915	13.639999999999999
12718	stop_335_260829	5.258333333333334
11137	17798	7.308333333333334
17892	stop_1552_378519	15.281666666666666
7417	12134	6.298333333333333
11961	18227	9.793333333333333
11951	9754	8.803333333333335
13408	13425	11.245000000000001
13492	stop_276_56119	13.753333333333334
10113	stop_305_71519	11.415
8127	stop_276_56119	13.020000000000001
8633	18024	6.2
stop_321_115419	stop_820_315829	12.736666666666668
stop_2_4	stop_310_74719	6.55
12323	stop_313_86729	7.701666666666667
17908	12401	11.083333333333334
stop_199_11219	stop_575_304119	10.188333333333333
17713	stop_1486_372429	13.379999999999999
stop_276_56119	stop_276_56129	3.228333333333333
11432	stop_386_285919	13.695
8358	10648	12.358333333333333
8187	13061	4.256666666666667
7454	13023	12.381666666666666
10504	13330	14.931666666666667
13752	12352	12.985000000000001
9149	stop_187_7119	9.648333333333333
stop_325_136029	stop_1102_347029	3.7633333333333336
7596	12750	21.733333333333334
12009	stop_223_35829	8.71
8216	8201	11.963333333333333
10687	8909	10.09
11516	stop_1556_381019	9.721666666666666
7534	13189	12.776666666666667
17918	stop_386_285929	12.145000000000001
12967	10081	7.091666666666667
7460	7446	10.881666666666666
9018	9028	11.381666666666666
8980	8248	11.729999999999999
stop_316_94619	stop_316_94629	0.83
12945	stop_242_38829	5.943333333333333
7411	7412	8.92
18334	18155	19.793333333333333
11169	stop_305_71529	14.06
7407	stop_186_7039	4.878333333333333
12333	13728	8.846666666666666
8672	stop_316_94629	6.745
7980	stop_329_253919	11.655
13036	stop_314_92219	1.835
13720	7893	14.72
12939	12595	9.235000000000001
8130	stop_323_126229	3.1199999999999997
9490	18307	12.398333333333333
stop_224_35919	stop_957_333819	10.468333333333334
8478	7956	7.086666666666667
13722	stop_189_7329	9.1
stop_11_22	stop_11_23	0.9450000000000001
12338	8168	17.923333333333336
10182	10185	11.866666666666667
18037	18041	1.7383333333333333
10062	7420	14.048333333333334
8123	stop_276_56129	11.773333333333333
17566	18289	12.729999999999999
7447	17583	10.241666666666667
17884	9938	7.135000000000001
13753	12054	11.455
9971	12555	10.958333333333334
8791	8787	15.68
9532	9533	0.4033333333333333
10373	10409	8.055
8166	8168	1.57
12893	7910	14.335
17401	10421	7.71
10345	9810	10.728333333333333
18296	9147	6.97
8795	13167	9.261666666666667
12717	stop_852_324219	0.03333333333333333
13639	stop_202_12419	8.925
7734	9380	9.365
13855	13847	9.006666666666666
9119	stop_1487_373619	15.07
7968	18170	5.8
12881	17949	14.381666666666666
12902	stop_331_254829	7.105
7891	7813	8.245
18328	9147	9.038333333333332
12546	10877	3.1516666666666664
11794	11816	11.711666666666668
7998	12323	15.675
14044	14049	10.561666666666667
7885	stop_325_136019	5.048333333333333
18240	18364	14.976666666666667
13180	stop_224_35929	11.018333333333334
9035	12954	11.148333333333333
7524	7537	9.955
17218	10842	14.305
12134	12302	13.889999999999999
9049	stop_205_12719	8.775
17911	17949	7.861666666666666
13337	7729	5.123333333333333
12997	9490	10.301666666666668
13697	8699	33.93833333333333
18011	11449	17.084999999999997
stop_13_28	stop_313_86719	8.525
8317	stop_293_61319	10.68
8058	8066	8.443333333333333
9859	18237	8.868333333333334
8190	stop_301_63729	10.526666666666667
8072	8340	11.901666666666667
8128	8077	5.556666666666667
13179	13689	10.31
12307	stop_219_32239	12.895000000000001
12366	12516	7.993333333333334
12961	stop_187_7129	11.881666666666666
8350	12363	11.978333333333333
13443	9170	8.986666666666668
11008	stop_239_37919	10.488333333333333
8778	9393	11.963333333333333
17549	stop_183_6129	7.618333333333334
7367	7369	4.833333333333333
8075	18029	5.996666666666667
11969	18014	0.045000000000000005
18295	18292	3.2550000000000003
12010	stop_219_32229	5.013333333333334
10056	18284	3.5416666666666665
17541	17549	10.34
18334	stop_1492_372629	7.165
17501	stop_1493_373019	16.566666666666666
17810	11806	7.34
7931	12319	12.808333333333334
18073	17683	7.956666666666666
8669	8245	14.558333333333334
stop_278_57029	stop_279_57139	10.156666666666666
14154	18241	9.33
13080	stop_282_57529	24.581666666666667
13178	stop_224_35939	10.206666666666667
17547	7365	13.501666666666667
18028	12310	11.243333333333334
8974	9041	4.713333333333334
13556	7528	3.1133333333333337
13857	13858	11.716666666666667
12957	7991	4.121666666666667
18298	13439	20.021666666666665
11420	stop_242_38819	5.091666666666667
11653	8776	19.163333333333334
18291	12902	12.341666666666667
9657	18330	7.196666666666667
8412	10116	10.275
14051	13302	16.486666666666668
7446	17779	6.485
12490	9590	20.163333333333334
8508	17627	20.746666666666666
10064	7414	6.918333333333334
8801	stop_203_12519	13.561666666666667
13055	stop_425_287119	9.733333333333333
12545	12688	8.264999999999999
13662	8228	10.065
8608	8195	10.45
8015	stop_253_42319	12.573333333333332
17567	stop_1493_373019	1.1400000000000001
7424	7516	10.273333333333333
12994	stop_275_56019	21.358333333333334
17218	17876	8.678333333333335
13179	stop_283_57619	9.753333333333334
11729	11730	11.748333333333333
18288	18321	5.931666666666667
18057	stop_245_40729	12.95
7527	17972	10.171666666666665
9022	9734	10.573333333333332
13717	stop_277_56729	10.946666666666665
18321	7483	14.036666666666667
7908	stop_227_36219	15.123333333333333
10484	18349	10.206666666666667
17778	7444	4.401666666666667
18207	18206	8.688333333333333
12521	stop_841_317639	3.2150000000000003
9851	9852	0.8566666666666667
18314	7951	10.836666666666668
10127	10149	5.318333333333333
12302	17714	14.191666666666666
13678	12688	8.631666666666666
12870	stop_574_304039	8.621666666666666
8341	12534	13.151666666666667
17539	10070	15.74
8980	11447	12.641666666666667
18042	18037	11.101666666666667
11794	17810	3.795
17650	17651	0.76
12401	stop_186_7029	12.126666666666667
12410	12328	12.336666666666668
8138	8205	11.656666666666666
7441	17779	9.383333333333333
18080	12355	15.636666666666667
11977	17918	13.831666666666667
12961	12594	11.57
9120	stop_213_31139	4.715
9981	17714	15.293333333333333
10118	8211	6.846666666666667
13666	stop_323_126219	11.629999999999999
17970	7532	10.226666666666667
7658	13792	11.481666666666666
14043	9075	5.905
13740	8297	8.44
10158	17342	18.851666666666667
13661	13760	7.595
11170	10724	14.986666666666668
8308	13399	9.826666666666666
7970	13632	6.173333333333333
10115	9142	6.348333333333333
17547	17714	13.448333333333332
17538	18092	13.46
7400	13042	6.611666666666666
9021	9735	5.376666666666667
7984	8015	13.121666666666666
18335	17543	3.2183333333333333
13080	10559	14.568333333333333
18080	stop_253_42329	6.783333333333333
13660	stop_952_331019	12.431666666666667
stop_224_35949	stop_226_36119	4.525
13718	stop_204_12639	9.09
10095	stop_298_63039	7.338333333333334
10186	10090	7.045
9878	11909	12.221666666666666
13554	stop_217_32029	14.715
10634	10635	0.7283333333333334
13189	8708	4.9399999999999995
stop_188_7219	stop_568_303219	5.256666666666666
14130	stop_841_317650	11.808333333333334
12546	13653	4.841666666666667
7998	8409	11.683333333333334
17311	12572	38.75833333333333
stop_233_36919	stop_233_36929	0.7799999999999999
18161	11478	11.065
10394	10395	4.265
stop_841_317639	stop_1343_364719	3.635
18056	stop_199_11229	6.096666666666667
13177	stop_221_32529	12.895000000000001
12850	stop_298_63039	8.548333333333334
12325	13399	19.41166666666667
18051	10787	12.315
10220	10261	14.545
13720	stop_224_35919	13.281666666666666
13138	9756	6.84
12677	stop_338_56919	8.808333333333334
12970	stop_222_35719	12.118333333333334
8326	stop_1486_372439	6.595
9050	12959	9.925
12946	8537	6.988333333333333
12860	12987	11.273333333333333
9722	stop_1342_364629	15.731666666666666
13526	13529	6.548333333333333
13974	13973	0.66
11804	11805	0.05
12305	7371	10.418333333333333
8190	8608	1.7116666666666667
11321	13186	5.0
17265	11336	9.4
11438	14154	12.171666666666665
11550	11553	9.743333333333334
8898	stop_568_303219	13.726666666666667
10053	stop_1489_127129	10.503333333333334
9167	12871	10.435
8338	12901	7.67
stop_189_7329	stop_568_303239	10.33
13899	12929	7.956666666666666
13836	13837	0.8016666666666666
14166	stop_187_7129	7.12
10694	12744	15.146666666666667
7931	12946	14.088333333333333
7379	7371	1.3483333333333334
stop_189_7319	stop_202_12429	15.245000000000001
18333	7463	9.965
17547	stop_183_6119	6.788333333333333
17715	17379	10.856666666666666
stop_216_31929	stop_318_96019	12.325
17414	10401	2.7633333333333336
9504	10467	11.825
10165	10056	4.118333333333333
stop_293_61319	stop_314_92249	4.821666666666667
17539	stop_1492_372619	9.71
8770	12905	2.615
10015	stop_252_42019	0.8233333333333334
8146	9541	14.423333333333334
18030	12964	13.516666666666667
12934	12354	12.495000000000001
7446	7492	7.096666666666667
12904	stop_330_254319	8.026666666666667
10131	10127	11.99
7625	12587	9.145000000000001
stop_263_45329	stop_1076_317429	9.826666666666666
8359	stop_279_57129	9.188333333333333
12323	stop_243_39229	11.038333333333332
18320	stop_189_7349	10.741666666666667
stop_12_24	stop_253_42319	9.868333333333334
8906	stop_189_7339	7.47
stop_189_7349	stop_852_324239	9.628333333333334
12945	12957	2.8866666666666663
13080	12940	11.183333333333334
7961	17690	14.133333333333333
8243	8366	5.1
13809	13810	5.818333333333333
11233	18336	5.403333333333333
9167	7503	7.248333333333333
12318	12322	1.7516666666666665
13616	12934	15.331666666666667
12852	10118	11.301666666666668
18127	9045	12.08
12356	10324	14.375
7910	12877	1.9816666666666667
7952	8478	3.6133333333333337
stop_292_61219	stop_1280_364359	13.76
12929	18161	1.3533333333333333
9878	stop_852_324239	6.411666666666666
11332	11335	14.285
10559	stop_282_57529	11.370000000000001
8182	13005	10.291666666666666
13714	stop_202_12429	14.588333333333333
18390	stop_248_41319	14.31
14073	17717	13.408333333333333
7396	7387	5.895
8604	13586	14.985000000000001
8899	18333	10.511666666666667
17970	17971	11.915
stop_325_136019	stop_852_324239	10.618333333333334
18409	18240	14.956666666666667
8523	11305	1.1
10015	18310	2.506666666666667
18244	stop_335_260819	4.533333333333333
18304	13650	13.865
12900	stop_252_42029	1.7349999999999999
18282	18360	7.8116666666666665
7441	7492	14.161666666666667
8419	7493	9.604999999999999
7885	18274	11.093333333333334
12341	13738	11.06
12330	10125	11.016666666666667
8528	18243	4.485
18329	17713	9.983333333333333
9588	12562	6.703333333333333
13912	9002	10.216666666666667
8746	13927	7.9399999999999995
13324	12671	10.008333333333333
17909	stop_207_12919	11.645000000000001
13728	10124	8.091666666666667
8608	13637	12.761666666666667
7805	8103	24.805
8018	stop_12_19	6.091666666666667
13527	17304	10.075
stop_205_12729	stop_1234_362119	3.205
stop_257_43519	stop_342_268519	4.625
10482	13299	2.6633333333333336
8252	18127	9.918333333333333
12931	12899	11.741666666666667
7444	8305	10.575
10717	7426	13.898333333333333
18248	17713	12.413333333333332
10114	8212	11.43
stop_203_12539	stop_386_285919	9.938333333333333
13724	7950	11.754999999999999
7523	7536	11.913333333333332
13314	14032	6.7283333333333335
12304	8327	4.335
8399	7961	8.658333333333333
14041	18385	11.071666666666665
stop_13_25	stop_13_28	2.7783333333333333
7811	stop_213_31139	10.398333333333333
18047	18049	1.725
18312	stop_259_44929	14.108333333333333
10053	8617	9.4
7500	stop_237_37719	9.901666666666667
8630	12840	7.568333333333333
12900	7950	7.871666666666667
11105	14028	13.093333333333334
stop_188_7229	stop_189_7319	9.59
18332	stop_313_86729	6.708333333333333
13821	9960	5.9766666666666675
18344	stop_1076_317429	11.248333333333333
10095	10244	7.458333333333333
8413	14127	8.06
12984	8095	11.471666666666666
13714	12958	7.786666666666666
7962	7961	5.11
7452	8408	8.785
11606	13335	11.691666666666666
12562	12563	0.5133333333333333
8599	12985	5.4383333333333335
7948	stop_13_27	13.256666666666666
7666	11604	6.246666666666667
9532	17507	14.19
12850	10244	8.668333333333333
13439	10423	8.12
stop_267_45929	stop_273_46529	5.698333333333333
17588	stop_1489_127119	0.6266666666666667
12905	8768	4.785
10351	12244	7.791666666666667
9607	9608	1.4633333333333334
10603	stop_221_32529	11.823333333333332
18357	10142	8.896666666666667
8130	stop_276_56129	11.06
10544	12347	14.341666666666667
12949	stop_240_38229	8.453333333333333
stop_334_258219	stop_840_317519	10.013333333333332
13639	11432	4.778333333333333
8404	11009	11.245000000000001
17600	10180	26.421666666666667
9652	9657	11.828333333333335
11724	11727	0.52
13715	stop_568_303219	9.573333333333332
stop_230_36549	stop_321_115419	12.738333333333333
13718	7432	13.893333333333334
17345	11164	8.983333333333333
18013	8870	4.725
12959	stop_189_7329	9.041666666666666
7953	12911	11.26
12930	12917	7.463333333333334
18079	17986	11.115
9916	stop_187_7119	12.428333333333335
17878	12635	2.1733333333333333
7371	17587	13.025
8630	stop_284_57719	7.180000000000001
8403	13710	3.36
13699	12314	9.711666666666668
stop_226_36129	stop_325_136019	14.261666666666667
18296	stop_250_41829	9.520000000000001
18311	stop_250_41829	12.861666666666668
7511	stop_568_303219	11.72
12505	12506	5.706666666666666
13385	13716	15.378333333333334
stop_216_31919	stop_957_333829	11.485000000000001
10213	18282	7.958333333333333
stop_203_12519	stop_205_12719	7.766666666666667
9723	stop_310_74719	2.771666666666667
13383	13359	7.8566666666666665
7512	stop_230_36539	17.061666666666667
8361	stop_957_333819	7.235
8526	17877	11.341666666666667
stop_13_26	stop_246_40849	13.385
18328	stop_250_41829	6.258333333333334
12939	8325	3.9483333333333333
8801	stop_852_324219	12.653333333333334
13425	13411	10.328333333333335
12949	stop_329_253919	4.795
17418	17385	3.93
8778	13094	14.618333333333334
7959	8769	16.825
10239	11839	11.838333333333333
13058	17680	9.863333333333333
12923	stop_257_43529	12.313333333333333
11657	11666	0.9233333333333333
7366	17965	11.264999999999999
13899	17957	16.37
10596	12053	9.875
17560	8326	6.239999999999999
8936	17711	20.575
12009	stop_568_303219	11.521666666666667
13018	9935	15.531666666666666
12876	stop_8_15	14.863333333333333
13942	13941	0.335
10732	11163	16.811666666666667
7960	7970	1.4516666666666667
13586	stop_321_115429	15.396666666666667
10345	13531	5.493333333333334
10015	18390	11.885
13701	17929	4.85
12842	stop_284_57729	0.8716666666666666
7504	7458	8.76
12988	stop_297_62419	6.816666666666666
18034	7726	9.596666666666666
12321	9926	22.19333333333333
17258	9814	10.468333333333334
18328	18311	7.45
10559	12940	9.264999999999999
7402	12305	12.51
7437	12312	4.721666666666667
8924	8922	7.65
12975	12931	6.34
17940	stop_203_12549	14.145000000000001
stop_1488_3329	stop_1490_366229	5.171666666666667
7359	10041	10.965
7390	8326	5.175
7813	stop_216_31929	8.478333333333333
17567	10053	9.358333333333333
13669	stop_1490_366219	12.153333333333334
18293	stop_258_44219	5.738333333333333
18310	stop_13_25	6.64
11514	stop_1495_373519	15.346666666666666
12929	17956	10.235000000000001
stop_293_61329	stop_344_268719	10.976666666666667
13006	11960	8.345
10560	stop_219_32229	10.511666666666667
17584	10450	9.533333333333333
18147	7449	16.173333333333332
10016	12904	7.35
10460	17584	1.4616666666666667
8367	17891	10.393333333333334
12516	stop_334_258229	9.858333333333333
stop_343_268629	stop_344_268729	4.21
10166	18258	14.601666666666667
10606	18061	4.7683333333333335
12953	8332	9.725
12321	7968	13.276666666666667
8095	stop_344_268719	8.718333333333334
17245	stop_1280_364339	2.96
13686	8692	3.7233333333333336
13183	8088	4.763333333333334
10470	11658	12.131666666666666
11334	14151	12.203333333333335
7359	11234	11.025
11600	13975	8.756666666666666
stop_208_13019	stop_232_36829	13.591666666666667
18092	17891	12.698333333333332
12927	stop_424_287029	14.716666666666667
13706	7407	13.681666666666667
stop_187_7119	stop_188_7229	5.905
17283	10168	10.193333333333333
10244	stop_299_63229	8.58
10108	13002	10.621666666666666
12861	12983	5.036666666666666
13587	stop_227_36219	4.598333333333333
11189	13547	9.361666666666668
13080	stop_318_96029	11.433333333333334
8315	stop_297_62429	13.666666666666666
13327	stop_304_68229	10.893333333333334
8398	7969	4.0616666666666665
7908	stop_5_11	8.335
7417	7509	13.653333333333334
11913	12457	11.306666666666667
stop_189_7349	stop_204_12629	12.983333333333333
stop_238_37819	stop_240_38219	8.665
10430	13440	11.351666666666667
12069	13229	10.753333333333334
13299	13300	0.9983333333333333
8633	7808	14.038333333333332
18064	13447	7.85
13812	11213	9.003333333333334
13746	7448	11.389999999999999
17695	8950	5.888333333333334
7402	stop_570_303619	3.933333333333333
17908	8389	12.94
13061	stop_302_67919	3.7983333333333333
8608	10838	9.638333333333332
13718	7891	11.923333333333334
12329	12330	8.166666666666666
10504	8195	12.466666666666667
11175	10202	10.608333333333333
18024	7808	15.146666666666667
9149	stop_189_7319	0.33666666666666667
10838	stop_304_68229	9.698333333333332
7805	12967	12.588333333333333
12009	stop_224_35949	12.69
17547	stop_570_303629	12.468333333333334
13807	13808	11.371666666666666
8661	11233	9.706666666666667
12885	8205	8.113333333333333
9138	7444	11.488333333333333
18293	7969	9.531666666666666
13316	10179	19.138333333333332
13361	9773	7.848333333333333
17540	17718	9.323333333333332
9932	10500	5.235
7893	stop_227_36229	7.235
7512	stop_189_7319	13.096666666666666
9841	9369	0.505
17910	17941	4.16
13036	stop_314_92259	2.575
13117	stop_323_126219	7.075
10062	7413	12.553333333333335
10602	10648	4.821666666666667
9568	17864	7.105
11659	11660	9.021666666666667
12341	18370	9.328333333333335
10170	11169	10.825
7569	11214	17.795
13295	11736	3.703333333333333
18244	13714	4.591666666666667
13724	stop_9_18	5.753333333333333
11509	13671	9.328333333333335
9532	9545	5.08
13081	stop_257_43519	13.889999999999999
13894	13895	0.39333333333333337
9139	18150	7.295
18296	18389	7.291666666666667
12868	7457	8.383333333333333
18291	stop_12_21	2.7383333333333337
12909	12908	7.698333333333333
13639	stop_203_12539	6.746666666666667
stop_299_63219	stop_301_63719	15.285
10991	7511	8.018333333333334
7956	stop_260_30	35.126666666666665
12920	8359	15.556666666666667
stop_305_71519	stop_306_71619	6.933333333333334
10189	18183	7.5649999999999995
17657	17656	1.6766666666666665
13693	stop_321_115419	11.886666666666667
18328	18389	11.746666666666666
12951	10849	7.683333333333334
13948	13947	0.33999999999999997
13005	stop_334_258219	0.5133333333333333
18312	stop_331_254829	9.631666666666666
7386	18265	13.656666666666666
13002	stop_296_62329	8.668333333333333
7390	17560	11.301666666666668
13180	stop_225_36029	15.085
8358	12677	10.298333333333334
12934	stop_273_46529	7.301666666666667
9741	12242	5.0
8906	7471	10.338333333333333
7977	10848	18.551666666666666
10330	13844	24.926666666666666
17546	stop_1486_372439	1.6183333333333332
17914	8710	12.968333333333334
11909	11913	1.275
9967	17832	6.006666666666666
12010	stop_852_324219	11.651666666666667
13722	7511	11.163333333333332
8599	8112	10.738333333333333
8190	stop_303_68129	7.588333333333334
17561	17562	3.8400000000000003
11137	17817	8.656666666666666
8128	12964	6.803333333333333
18147	17308	12.326666666666666
7392	stop_1489_127129	13.996666666666666
7462	7504	6.8149999999999995
17392	17393	12.945
8238	8217	0.9450000000000001
8027	18390	8.268333333333334
13127	8442	18.071666666666665
7532	8708	8.165
7489	7490	2.4166666666666665
8644	stop_11_22	12.385
8435	10975	10.695
11008	stop_241_38319	10.129999999999999
9119	7809	10.603333333333333
17876	18065	12.155
7367	17537	12.281666666666666
18295	12900	7.238333333333333
10488	10460	4.743333333333334
9487	13165	8.325
10074	10235	3.908333333333333
10212	13538	11.139999999999999
9038	9045	1.2016666666666667
17541	7375	8.311666666666666
13639	13052	7.418333333333334
10108	10096	0.8916666666666667
7454	stop_575_304129	10.226666666666667
8617	17552	14.496666666666666
9138	12570	8.885
9895	18312	9.775
13178	stop_226_36119	6.573333333333333
12942	12948	10.183333333333334
13866	9499	13.248333333333333
17537	17545	7.253333333333333
stop_216_31929	stop_782_314119	7.071666666666667
9815	8974	6.633333333333334
10706	stop_301_63719	13.576666666666666
12022	stop_222_35729	14.393333333333334
12957	7983	7.443333333333333
10244	12992	3.4716666666666667
9030	17928	9.401666666666667
7395	7400	2.0033333333333334
12841	12984	6.2
7956	18312	2.515
9856	11474	7.873333333333333
12999	stop_304_68219	0.89
8801	stop_203_12559	13.1
stop_213_31119	stop_213_31139	3.3383333333333334
11699	11212	10.223333333333333
12036	12034	9.916666666666666
10208	10043	5.3
10109	stop_424_287019	15.335
11008	8403	15.166666666666666
7424	7421	14.92
11170	stop_306_71629	6.383333333333334
12145	7386	11.275
11281	11282	1.425
13042	9149	12.33
8063	17683	5.241666666666666
9139	stop_1493_373019	20.66
13054	7818	8.713333333333333
12923	stop_330_254319	0.9049999999999999
12138	12136	4.713333333333334
7434	stop_186_7019	9.17
10499	stop_272_46419	15.691666666666666
12931	stop_248_41319	12.538333333333332
18003	18011	1.6683333333333332
7448	9026	14.383333333333333
10274	10302	5.975
10140	12409	16.585
7418	13629	10.733333333333333
17478	7441	17.075
10569	13117	14.095
10375	18119	14.991666666666667
9926	12355	14.28
8632	stop_283_57619	11.69
11026	9630	6.233333333333333
18023	18335	12.438333333333333
10691	7523	9.75
7537	7538	12.095
18244	stop_1234_362119	6.588333333333334
8906	stop_322_117319	3.8183333333333334
17861	10499	7.621666666666667
12869	stop_207_12929	7.966666666666667
12401	stop_188_7219	0.855
18276	17585	13.9
8138	11170	13.271666666666667
11909	stop_852_324249	6.819999999999999
stop_1234_362119	stop_1234_362129	0.7116666666666667
12070	stop_204_12619	7.275
7908	17940	11.896666666666667
8737	8739	7.748333333333333
12141	13300	16.015
11175	11172	4.988333333333333
12717	12010	11.726666666666667
12961	17546	12.28
9120	stop_216_31929	4.786666666666666
8015	7948	4.788333333333333
9014	9694	27.245
8088	stop_213_31139	18.009999999999998
12841	stop_291_61119	16.156666666666666
9860	18239	14.501666666666667
8112	stop_291_61129	14.764999999999999
stop_320_105119	stop_331_254819	14.423333333333334
10717	7418	6.661666666666666
10504	13637	10.335
13180	8103	6.63
7404	stop_1486_372419	7.995
8372	8328	8.403333333333332
13673	12499	9.768333333333334
12306	stop_217_32019	14.373333333333333
13542	13084	15.181666666666667
7516	13905	14.403333333333334
13629	stop_217_32019	11.671666666666665
13301	10957	11.733333333333333
7983	12950	6.933333333333334
11175	13754	15.67
8027	stop_9_17	5.013333333333334
13126	13127	0.011666666666666665
7421	9916	11.883333333333333
18335	8618	9.316666666666666
18080	stop_255_42929	9.24
7968	stop_257_43519	12.791666666666666
8625	stop_2_5	6.745
13906	12402	10.146666666666667
7386	18285	12.141666666666667
13037	8115	9.911666666666667
12546	8171	12.525
13123	13124	9.153333333333334
17689	17688	2.408333333333333
8922	18384	17.961666666666666
13153	8778	11.788333333333332
8630	11311	14.473333333333333
17717	17718	3.365
17891	8618	4.306666666666667
18307	14082	12.263333333333332
12850	stop_300_63419	11.92
7371	stop_1486_372429	13.276666666666667
stop_330_254319	stop_571_303729	9.258333333333333
7420	7416	8.231666666666666
7952	stop_12_20	11.185
10000	7416	16.221666666666668
12994	stop_296_62319	0.7233333333333333
13720	stop_225_36019	17.276666666666664
18409	13446	11.775
stop_219_32229	stop_311_82319	12.360000000000001
13179	13178	2.618333333333333
9170	11438	6.193333333333333
7959	stop_273_46519	14.893333333333334
12998	stop_300_63419	11.068333333333333
12946	8404	5.775
13178	8104	8.796666666666665
10602	stop_222_35719	4.706666666666666
12595	stop_1486_372429	6.078333333333333
stop_186_7019	stop_187_7119	5.975
12862	stop_345_268819	7.3116666666666665
stop_1486_372419	stop_1489_127129	11.706666666666667
11321	8362	16.743333333333332
12457	13042	2.131666666666667
12928	12930	5.133333333333334
13762	17387	8.535
12301	10209	13.841666666666667
12881	stop_246_40839	6.423333333333333
10186	10277	4.5616666666666665
13899	8584	11.97
17941	stop_230_36539	11.628333333333334
7379	9981	13.248333333333333
7478	7489	7.8133333333333335
8978	8979	1.7766666666666666
10428	10426	10.438333333333333
8405	stop_240_38229	7.42
stop_575_304119	stop_1556_381029	8.28
10133	10140	1.475
13516	13231	13.421666666666665
17697	8925	12.345
8020	stop_250_41829	8.358333333333333
18346	8233	15.756666666666666
7426	stop_568_303219	14.783333333333333
7498	8405	9.08
7459	17668	5.7266666666666675
17539	stop_1494_373119	15.233333333333333
7418	7395	14.528333333333334
9171	9860	6.946666666666667
18057	stop_575_304119	14.766666666666667
8027	12911	9.4
10239	10240	1.3633333333333333
18030	12917	7.573333333333333
8369	13327	20.875
7446	7458	10.593333333333334
10153	17317	6.608333333333333
12934	11741	10.835
10501	11748	6.626666666666667
13203	11158	4.760000000000001
10055	17539	6.348333333333333
8003	stop_329_253919	9.29
8241	13094	8.041666666666666
12717	stop_568_303239	6.66
12870	stop_233_36929	15.965
18320	stop_202_12419	11.803333333333335
13050	13657	11.456666666666667
12945	8405	7.566666666666666
10401	17394	8.636666666666667
14028	17715	8.796666666666665
stop_311_82319	stop_318_96019	2.728333333333333
12718	12966	10.308333333333334
7368	17588	11.733333333333333
12999	13327	10.826666666666666
10185	10084	7.6850000000000005
8478	7957	7.176666666666667
13295	13297	1.8883333333333332
10560	8363	12.725
8405	stop_329_253919	12.481666666666666
8114	stop_314_92229	16.1
14051	10956	5.4816666666666665
10050	10053	12.441666666666666
7537	17975	10.173333333333334
13837	13839	11.445
12356	7449	11.825
17283	10842	15.263333333333332
stop_219_32219	stop_219_32239	1.0133333333333332
12929	13672	10.129999999999999
7952	13696	10.833333333333334
11680	11679	5.045
13076	13075	8.685
12134	7396	10.751666666666667
13724	stop_254_42429	7.6033333333333335
10199	18345	11.541666666666666
8182	9490	9.365
18092	12312	9.558333333333334
10413	10412	0.5233333333333333
18390	stop_252_42019	11.8
10848	stop_329_253919	6.953333333333333
14165	stop_568_303239	12.401666666666667
7960	9935	14.996666666666666
stop_253_42329	stop_255_42929	12.845
18008	18004	11.178333333333335
17772	stop_1495_373519	16.051666666666666
7802	12316	4.2316666666666665
9938	11742	10.746666666666666
8251	8250	7.083333333333333
7744	7737	8.6
17215	stop_293_61329	15.261666666666667
18105	17395	15.328333333333335
stop_298_63029	stop_299_63229	8.308333333333334
10480	12502	12.036666666666667
7402	13706	2.5166666666666666
13019	stop_272_46419	12.175
17787	10776	13.298333333333334
7805	13689	26.75
8018	stop_13_25	13.231666666666666
8801	13722	13.406666666666666
10083	10091	8.506666666666666
10232	10076	9.033333333333333
12931	13651	14.615
9981	18258	17.78666666666667
7367	17589	14.885
8906	7512	6.548333333333333
7461	stop_202_12429	10.896666666666667
13724	8017	11.096666666666666
13849	8705	12.818333333333333
9492	11686	5.796666666666667
9551	stop_272_46419	6.336666666666667
13314	10269	11.879999999999999
12927	10855	8.953333333333335
11813	9700	6.291666666666667
14042	13234	6.876666666666667
8220	8231	5.001666666666667
12898	12931	12.82
10169	stop_346_269029	9.708333333333334
13037	stop_361_282119	8.156666666666666
7811	stop_216_31929	1.4716666666666667
10346	13261	12.063333333333333
10510	7968	16.548333333333332
9429	13545	12.278333333333334
12900	8017	5.8533333333333335
stop_224_35919	stop_227_36229	8.005
10169	10313	9.018333333333334
12883	12319	6.614999999999999
13801	18272	9.020000000000001
12562	9590	14.543333333333333
17544	8617	5.63
9170	11331	6.3116666666666665
8862	12613	14.906666666666666
18023	stop_1488_3319	6.041666666666667
9142	stop_299_63229	8.03
13080	stop_782_314129	12.336666666666668
12070	12402	13.436666666666667
17588	stop_1491_372319	5.5
17282	12854	13.360000000000001
9637	13841	6.335
10351	10358	15.436666666666667
13050	7509	12.448333333333332
12472	stop_339_62129	6.905
7500	stop_328_253819	10.421666666666665
17734	9666	12.156666666666666
10559	13177	8.221666666666668
9407	13376	5.953333333333333
10603	stop_223_35819	7.001666666666667
13378	8520	9.28
12506	13146	6.455
8798	stop_574_304039	9.370000000000001
12949	stop_242_38829	2.493333333333333
12331	12328	8.514999999999999
9387	17273	11.186666666666667
7366	12314	11.306666666666667
13410	13420	4.835
13718	12457	14.426666666666668
9971	12120	17.37
10666	13206	1.4633333333333334
18013	12613	4.333333333333333
7711	7710	6.386666666666667
12346	12350	7.52
7953	13695	9.71
10241	11592	11.261666666666667
18296	stop_253_42329	8.505
13740	7447	7.525
7991	stop_240_38219	7.105
18146	17836	10.685
11714	8924	15.556666666666667
7946	stop_250_41819	4.226666666666667
stop_316_94619	stop_820_315829	13.283333333333333
stop_216_31919	stop_1102_347029	14.28
17668	18028	10.296666666666665
8971	8972	10.368333333333334
8672	stop_820_315829	12.383333333333333
17703	17697	5.0216666666666665
17478	17696	10.785
12837	12020	6.318333333333333
12466	stop_278_57019	8.958333333333334
7984	7970	14.121666666666666
stop_13_26	stop_250_41829	6.5
11681	11661	19.09
10180	17599	25.353333333333335
11909	stop_204_12639	12.413333333333332
12901	stop_253_42329	10.108333333333333
8130	stop_952_331019	10.491666666666667
12929	stop_276_56119	8.476666666666667
7490	17836	10.213333333333333
11637	13249	2.6550000000000002
9878	7813	8.036666666666667
11741	stop_273_46529	17.516666666666666
11709	11159	20.53666666666667
12885	stop_841_317650	7.176666666666667
13239	13199	0.21
8413	8137	12.671666666666665
17381	17379	4.676666666666667
7998	7999	4.1883333333333335
8211	10490	11.741666666666667
stop_12_19	stop_254_42429	9.788333333333332
7493	17835	6.4366666666666665
18294	stop_342_268529	0.7633333333333333
9734	9735	1.4583333333333333
stop_284_57719	stop_957_333819	14.438333333333333
12356	17308	13.561666666666667
11305	stop_3_6	12.238333333333333
stop_335_260829	stop_852_324219	5.216666666666667
10191	10194	8.136666666666667
8166	13688	10.296666666666665
14010	12805	8.72
8391	8698	7.0616666666666665
10345	13534	6.1433333333333335
18296	8021	13.391666666666667
12749	13844	27.471666666666668
10855	stop_323_126229	11.264999999999999
12677	stop_321_115419	13.56
12909	10848	11.379999999999999
8027	stop_254_42419	8.775
18030	17954	11.423333333333334
8414	14006	10.44
stop_223_35829	stop_224_35929	7.713333333333334
11505	11506	0.6583333333333333
13025	8123	12.093333333333334
12594	13669	0.9166666666666666
10383	17393	5.075
7515	17908	11.086666666666668
11009	10849	13.021666666666667
11636	11355	14.801666666666668
stop_221_32529	stop_226_36129	7.213333333333334
stop_259_44929	stop_261_45129	18.736666666666668
7813	stop_219_32229	1.2416666666666667
13688	14006	12.878333333333334
8240	13063	13.946666666666665
17772	17950	12.898333333333333
stop_267_45919	stop_267_45939	1.3283333333333334
8706	7744	12.156666666666666
8698	8699	1.3183333333333331
7931	8003	7.538333333333333
stop_222_35729	stop_1487_373629	11.091666666666667
stop_297_62419	stop_299_63219	13.495000000000001
7897	stop_1103_347119	8.965
11612	17825	0.35833333333333334
17561	7365	13.735000000000001
11514	stop_1556_381029	6.256666666666666
9899	stop_338_56929	13.061666666666667
11508	18029	6.171666666666667
13723	stop_222_35739	11.473333333333333
13645	stop_334_258219	13.881666666666666
13134	13130	11.51
10233	10077	10.0
13539	18258	21.66
14013	14006	2.628333333333333
18248	18257	10.254999999999999
18151	stop_11_22	0.98
stop_290_61019	stop_314_92249	11.514999999999999
stop_250_41819	stop_313_86719	11.086666666666668
9805	10354	8.181666666666667
18242	14151	14.241666666666667
10079	11927	3.6333333333333333
9051	9050	1.5216666666666667
8027	9923	7.068333333333333
17552	9138	19.111666666666668
8084	stop_1103_347119	14.45
7395	7430	9.504999999999999
7999	7985	13.691666666666666
7809	stop_311_82329	6.713333333333334
12993	stop_298_63049	10.716666666666667
12953	12957	11.685
10109	stop_297_62419	4.15
11516	12869	15.104999999999999
12470	8672	12.443333333333333
stop_208_13019	stop_234_37029	13.021666666666667
13036	13037	2.106666666666667
stop_187_7119	stop_189_7349	9.538333333333332
7430	7407	2.2983333333333333
stop_5_11	stop_207_12919	11.69
18287	7449	11.348333333333333
8404	7985	6.718333333333334
8095	12862	7.926666666666667
13587	stop_230_36549	14.905
9460	17816	16.273333333333333
8440	10975	7.658333333333333
8154	10509	18.496666666666666
11649	8278	5.941666666666666
12518	13663	1.5233333333333334
9815	11475	9.891666666666667
7402	17830	12.741666666666667
13019	12355	17.345000000000002
9120	8088	13.526666666666667
14028	13538	5.265
12719	stop_222_35739	7.216666666666667
12069	9866	5.943333333333333
12010	13722	11.793333333333333
18357	11305	13.881666666666666
stop_568_303219	stop_852_324249	5.468333333333334
11248	7820	7.239999999999999
13746	7439	12.2
stop_307_71829	stop_841_317639	7.42
8803	8809	9.953333333333335
12930	stop_275_56019	4.698333333333333
18335	10070	12.186666666666667
18023	17576	10.583333333333334
17589	stop_1490_366229	1.0783333333333334
8906	18244	0.0
8262	9841	6.513333333333334
7936	stop_330_254319	9.191666666666666
10355	10356	13.620000000000001
9551	12355	17.878333333333334
8358	7894	13.753333333333334
17271	stop_841_317630	3.9916666666666667
10991	stop_203_12519	2.335
7368	18333	15.013333333333332
stop_260_29	stop_320_105119	10.935
11433	stop_232_36819	16.141666666666666
13666	stop_277_56729	8.921666666666665
stop_189_7319	stop_852_324249	8.686666666666667
9815	8301	7.225
7929	stop_242_38819	0.5
12885	11170	8.743333333333334
8216	12332	17.23
17891	10070	17.846666666666668
8361	12967	7.471666666666667
10181	10184	9.629999999999999
14165	stop_186_7019	11.725
9389	17272	8.083333333333334
7448	17779	13.870000000000001
13400	12602	11.471666666666666
17861	17884	1.9833333333333334
10667	10666	8.021666666666667
13078	7706	11.303333333333335
17561	17714	11.963333333333333
10559	stop_782_314129	10.418333333333333
stop_1280_364329	stop_1342_364619	7.641666666666667
13658	stop_1076_317419	5.855
17908	stop_188_7229	11.086666666666668
11212	11213	10.046666666666665
13324	13072	5.153333333333333
8304	17779	12.7
8135	10569	10.629999999999999
12881	12880	12.453333333333335
17398	10410	11.354999999999999
10062	17762	9.303333333333335
10602	12970	7.411666666666666
17585	12594	15.138333333333332
7828	7542	11.615
7462	stop_207_12929	11.354999999999999
13752	13620	13.828333333333335
18205	18204	3.643333333333333
8336	stop_253_42319	13.198333333333332
17585	17590	12.238333333333333
17560	8328	6.864999999999999
8413	9544	11.141666666666667
11509	12915	5.871666666666667
17911	12880	8.406666666666666
8634	stop_841_317639	14.611666666666668
stop_280_57229	stop_338_56919	12.225
stop_183_6119	stop_1486_372429	7.206666666666666
13810	9360	18.845000000000002
7971	stop_342_268519	3.691666666666667
17577	17697	13.798333333333334
stop_331_254819	stop_331_254829	0.795
12930	17959	12.139999999999999
8219	stop_2_5	12.556666666666667
14042	14045	1.0616666666666668
8221	8223	6.29
7946	8018	3.7849999999999997
10164	17590	9.59
12352	17987	8.131666666666666
13714	stop_852_324249	4.0183333333333335
9147	stop_12_20	5.301666666666667
13639	stop_204_12629	12.401666666666667
10991	12959	8.27
stop_322_117329	stop_568_303219	9.796666666666665
12357	stop_328_253829	9.858333333333333
12542	17974	7.715
8098	stop_213_31139	20.298333333333336
12920	13025	13.103333333333333
11679	11677	4.611666666666666
18295	stop_13_27	1.8416666666666666
8003	stop_13_28	10.163333333333332
9166	7472	14.886666666666667
9371	9370	12.926666666666668
stop_1342_364619	stop_1342_364629	1.3766666666666665
10784	12232	11.321666666666665
18329	12303	10.79
13002	stop_298_63029	7.895
11507	13693	3.0283333333333333
12974	17915	7.6066666666666665
12306	14165	11.921666666666665
8021	stop_571_303719	12.818333333333333
11248	stop_214_31319	7.4383333333333335
7387	7379	14.7
8224	11237	10.233333333333333
18286	7463	9.843333333333334
7897	stop_338_56919	13.253333333333334
11909	7432	12.048333333333334
8127	13666	6.375
8118	8115	13.316666666666666
7668	7676	0.7783333333333334
13707	13640	6.085
stop_217_32029	stop_318_96019	6.631666666666666
13722	12959	13.501666666666667
8327	7381	5.261666666666667
8128	12917	9.49
stop_219_32229	stop_568_303239	12.301666666666668
7392	stop_1491_372329	14.606666666666666
7462	7463	11.965
12948	stop_237_37729	6.113333333333333
10848	stop_13_28	13.363333333333333
8238	18308	9.615
9609	13471	1.8233333333333335
8084	stop_338_56919	8.381666666666666
7722	13643	4.066666666666666
7802	8632	9.103333333333333
stop_285_58429	stop_314_92239	13.711666666666668
12954	stop_241_38319	6.338333333333334
11651	8777	17.32
7822	stop_226_36119	14.225
17819	9416	6.1016666666666675
10074	11926	11.3
17562	stop_183_6129	9.996666666666666
8599	stop_314_92229	9.715
9038	11638	11.061666666666667
stop_245_40729	stop_575_304129	13.861666666666668
17774	12140	15.756666666666666
8104	8630	3.055
9640	10778	9.193333333333333
8617	17478	14.036666666666667
13817	10466	9.270000000000001
7471	stop_230_36539	11.428333333333335
10164	stop_1494_373129	11.604999999999999
11955	12868	2.0683333333333334
10109	12994	13.698333333333332
12847	stop_345_268829	1.3766666666666665
8018	7957	12.228333333333333
8974	11474	13.606666666666666
8130	13114	10.08
8247	11474	4.46
7948	stop_571_303729	11.151666666666667
7395	12140	10.593333333333334
12402	7430	7.001666666666667
13409	13419	0.01
18057	stop_1556_381029	15.651666666666667
7449	17929	7.511666666666667
8115	8599	1.57
8220	8365	9.768333333333334
8801	stop_205_12719	6.345
stop_213_31119	stop_216_31929	12.555
7504	7477	14.668333333333333
stop_338_56919	stop_1103_347129	9.785
17915	17951	9.226666666666667
stop_311_82319	stop_782_314119	3.8316666666666666
8608	12995	6.626666666666667
17892	17965	9.965
7483	17668	7.5633333333333335
12316	8097	14.815
10445	13327	17.91
7434	stop_187_7129	13.138333333333332
10499	stop_274_46619	17.226666666666667
stop_255_42919	stop_259_44929	11.476666666666667
8402	stop_329_253929	17.816666666666666
13036	9541	15.435
stop_205_12729	stop_322_117319	6.928333333333333
9051	stop_202_12429	12.656666666666666
stop_186_7039	stop_335_260819	14.593333333333334
8402	8403	0.9450000000000001
9049	stop_230_36549	11.860000000000001
8910	17896	9.825
17478	18147	17.826666666666664
10201	10226	3.3216666666666668
8144	8146	11.648333333333333
8104	stop_282_57519	1.1266666666666665
13630	17975	6.461666666666667
11588	11585	8.685
7488	8304	9.038333333333332
11541	11543	0.8083333333333333
17876	10171	17.403333333333332
12401	stop_189_7339	9.979999999999999
17546	17713	13.013333333333332
9970	9971	1.3566666666666667
8827	17793	7.045
17819	8576	4.028333333333333
12070	stop_205_12729	3.1883333333333335
13913	9482	4.9
9490	13704	12.338333333333333
12502	17343	19.653333333333332
8147	14127	11.763333333333332
9061	17304	6.069999999999999
9118	12876	12.325
12854	stop_344_268719	0.8883333333333333
8088	stop_216_31929	9.085
13535	7359	10.975
13658	12936	19.328333333333333
stop_222_35729	stop_223_35819	3.106666666666667
17307	12577	8.906666666666666
17386	17398	9.16
11659	12582	10.088333333333333
18272	17381	20.553333333333335
10717	17775	10.918333333333333
7970	stop_272_46419	13.463333333333333
17877	18239	15.303333333333335
9965	13822	6.0600000000000005
10421	10436	1.26
10199	12560	8.705
7951	13651	12.353333333333333
12855	stop_346_269029	1.2216666666666667
7983	11420	8.988333333333333
8768	12352	11.425
7818	7820	7.123333333333333
12412	13753	4.84
12846	13667	15.858333333333333
13314	7358	14.445
17826	8873	10.885
17408	17412	8.373333333333333
8066	17510	8.851666666666667
9856	8252	9.878333333333334
7738	12541	11.886666666666667
13941	9783	9.595
17892	stop_1488_3319	10.264999999999999
12855	10313	4.901666666666667
18314	stop_13_26	12.47
13037	12986	4.293333333333334
9981	17381	17.14333333333333
8222	8231	13.695
11514	12875	10.756666666666666
12899	stop_12_19	8.505
13309	9068	5.941666666666666
9169	12022	14.45
9051	12958	7.2266666666666675
stop_1_1	stop_273_46519	10.991666666666667
11752	13522	9.648333333333333
13708	12953	7.6899999999999995
8636	17627	17.153333333333332
13719	12472	9.793333333333333
9141	17510	15.791666666666666
17884	stop_272_46419	10.053333333333335
9723	10172	15.361666666666668
13305	8667	12.020000000000001
12932	stop_13_26	6.75
11432	stop_335_260829	12.365
9814	stop_2_4	12.038333333333332
7420	7394	11.968333333333334
17723	17726	5.043333333333334
stop_203_12529	stop_203_12539	1.695
17591	12571	12.103333333333333
13671	12915	10.786666666666667
stop_1488_3319	stop_1488_3329	1.0166666666666666
18366	7358	8.243333333333334
13906	stop_186_7029	9.435
12946	11008	10.475
18029	8130	7.443333333333333
10602	stop_223_35829	0.03666666666666667
7496	8305	9.78
12907	stop_246_40819	10.943333333333333
stop_186_7019	stop_189_7319	8.715
8253	9041	7.430000000000001
13345	13362	12.073333333333332
stop_1486_372419	stop_1491_372329	7.1866666666666665
9540	14130	13.115
10070	7446	14.588333333333333
8415	13061	13.875
8003	stop_242_38829	14.520000000000001
10053	stop_1493_373029	10.805
7566	13202	13.218333333333334
stop_246_40829	stop_246_40839	2.5633333333333335
11651	11650	7.7
13705	stop_1491_372319	4.418333333333334
13865	13866	0.38333333333333336
12568	7980	6.1866666666666665
7365	10055	9.173333333333334
8408	stop_237_37719	2.365
8618	stop_1488_3329	7.0633333333333335
17916	stop_246_40819	8.481666666666666
18124	18100	9.498333333333333
17941	stop_233_36919	6.295
stop_189_7319	stop_204_12639	13.133333333333333
7478	7446	8.348333333333333
8978	11019	8.57
10476	9754	12.911666666666667
stop_283_57619	stop_284_57729	5.9783333333333335
7804	8631	20.705
8405	stop_242_38829	6.363333333333333
17478	stop_1493_373029	16.846666666666668
10133	13675	12.598333333333333
11615	13414	8.1
9617	9618	2.5533333333333332
17566	18023	11.725
8020	stop_253_42329	9.35
13352	13361	11.321666666666665
stop_292_61219	stop_292_61229	0.6766666666666666
7530	17970	1.47
8898	17918	13.106666666666666
7459	17778	12.766666666666667
13183	7893	12.685
7359	13716	2.216666666666667
7418	12134	12.543333333333333
stop_226_36129	stop_957_333819	7.72
13065	13891	12.296666666666665
9673	9640	10.254999999999999
12457	stop_189_7329	11.161666666666667
8206	10113	11.58
13940	13939	3.1233333333333335
stop_5_10	stop_203_12539	12.096666666666666
12853	stop_305_71529	5.678333333333333
10855	stop_276_56129	6.568333333333333
12577	13479	35.66166666666666
8128	17954	18.566666666666666
7970	18202	7.783333333333333
17668	17583	8.286666666666667
8971	13249	13.221666666666666
8906	stop_203_12529	10.588333333333333
12945	11009	8.185
stop_224_35939	stop_1103_347119	10.668333333333333
13714	stop_568_303219	6.968333333333334
17762	13049	9.408333333333333
7818	stop_214_31319	11.241666666666667
17953	stop_575_304119	15.008333333333333
17718	7571	12.303333333333335
12887	stop_208_13019	19.720000000000002
10716	7515	9.718333333333334
8893	12069	9.870000000000001
12938	12305	10.514999999999999
12974	stop_250_41829	14.416666666666666
13180	stop_214_31329	15.813333333333333
stop_219_32219	stop_222_35729	8.275
10613	stop_840_317519	14.213333333333333
8020	8021	9.288333333333332
12134	8374	8.826666666666666
7407	18320	13.8
12888	17772	8.376666666666667
18390	stop_254_42419	13.666666666666666
12328	10150	10.561666666666667
18206	13910	5.166666666666667
13663	stop_841_317650	1.915
7538	13189	12.038333333333332
13261	18366	8.355
17772	stop_1556_381029	0.7566666666666666
17854	17606	11.05
9505	stop_278_57029	13.641666666666667
18034	11188	11.488333333333333
13447	10842	9.953333333333335
13620	stop_267_45929	12.67
12330	13728	10.256666666666666
18306	14006	11.58
8499	8496	7.238333333333333
13722	stop_852_324219	5.306666666666667
12594	8326	11.066666666666666
stop_258_44219	stop_272_46419	16.045
13816	13819	3.4733333333333336
stop_298_63029	stop_301_63729	12.348333333333333
stop_782_314129	stop_1487_373629	6.5600000000000005
13019	stop_274_46619	7.430000000000001
18014	13956	14.83
17545	17965	3.56
8361	13689	11.683333333333334
9972	9970	6.680000000000001
10232	10235	9.431666666666667
18274	stop_188_7219	8.441666666666666
18320	13052	13.106666666666666
8906	13053	13.705
12298	stop_219_32229	14.563333333333333
7765	7753	11.291666666666666
11233	18258	12.168333333333333
10317	10497	7.53
13708	12357	5.888333333333334
12846	stop_343_268629	6.78
13178	stop_216_31919	9.125
12442	8391	4.065
stop_221_32519	stop_222_35739	6.901666666666667
9551	stop_274_46619	1.5916666666666666
18390	9923	8.235000000000001
stop_203_12549	stop_232_36819	14.908333333333333
18289	17892	6.71
12927	18029	11.211666666666668
13720	12845	11.091666666666667
11605	7683	6.010000000000001
12898	18295	13.67
stop_225_36029	stop_226_36129	7.84
9941	13821	5.855
10084	10091	11.003333333333334
7811	stop_219_32229	6.138333333333334
10346	9810	10.491666666666667
7500	stop_241_38329	13.386666666666667
7404	17563	12.618333333333334
8625	stop_1280_364339	11.743333333333334
stop_275_56029	stop_424_287029	14.156666666666666
17258	12885	11.411666666666667
13445	14151	6.516666666666667
12938	stop_570_303619	7.191666666666666
10381	17420	7.411666666666666
12316	7746	11.761666666666667
13199	13228	7.79
18070	17744	6.1883333333333335
12883	17949	15.306666666666667
10000	10717	14.721666666666666
17271	stop_307_71819	12.256666666666666
7721	7722	10.445
17892	17576	6.585
18023	stop_1490_366219	10.286666666666667
17507	17510	11.49
8315	stop_339_62119	11.816666666666666
10923	10914	5.3149999999999995
12994	13001	9.965
17283	18055	12.416666666666666
14141	12688	8.321666666666667
12320	13731	11.653333333333334
13900	18144	5.951666666666667
8367	stop_1493_373019	6.9366666666666665
11515	stop_8_16	14.011666666666667
8672	stop_275_56029	9.033333333333333
8740	17626	7.378333333333333
stop_13_27	stop_313_86719	9.631666666666666
10559	8088	6.278333333333333
9407	13349	12.623333333333333
8361	stop_283_57619	11.951666666666666
8301	18127	10.621666666666666
8076	8077	6.6466666666666665
stop_11_23	stop_289_58919	11.191666666666666
11611	8863	10.701666666666666
13023	stop_245_40729	6.97
9411	13362	3.49
10212	10213	0.9133333333333333
12309	7483	11.646666666666667
12343	12516	8.365
12923	stop_1_2	13.133333333333333
8000	stop_242_38819	8.786666666666667
11724	13298	7.801666666666667
18092	stop_1493_373019	9.046666666666665
17712	18385	20.988333333333333
stop_245_40719	stop_246_40829	6.275
8015	stop_330_254329	12.626666666666667
12531	18343	9.104999999999999
18276	17718	6.005
8520	9773	10.648333333333333
9900	stop_279_57139	4.930000000000001
stop_253_42319	stop_253_42329	1.3533333333333333
12880	stop_245_40729	12.295
17909	stop_232_36829	3.51
stop_255_42919	stop_331_254829	6.915
13740	7483	13.045
18055	stop_361_282119	11.610000000000001
10473	9753	8.463333333333333
7991	stop_242_38819	12.733333333333333
7502	stop_574_304039	9.415
7946	stop_253_42319	12.106666666666666
13034	stop_186_7029	4.456666666666666
7984	stop_330_254329	1.1333333333333333
11617	12588	5.528333333333333
11022	11025	10.173333333333334
9026	12310	10.548333333333334
8973	9041	11.82
7400	11079	11.104999999999999
13676	10544	9.695
7984	7936	9.061666666666667
12985	stop_291_61129	0.6733333333333333
7535	7532	4.223333333333334
13731	7960	9.871666666666666
stop_196_8719	stop_217_32029	7.531666666666666
7490	8297	11.833333333333334
8135	13760	3.1866666666666665
13718	stop_189_7319	6.2733333333333325
17308	13478	29.011666666666667
8413	10116	11.571666666666665
7511	17918	4.5649999999999995
8733	8736	9.463333333333333
17765	13050	8.593333333333334
13586	7893	10.323333333333332
17722	11749	21.084999999999997
7375	17714	6.943333333333333
18024	stop_213_31139	7.956666666666666
8710	stop_6_12	12.45
8791	12510	11.83
18244	7471	10.338333333333333
8670	8223	8.121666666666666
9452	10634	3.93
12962	7398	10.545
17910	stop_203_12539	11.298333333333334
18243	14153	14.746666666666666
7946	8015	12.526666666666667
17310	17308	2.7783333333333333
18030	17959	4.821666666666667
stop_223_35829	stop_225_36029	12.94
18080	stop_331_254819	15.514999999999999
13025	13693	12.088333333333333
8144	11169	13.565
12920	13693	7.864999999999999
7537	8708	8.045
18297	12908	9.196666666666665
12594	17560	6.258333333333334
stop_225_36029	stop_338_56929	13.613333333333333
7515	11079	6.0600000000000005
10543	10545	0.94
13183	stop_224_35919	11.465
13946	13930	11.764999999999999
12312	17964	6.708333333333333
13616	stop_267_45919	10.276666666666667
17247	stop_289_58929	10.621666666666666
13054	8104	23.633333333333333
7813	stop_222_35719	7.83
8240	8238	3.89
17586	7375	7.53
17567	13699	18.205
11733	18387	13.103333333333333
18157	12576	10.926666666666668
13338	13350	1.7716666666666667
12939	17562	11.521666666666667
12996	stop_303_68119	12.08
10110	10260	15.393333333333334
11508	12930	9.96
13723	stop_224_35929	1.1033333333333333
10055	stop_1489_127119	10.866666666666667
13404	8508	9.868333333333334
11977	stop_222_35719	12.754999999999999
10233	10074	15.996666666666666
11649	18121	12.306666666666667
7891	stop_219_32219	8.503333333333334
9964	10317	9.795
18242	12739	15.166666666666666
9051	11433	2.018333333333333
13847	12744	9.05
13934	13935	10.558333333333334
stop_202_12419	stop_202_12429	2.2416666666666667
stop_213_31129	stop_311_82329	13.72
7930	stop_237_37729	12.848333333333333
13340	13343	0.045000000000000005
7395	13042	8.433333333333334
13445	18238	3.295
17545	17543	13.120000000000001
9960	9961	0.8166666666666667
17583	17965	15.33
13486	8710	11.925
10109	stop_298_63039	7.331666666666666
11516	12871	8.883333333333333
9167	7490	10.411666666666667
7673	13380	9.576666666666666
8577	9415	10.111666666666668
8338	7957	12.229999999999999
10385	10395	5.026666666666667
10260	10261	0.175
17696	7825	8.128333333333334
12908	stop_246_40839	15.17
7493	17928	16.971666666666668
18057	stop_199_11229	6.3116666666666665
10550	10467	7.3566666666666665
17743	17745	11.185
12518	8217	11.306666666666667
9020	9018	11.706666666666667
8137	stop_306_71619	13.45
11913	13715	10.525
9120	8363	18.876666666666665
17753	17756	8.535
12360	10511	8.065
11613	11615	10.093333333333334
8145	8146	2.2916666666666665
12487	13956	4.75
7959	7962	12.16
12353	stop_267_45939	13.401666666666667
9086	10924	8.706666666666667
9119	stop_213_31119	7.375
8337	stop_254_42429	9.238333333333333
8222	8365	9.315
18244	stop_322_117319	3.8183333333333334
12930	stop_276_56139	2.425
18335	18146	20.303333333333335
12567	8399	9.825
13668	8192	13.17
stop_213_31139	stop_283_57619	26.459999999999997
7430	stop_188_7219	7.096666666666667
9551	11742	16.67
12983	stop_285_58419	6.6850000000000005
13846	8804	27.203333333333333
7964	12934	16.701666666666668
13186	stop_282_57529	8.688333333333333
12995	13005	4.751666666666667
7368	7480	11.268333333333334
7720	12375	9.485000000000001
9149	stop_202_12429	15.025
10001	17775	3.7616666666666663
12883	stop_245_40719	1.0083333333333333
9138	10323	8.69
8361	12941	12.926666666666668
13661	12929	6.873333333333333
13081	stop_1_1	11.361666666666668
7952	18312	9.138333333333332
10494	13650	4.941666666666666
10592	18360	10.775
10227	13300	8.006666666666666
12306	18274	11.953333333333335
8351	8163	4.54
11311	stop_279_57129	12.615
17829	17896	11.254999999999999
10406	10370	11.968333333333334
12875	stop_207_12919	15.05
13900	17958	8.326666666666666
10823	13855	11.071666666666665
18289	17705	11.713333333333333
8002	stop_252_42029	13.333333333333334
8906	stop_852_324229	9.33
14041	17712	10.68
10511	9982	11.503333333333334
10602	7894	13.03
10016	12899	10.295
17585	17546	10.196666666666665
10053	10052	1.4283333333333335
7502	8305	12.878333333333334
stop_263_45319	stop_1076_317429	9.33
7658	18011	10.443333333333333
13054	stop_213_31129	2.0
9549	stop_291_61119	4.63
8336	stop_255_42919	8.023333333333333
11509	10855	4.955
8361	7820	14.691666666666666
13630	10234	7.765
7929	7993	0.8533333333333334
10086	10087	12.76
12516	12546	15.623333333333333
7953	stop_259_44929	16.693333333333335
18238	18239	8.095
17215	13664	12.413333333333332
9032	10324	15.095
8795	12509	4.4350000000000005
9147	stop_13_26	9.365
13639	stop_207_12919	11.336666666666668
18276	17381	9.273333333333333
10991	7462	10.826666666666666
8799	7462	18.926666666666666
17387	stop_266_45819	9.333333333333334
7885	12967	7.408333333333333
10116	14127	9.905
9149	12958	10.758333333333333
14051	13209	9.68
18363	9874	7.653333333333333
12898	7948	15.493333333333334
7999	8408	14.766666666666667
11438	18242	9.608333333333333
9436	9433	7.4383333333333335
12996	14013	8.325
10328	18348	3.07
12070	stop_335_260819	4.931666666666667
8197	8308	9.351666666666667
17540	stop_1486_372419	9.754999999999999
12974	12932	6.973333333333333
8250	17318	6.133333333333334
7512	12958	5.088333333333334
12950	13486	12.456666666666667
8353	12499	15.66
13706	17547	9.610000000000001
7936	stop_571_303719	7.631666666666666
11432	stop_1234_362129	7.991666666666666
18056	9118	6.821666666666667
13492	12926	12.145000000000001
8127	12926	11.44
11331	11438	9.038333333333332
7668	7678	12.3
17345	10732	8.921666666666665
9482	13161	7.886666666666667
7894	stop_221_32529	9.625
10897	10898	0.3433333333333334
10222	11346	0.7766666666666667
18335	stop_1494_373119	9.34
12948	stop_240_38219	3.2666666666666666
13178	11306	9.854999999999999
8238	10133	14.481666666666666
9609	9610	5.316666666666666
18202	stop_342_268519	9.078333333333335
7368	stop_1488_3329	9.991666666666667
10453	10455	6.010000000000001
17798	17797	0.45666666666666667
7538	10075	8.883333333333333
8090	8632	2.783333333333333
17891	stop_1494_373119	5.8149999999999995
stop_223_35819	stop_852_324219	11.703333333333335
12470	12859	5.921666666666667
17247	stop_344_268729	8.495
11909	stop_187_7119	11.388333333333332
13073	10782	10.82
8104	12840	9.658333333333333
12932	stop_313_86729	1.7583333333333333
12942	8404	11.205
stop_204_12639	stop_205_12719	3.2116666666666664
13547	13078	12.04
7410	11909	15.264999999999999
10477	10574	1.0366666666666666
10260	12416	10.33
17549	17587	14.568333333333333
12402	13042	8.085
stop_278_57019	stop_1103_347119	7.693333333333333
8123	12930	12.311666666666667
18311	stop_329_253919	12.853333333333333
11336	18238	15.856666666666666
8118	7893	13.281666666666666
8115	12985	4.62
12303	13657	12.233333333333333
7677	11604	11.26
10167	13716	8.195
10732	10733	4.4366666666666665
17703	17591	5.411666666666666
7651	18003	5.281666666666666
10135	10466	3.018333333333333
7825	11713	14.655
stop_250_41829	stop_252_42019	10.378333333333334
12856	18151	7.408333333333333
13325	12233	16.486666666666668
7504	7489	8.988333333333333
18289	12309	11.585
10292	9611	14.323333333333332
17587	stop_1489_127119	0.9583333333333334
8770	8768	4.001666666666667
8845	8903	7.636666666666667
11234	13716	12.565
9118	stop_6_13	13.416666666666666
12354	stop_267_45929	17.384999999999998
7528	7522	9.036666666666667
10117	10113	3.4949999999999997
11021	11020	1.7883333333333333
12138	10203	5.346666666666667
12938	13706	4.5649999999999995
8077	stop_276_56129	11.538333333333332
8499	17782	8.045
13686	12377	8.981666666666666
7399	12305	10.94
9051	stop_203_12549	1.34
12966	stop_568_303219	9.396666666666667
13177	stop_282_57519	7.748333333333333
17567	17539	4.433333333333334
8402	9926	10.503333333333334
11174	11171	5.319999999999999
17713	17715	16.24
18266	18268	7.806666666666667
13746	stop_202_12419	14.555
8374	8373	1.0066666666666666
17876	stop_3_7	3.246666666666667
9380	9381	0.23333333333333334
8414	8415	1.8566666666666667
18080	17986	11.086666666666668
11613	11619	20.111666666666668
18147	7494	11.081666666666667
13543	9428	6.723333333333333
8367	10053	3.82
8352	8351	9.203333333333335
8432	13126	11.166666666666666
7908	10603	15.298333333333334
8089	stop_957_333819	7.510000000000001
8103	stop_957_333829	6.948333333333333
12941	stop_318_96019	6.705
9118	17916	13.025
13535	10037	14.15
12975	12319	8.156666666666666
18272	17377	9.103333333333333
8409	7929	9.766666666666667
13444	18364	15.631666666666666
10543	11652	21.935
12927	stop_339_62119	21.483333333333334
13815	13932	12.403333333333334
10056	17891	13.341666666666667
8247	8252	1.6733333333333333
18127	14066	13.993333333333334
10257	10199	1.28
13661	17957	15.286666666666667
10842	12377	15.188333333333333
12140	12304	12.055
17562	17589	11.406666666666666
17547	8326	4.415
13314	10041	14.735000000000001
11433	7512	7.366666666666666
12943	stop_239_37919	15.761666666666667
10507	18019	11.635
12718	stop_325_136029	11.273333333333333
13631	stop_213_31129	11.431666666666667
12809	12808	5.176666666666667
7404	7369	10.173333333333334
18334	9139	16.283333333333335
12970	stop_1103_347129	9.878333333333334
11563	11567	0.22666666666666666
stop_289_58919	stop_346_269029	5.128333333333333
10346	13531	6.745
7993	7985	12.604999999999999
8980	9045	10.418333333333333
12899	stop_13_25	7.256666666666666
13114	17956	10.875
8187	stop_334_258229	6.6883333333333335
13719	12470	9.354999999999999
9688	9686	9.933333333333334
8613	9875	23.651666666666664
12537	8154	38.15833333333333
12935	stop_259_44929	9.555
17908	7426	3.7849999999999997
12962	stop_186_7019	10.245000000000001
12878	stop_5_11	7.996666666666667
10000	12145	17.45
12516	10613	12.645000000000001
13718	12718	4.661666666666666
8899	stop_335_260819	11.928333333333335
stop_203_12529	stop_204_12629	8.03
13671	10855	7.553333333333333
8670	8366	10.143333333333334
8898	9149	4.91
13906	stop_188_7219	10.241666666666667
11816	11815	1.8283333333333334
12849	8114	10.251666666666667
12009	stop_216_31929	11.465
8371	18367	14.706666666666667
stop_6_13	stop_313_86729	12.506666666666666
10602	stop_224_35949	9.1
7683	17627	12.328333333333335
12364	13397	15.555
12871	stop_425_287119	12.841666666666667
18281	10224	13.305
12022	stop_335_260819	9.508333333333333
8310	17342	0.5333333333333333
12907	12898	1.7066666666666668
7893	stop_221_32519	4.7716666666666665
17705	17697	4.985
12224	13754	7.031666666666666
13053	7448	13.653333333333334
9025	9023	9.241666666666667
12378	13713	9.94
8408	stop_239_37929	11.438333333333333
10210	11233	12.973333333333333
8618	stop_1490_366229	11.103333333333333
10323	17779	9.014999999999999
17679	12360	5.383333333333334
8147	8137	0.7233333333333333
13789	stop_313_86719	6.633333333333334
8384	14142	2.1283333333333334
9850	8267	12.166666666666666
12662	12661	12.178333333333335
18385	18384	0.5133333333333333
13213	13240	7.194999999999999
13913	9717	15.496666666666666
7809	12967	13.746666666666666
10108	9544	12.126666666666667
12840	stop_283_57629	6.441666666666666
7459	7444	13.508333333333333
10177	10179	8.596666666666666
7509	13707	1.1383333333333332
stop_226_36129	stop_1102_347019	13.183333333333334
8372	17714	14.108333333333333
7959	9551	14.021666666666667
stop_203_12559	stop_204_12639	7.03
13586	stop_278_57019	8.168333333333333
9461	9460	0.5583333333333333
12904	10848	12.241666666666667
8145	11169	5.73
stop_213_31139	stop_214_31319	4.11
12503	8310	18.846666666666668
18103	10405	4.930000000000001
13723	12009	11.376666666666667
9050	7908	10.513333333333332
18297	stop_248_41329	6.319999999999999
8408	stop_328_253819	6.760000000000001
stop_307_71819	stop_1343_364719	12.120000000000001
stop_248_41319	stop_250_41829	7.0233333333333325
stop_294_61419	stop_343_268619	14.92
12586	10825	13.566666666666666
stop_219_32219	stop_224_35919	13.353333333333333
8801	11977	7.906666666666666
17545	12314	9.613333333333333
9034	stop_10_3	2.4516666666666667
18170	stop_257_43529	12.233333333333333
8903	11628	7.446666666666667
12898	stop_12_20	7.775
10477	10609	12.946666666666665
13219	13218	6.364999999999999
8505	17781	11.058333333333334
17714	17587	9.746666666666666
7416	7398	13.845
8091	stop_283_57629	12.816666666666666
10157	8311	18.373333333333335
17986	stop_267_45929	5.711666666666667
17876	stop_1280_364319	6.95
17949	stop_6_12	6.556666666666667
9938	10500	4.575
8419	17835	14.048333333333334
17392	17386	6.733333333333333
11955	stop_208_13019	7.911666666666666
8358	stop_338_56929	2.605
7515	17765	8.026666666666667
8631	8630	10.475
13645	8414	7.901666666666667
7381	stop_1486_372439	5.806666666666667
8060	8063	0.6666666666666666
12305	7375	10.533333333333333
11913	stop_219_32219	11.873333333333333
9388	9386	6.4383333333333335
13676	12415	6.048333333333333
8118	stop_224_35919	12.29
17560	stop_1489_127129	11.851666666666667
17541	13705	3.7449999999999997
8374	7381	12.618333333333334
7379	7375	4.645
10612	stop_334_258219	12.838333333333333
12362	12339	6.741666666666666
8441	8442	1.73
12442	10508	12.091666666666667
17547	17560	1.8866666666666667
stop_221_32519	stop_224_35929	3.8033333333333332
12070	13714	4.989999999999999
8187	14006	9.898333333333333
9013	13017	7.243333333333334
stop_276_56129	stop_277_56719	11.555
17954	17957	6.5649999999999995
13905	7400	3.6566666666666667
stop_314_92229	stop_343_268629	11.641666666666667
7813	13722	11.926666666666668
8779	8777	4.868333333333334
17258	13063	5.321666666666667
10487	10037	12.85
8801	stop_187_7129	14.354999999999999
9049	7511	6.6066666666666665
9650	9652	7.513333333333334
10603	stop_1103_347119	3.3766666666666665
12974	8710	6.993333333333334
7424	10717	9.455
17916	stop_575_304129	6.911666666666666
18038	18043	0.8733333333333333
8182	stop_304_68219	9.58
stop_246_40819	stop_313_86719	5.66
17915	8710	11.893333333333334
13900	18305	11.468333333333334
7498	7985	5.555000000000001
12320	8403	10.963333333333333
13683	13553	9.610000000000001
7385	7386	4.153333333333333
8672	stop_277_56719	2.0349999999999997
13715	9149	1.2666666666666666
8115	8112	9.54
7396	18248	13.498333333333333
stop_225_36019	stop_279_57139	6.628333333333333
8076	12964	7.275
7432	stop_570_303619	12.236666666666668
10700	stop_224_35939	11.338333333333333
13672	10569	9.291666666666666
13023	stop_246_40849	3.121666666666667
7461	7504	6.9766666666666675
13030	9467	10.291666666666666
10212	10484	12.691666666666666
12309	8419	5.823333333333333
7488	9026	9.951666666666666
12945	7985	11.976666666666667
18121	11455	9.641666666666667
13023	12907	9.479999999999999
12410	12409	1.43
12871	8296	14.004999999999999
7503	8296	4.931666666666667
8381	10227	7.025
17949	17950	3.0949999999999998
13058	7962	12.563333333333333
12880	stop_246_40849	12.666666666666666
17909	stop_234_37029	10.620000000000001
13705	17717	12.095
9923	18079	10.288333333333332
18146	10324	5.533333333333333
8616	stop_307_71819	12.068333333333333
13034	stop_188_7219	8.695
10149	12411	10.55
10115	11170	0.7033333333333334
10503	8538	12.671666666666665
13667	stop_285_58429	15.34
stop_240_38229	stop_328_253819	12.761666666666667
stop_290_61029	stop_294_61419	9.016666666666667
12609	8809	8.54
8114	9547	6.841666666666667
17538	17545	6.345
8973	11637	17.09333333333333
7392	10052	14.306666666666667
8414	12546	10.776666666666667
7535	10872	13.393333333333334
8631	stop_213_31139	20.521666666666665
8253	8790	12.538333333333332
7386	8372	5.448333333333333
13693	stop_277_56729	1.4283333333333335
17215	stop_2_4	7.9783333333333335
12521	14127	10.525
stop_274_46619	stop_342_268529	16.561666666666667
7781	9751	17.121666666666666
8389	stop_570_303629	12.671666666666665
8000	7993	8.385
8788	18128	4.215
stop_321_115419	stop_338_56919	14.18
13891	9909	5.093333333333334
18244	10991	10.65
8670	13674	11.201666666666666
10778	10942	7.756666666666666
10372	10370	11.093333333333334
7496	13708	14.336666666666668
12604	12605	8.581666666666667
9918	7950	15.165
17408	10392	9.211666666666668
9470	13169	8.955
8113	14130	15.948333333333332
9119	10081	9.635
13667	stop_1280_364359	10.16
7946	7948	7.928333333333333
12616	8934	13.104999999999999
stop_2_5	stop_310_74719	5.505
7803	12317	5.741666666666666
8332	12951	11.165
10352	13643	5.48
13628	stop_1486_372419	7.806666666666667
13534	13640	14.843333333333334
7386	10167	12.218333333333334
12594	8328	12.129999999999999
7999	13486	5.47
18328	13485	12.641666666666667
18364	14156	9.258333333333333
18329	17547	8.778333333333334
13183	stop_225_36019	15.948333333333332
18288	stop_1234_362129	16.06
9722	13664	10.593333333333334
12070	stop_1234_362119	6.3933333333333335
8065	17511	17.09
13616	stop_272_46429	16.081666666666667
9034	stop_237_37719	9.764999999999999
12893	stop_207_12929	1.0866666666666667
17721	12807	11.388333333333332
8363	8104	7.895
17549	stop_1486_372429	2.4566666666666666
12935	stop_331_254829	12.879999999999999
7365	17590	11.138333333333332
17268	9388	8.25
13723	stop_225_36029	6.21
13053	stop_1234_362129	6.405
8339	8337	10.365
8130	12930	9.666666666666666
12941	12307	4.778333333333333
7498	12942	11.525
17417	10383	7.348333333333333
7891	stop_221_32529	8.32
8305	17929	6.345
13699	7446	12.32
10015	stop_243_39219	13.145000000000001
8668	12499	8.535
11555	13107	11.283333333333333
10501	11214	12.315
17545	8618	13.116666666666667
7555	11158	9.458333333333334
10626	10452	7.3149999999999995
10603	stop_338_56919	12.735000000000001
11079	7432	12.963333333333333
17563	stop_1486_372439	3.675
stop_189_7339	stop_205_12729	10.266666666666667
8604	stop_230_36519	2.1266666666666665
13036	8115	9.908333333333333
12718	11909	5.635000000000001
stop_204_12629	stop_852_324219	5.983333333333333
8104	11311	12.988333333333333
17585	17588	6.058333333333334
7985	stop_240_38229	11.83
8898	12070	4.621666666666667
12350	14082	10.421666666666665
7571	17379	19.993333333333332
10436	10433	5.3
12910	13696	7.430000000000001
17697	stop_1494_373129	14.136666666666667
10503	12368	14.754999999999999
12880	stop_575_304119	2.275
8145	12852	10.4
10164	17588	14.433333333333334
18389	12901	15.05
14052	14053	0.91
13714	stop_187_7119	13.908333333333333
12141	10482	13.141666666666667
13076	10782	5.65
8634	12331	18.355
8604	17909	9.301666666666668
13952	11505	5.1483333333333325
18222	18221	0.8533333333333334
14040	8925	3.77
13653	10877	7.888333333333334
12534	12441	35.96666666666667
9119	stop_214_31329	0.11
12845	stop_282_57519	6.121666666666667
13179	13723	10.176666666666668
9013	11809	25.538333333333334
18315	10176	4.488333333333333
7450	17835	15.675
10081	stop_311_82329	2.0766666666666667
12567	8402	7.6483333333333325
12900	stop_243_39229	14.881666666666666
13670	stop_1495_373519	6.611666666666666
7430	stop_189_7339	11.291666666666666
8075	stop_276_56139	12.361666666666668
7964	9932	14.073333333333332
12995	9490	10.531666666666666
11730	13519	10.711666666666668
13722	stop_568_303239	1.4933333333333332
12961	12939	4.3133333333333335
10001	13260	10.405
7482	7480	3.4766666666666666
12883	stop_246_40839	6.305000000000001
12854	stop_293_61319	11.003333333333334
11105	17715	5.283333333333333
12719	12298	12.053333333333335
9860	18237	7.823333333333333
9489	11678	11.235000000000001
17940	stop_230_36539	11.889999999999999
13665	stop_321_115419	3.355
stop_205_12729	stop_852_324229	11.076666666666666
stop_257_43519	stop_330_254319	12.18
8372	12304	5.819999999999999
7444	7503	15.826666666666666
stop_219_32239	stop_325_136029	4.33
13651	stop_250_41829	4.151666666666666
7951	12910	1.6133333333333333
8435	13129	10.756666666666666
11311	stop_282_57519	13.048333333333334
7495	7449	1.535
18155	10323	6.318333333333333
8205	10115	2.4283333333333332
10474	17317	5.141666666666667
10016	13651	12.745000000000001
10346	10345	1.2833333333333334
17585	17549	10.531666666666666
9067	9068	0.9049999999999999
13663	9814	13.688333333333333
13054	stop_216_31919	10.828333333333335
10490	10491	0.7816666666666666
9549	stop_293_61319	14.923333333333334
13816	9504	8.173333333333334
9932	stop_272_46419	17.355
12941	stop_782_314119	0.6183333333333334
9981	14029	10.4
11805	13032	4.558333333333334
7929	8298	7.14
8187	13645	8.15
14047	10956	10.313333333333333
7533	17975	11.186666666666667
9032	7449	8.54
12489	9590	20.055
stop_5_11	stop_232_36829	4.406666666666666
9781	9359	4.998333333333333
8799	7459	11.34
7885	12941	9.275
8403	18310	14.125
stop_226_36129	stop_227_36229	11.248333333333333
8794	13168	15.166666666666666
13644	14005	10.93
12718	stop_852_324239	1.3033333333333335
10429	10427	4.778333333333333
18047	13544	7.838333333333334
13260	13532	8.083333333333334
stop_275_56019	stop_276_56119	6.5633333333333335
12361	17692	6.931666666666667
7605	7632	5.3983333333333325
13706	8327	15.986666666666668
8266	18124	3.0016666666666665
18157	10262	4.58
12331	13675	4.913333333333333
9895	8336	13.778333333333334
stop_208_13019	stop_425_287129	19.255
10356	10358	0.815
9050	stop_5_11	12.08
8899	stop_1234_362119	11.7
12994	stop_339_62129	9.41
11741	10499	6.246666666666667
13018	stop_272_46419	11.996666666666666
9034	18287	12.81
13852	7609	9.628333333333334
9649	9651	7.056666666666667
11750	17857	9.378333333333334
18335	stop_1552_378519	12.556666666666667
8089	8103	8.361666666666666
13149	13131	4.713333333333334
13586	stop_225_36019	9.363333333333333
7368	stop_1490_366229	11.681666666666667
12022	stop_1234_362119	7.491666666666666
18306	stop_302_67929	15.94
18244	stop_203_12529	10.588333333333333
7512	stop_223_35829	14.903333333333334
17965	stop_1488_3329	9.871666666666666
stop_1493_373029	stop_1494_373119	12.321666666666665
8643	8645	5.875
12899	stop_313_86719	11.268333333333334
12719	stop_335_260829	5.596666666666667
17891	stop_1552_378519	15.266666666666667
13686	stop_310_74719	14.110000000000001
12911	13695	1.7049999999999998
13036	stop_361_282119	7.715
18161	8135	11.158333333333333
11909	stop_189_7319	11.531666666666666
12354	stop_9_18	14.893333333333334
10065	7515	14.706666666666667
8222	13713	15.391666666666667
10118	stop_305_71519	12.066666666666666
11009	stop_240_38219	8.281666666666666
8579	13360	7.013333333333334
stop_321_115429	stop_820_315829	12.863333333333333
9980	17718	19.07
12319	stop_313_86729	8.95
7410	12401	14.479999999999999
18284	10048	3.921666666666667
17714	stop_1486_372429	12.591666666666667
11433	stop_386_285919	11.116666666666667
8278	8285	0.255
8359	10648	12.401666666666667
18079	stop_253_42329	5.881666666666666
13679	stop_276_56119	11.013333333333332
10043	11233	13.625
10444	13330	18.89333333333333
10465	stop_841_317650	6.158333333333333
11769	13668	6.043333333333334
12920	11508	11.135
9505	stop_227_36229	18.026666666666664
7504	7446	12.49
8243	9754	15.706666666666667
18289	18155	21.26833333333333
17587	stop_1491_372319	5.73
8389	stop_186_7039	5.891666666666667
12954	12949	12.856666666666666
12354	stop_273_46519	18.90666666666667
7825	8924	3.93
18306	13688	10.773333333333333
10117	13668	12.081666666666667
stop_9_18	stop_254_42419	13.085
10559	7893	15.911666666666667
11810	11809	1.375
12938	12595	8.128333333333334
11237	10135	8.158333333333333
12926	stop_323_126229	7.680000000000001
17987	17986	1.5433333333333332
10842	stop_310_74719	8.448333333333332
12419	13894	12.528333333333334
12902	7956	5.53
12402	stop_189_7329	8.903333333333334
9904	stop_289_58929	8.908333333333333
8363	7822	14.586666666666668
10183	10185	3.185
9051	stop_204_12639	7.783333333333333
8197	13678	16.46333333333333
18244	13053	13.705
13177	stop_284_57719	15.229999999999999
17567	18289	11.604999999999999
12351	12996	15.07
14045	8935	18.533333333333335
18333	7482	6.586666666666667
18003	10856	16.58833333333333
12846	stop_292_61229	8.785
11516	stop_208_13029	15.020000000000001
13028	11136	11.885
18155	18150	1.3783333333333334
10407	10409	7.651666666666667
8190	stop_334_258219	11.195
18147	17836	10.091666666666667
18291	9147	8.673333333333334
8352	13673	12.020000000000001
10324	7495	11.133333333333333
9001	8990	3.145
17560	stop_183_6119	7.471666666666667
7910	stop_208_13029	15.703333333333335
13681	13676	1.6033333333333333
13905	7430	4.108333333333333
18332	18295	2.335
7961	11741	14.431666666666667
8475	8709	15.996666666666666
9967	9532	11.65
10700	7813	7.525
18295	9147	10.226666666666667
11797	11816	12.538333333333332
8212	10490	11.628333333333334
stop_296_62319	stop_424_287029	7.803333333333333
14046	14049	0.9450000000000001
18293	stop_342_268529	1.135
11248	stop_325_136019	11.608333333333333
13179	stop_224_35929	11.28
9034	12954	9.958333333333334
9781	9780	0.8183333333333334
17245	10842	12.865
13080	stop_311_82319	12.629999999999999
12140	12302	14.668333333333333
10480	11164	8.558333333333334
12876	17949	6.42
12952	12957	3.408333333333333
13556	18232	12.408333333333333
8137	stop_297_62419	8.785
11321	stop_226_36129	10.821666666666665
13631	stop_216_31919	8.881666666666666
17501	12570	15.035
9655	18331	10.908333333333333
10346	13534	6.616666666666666
13930	13931	5.296666666666667
8057	8066	1.165
8608	stop_301_63729	9.893333333333334
12010	12940	12.665
18014	8862	18.83833333333333
13105	9412	13.818333333333333
12886	stop_1343_364719	10.595
12935	stop_261_45129	10.833333333333334
17908	14166	8.123333333333333
7930	12948	11.65
12472	8123	11.83
stop_233_36929	stop_234_37029	3.375
12962	stop_187_7129	11.69
11662	10723	12.591666666666667
8779	9393	12.436666666666667
8327	stop_183_6129	12.628333333333334
stop_203_12529	stop_207_12919	10.971666666666666
13671	18029	7.446666666666667
18013	18014	0.3433333333333334
17914	stop_245_40729	9.768333333333334
13677	12688	3.2800000000000002
8615	stop_1343_364729	10.873333333333333
12009	stop_219_32229	4.288333333333333
12341	17691	12.311666666666667
7477	7483	9.885
10602	stop_226_36129	11.275
18289	stop_1492_372629	6.9350000000000005
17540	17563	5.5216666666666665
18161	stop_275_56019	13.773333333333333
12904	stop_252_42029	7.963333333333334
17829	8845	5.171666666666667
stop_279_57119	stop_279_57139	0.7899999999999999
8325	stop_570_303619	9.025
7891	stop_1487_373629	11.32
12333	10125	9.606666666666666
7893	stop_222_35739	11.093333333333334
12587	12588	0.435
17778	12310	5.505
7520	7528	1.59
8408	stop_241_38329	5.7266666666666675
stop_314_92219	stop_314_92259	2.0966666666666667
12951	stop_242_38819	5.6466666666666665
8618	stop_1492_372629	4.401666666666667
13672	13760	4.5183333333333335
9656	18330	6.406666666666666
18320	stop_570_303629	18.35
17264	17272	6.2316666666666665
8147	10116	14.296666666666665
10062	7414	5.8533333333333335
18287	stop_328_253819	12.936666666666667
14029	17718	10.846666666666666
stop_222_35719	stop_852_324249	7.745
7809	12941	10.488333333333333
10716	13629	4.14
12840	stop_285_58429	9.26
11515	12869	14.325
7459	8296	8.66
13183	11248	13.415
8021	stop_253_42319	7.155
13356	13372	11.466666666666667
7412	7516	9.501666666666667
12841	stop_314_92249	14.956666666666667
8112	stop_314_92259	14.945
17245	17876	6.745
stop_219_32219	stop_1102_347019	6.778333333333333
stop_203_12559	stop_207_12929	9.981666666666666
9461	17816	16.831666666666667
7525	17972	10.145000000000001
9023	9734	11.466666666666667
12904	7950	8.648333333333333
12677	stop_277_56729	11.428333333333335
17986	stop_9_18	10.233333333333333
7956	stop_253_42319	7.655
9050	17940	14.3
17539	18335	15.301666666666668
11839	18032	12.576666666666666
13018	12355	15.615
13063	stop_841_317639	2.746666666666667
18306	12546	5.0649999999999995
18297	7951	11.813333333333333
13947	13930	17.023333333333333
18161	17959	5.545
11955	stop_574_304039	2.8333333333333335
13180	stop_221_32519	13.360000000000001
8342	12534	11.696666666666665
17545	10070	14.610000000000001
8197	14141	5.489999999999999
8259	9841	5.238333333333333
11797	17810	4.621666666666667
13615	17884	6.665
12339	13398	16.055
12374	12126	11.55
10449	12403	10.548333333333334
13714	17918	13.213333333333333
18287	9032	11.085
12962	12594	11.996666666666666
18029	stop_323_126219	10.83
11514	stop_425_287119	1.5083333333333333
8187	12350	10.916666666666666
12897	stop_13_27	12.708333333333334
9722	stop_2_4	7.245
stop_344_268719	stop_345_268829	7.708333333333333
8474	7532	9.845
10157	17342	18.275
8089	12967	7.746666666666667
17795	11814	9.85
12718	stop_204_12629	6.025
8145	8616	10.051666666666668
17876	stop_1342_364619	12.338333333333333
9878	stop_219_32219	8.295
11802	11804	7.3100000000000005
14041	8934	12.945
10897	17858	8.366666666666667
13634	13677	9.256666666666666
9018	9735	5.083333333333333
10448	10489	5.575
11132	13028	10.03
11321	8630	10.733333333333333
7396	13640	14.49
12917	stop_952_331019	9.485000000000001
10188	10090	11.325
7822	stop_219_32219	8.353333333333333
10156	13729	13.028333333333334
11698	11748	0.5083333333333333
stop_188_7229	stop_568_303219	5.1850000000000005
17560	stop_1491_372329	7.248333333333333
18144	11478	13.514999999999999
17541	12594	14.426666666666668
stop_275_56019	stop_424_287019	14.281666666666666
8074	8128	13.455
13178	stop_221_32529	11.791666666666666
17541	17590	11.445
stop_221_32519	stop_225_36029	9.841666666666667
12354	12353	5.6483333333333325
10907	13157	11.120000000000001
10770	18121	5.075
7454	9978	16.913333333333334
17537	10050	9.781666666666666
12347	12415	4.515
stop_292_61219	stop_314_92239	6.331666666666666
12897	8770	6.9383333333333335
8163	18362	7.873333333333333
10559	stop_224_35919	14.691666666666666
9171	11336	13.106666666666666
10240	11839	11.101666666666667
12470	stop_338_56919	7.566666666666666
8801	stop_189_7329	4.805000000000001
9049	12959	9.806666666666667
12948	8537	7.444999999999999
12859	12987	10.348333333333333
18170	17690	9.333333333333334
9723	stop_1342_364629	14.738333333333333
13522	13529	7.075
13019	9935	15.333333333333334
11977	7430	13.941666666666666
10170	12988	6.176666666666667
17544	17591	10.42
11970	18015	4.758333333333334
17266	17264	5.47
stop_1492_372619	stop_1492_372629	0.7633333333333333
9814	stop_1342_364629	8.698333333333332
8335	12901	4.135
12905	stop_1_1	13.828333333333335
8233	8221	3.0566666666666666
10825	12744	13.235000000000001
18321	7463	11.254999999999999
7983	stop_238_37819	13.091666666666667
12959	stop_568_303239	14.981666666666666
11321	stop_282_57519	8.966666666666667
stop_186_7039	stop_322_117319	16.856666666666666
17716	17379	10.728333333333333
8125	13666	7.466666666666667
13538	17716	13.858333333333333
stop_240_38229	stop_241_38329	2.6966666666666668
7385	8373	9.558333333333334
13715	18288	12.358333333333333
10559	stop_311_82319	13.42
stop_217_32019	stop_318_96019	6.118333333333334
13447	8522	7.318333333333333
11914	11915	0.0016666666666666668
18023	10056	7.63
10700	stop_226_36119	13.878333333333334
17545	stop_1492_372619	10.593333333333334
10016	stop_252_42019	0.635
7461	7463	9.808333333333334
7993	stop_329_253929	5.948333333333333
18244	stop_852_324229	9.33
7804	stop_282_57519	22.779999999999998
17539	7482	12.16
7488	7492	8.975
stop_320_105129	stop_1076_317419	15.9
12410	10127	7.766666666666667
stop_189_7339	stop_335_260819	4.696666666666667
7630	12587	9.066666666666666
stop_284_57719	stop_285_58419	9.985000000000001
17913	17939	12.343333333333334
12319	stop_243_39229	11.438333333333333
7808	7520	12.523333333333333
18288	stop_189_7349	12.111666666666668
9169	13639	2.283333333333333
12070	stop_189_7339	7.868333333333334
13815	13810	1.3566666666666667
17576	stop_1492_372629	6.8100000000000005
9542	8146	4.846666666666667
stop_280_57229	stop_291_61119	11.556666666666667
7412	7410	13.0
13034	stop_189_7339	12.391666666666667
10115	10118	9.718333333333334
17600	12541	75.92166666666667
13667	stop_290_61029	10.395000000000001
13978	13977	0.8916666666666667
7516	7419	4.973333333333333
12878	12877	2.5716666666666668
stop_3_6	stop_1280_364339	10.656666666666666
11699	13234	9.916666666666666
8077	13114	11.311666666666667
8206	14127	13.826666666666666
stop_225_36019	stop_1103_347129	9.315
10480	13299	13.951666666666666
10560	stop_282_57529	11.953333333333335
8253	17695	12.541666666666666
7386	7387	7.881666666666666
7434	18333	9.226666666666667
8474	17971	5.963333333333334
11472	18240	14.253333333333334
10016	18310	3.385
18276	14029	12.5
11514	13670	11.285
8000	8298	11.793333333333333
12312	7441	9.336666666666668
13152	13300	8.081666666666667
12984	13667	10.870000000000001
12326	12545	12.463333333333333
12342	13738	12.104999999999999
stop_230_36519	stop_232_36829	11.514999999999999
10392	10394	10.403333333333334
12357	17310	16.203333333333333
18285	17713	8.7
9587	12562	6.1
13945	13927	9.06
17910	stop_207_12919	11.501666666666667
stop_292_61229	stop_344_268729	7.858333333333333
13171	13169	12.479999999999999
14029	17381	7.583333333333333
18389	stop_12_19	8.915
13519	17304	9.836666666666668
7369	8617	14.066666666666666
stop_203_12549	stop_386_285919	9.883333333333333
12994	8315	4.361666666666666
12909	stop_13_26	9.035
11321	13720	1.1849999999999998
12992	stop_298_63019	1.2433333333333332
18329	8327	2.135
12943	12945	13.35
10463	12348	11.896666666666667
13731	7961	5.243333333333334
14053	18385	10.263333333333332
stop_13_26	stop_13_28	1.825
12940	stop_213_31139	11.983333333333333
7998	stop_237_37719	13.45
12845	12840	3.5966666666666667
13216	13215	7.498333333333333
13822	9960	6.3966666666666665
stop_1489_127119	stop_1491_372329	5.838333333333334
12983	8095	12.806666666666667
13723	stop_227_36229	8.656666666666666
13718	12958	9.166666666666666
8130	13660	7.86
8247	8951	17.011666666666667
7498	8408	9.148333333333333
10209	10040	12.033333333333333
7459	13740	2.6166666666666667
8537	stop_237_37719	12.796666666666665
11445	11446	0.6649999999999999
7891	stop_223_35819	3.33
17878	18239	14.85
17539	stop_1488_3319	4.418333333333334
13699	9026	5.013333333333334
stop_278_57019	stop_321_115419	13.125
13065	8645	16.263333333333332
9964	13822	4.680000000000001
18030	8076	7.158333333333333
13440	10423	8.711666666666668
stop_252_42019	stop_571_303719	6.819999999999999
13080	7817	12.523333333333333
13158	10907	10.143333333333334
18334	17577	9.841666666666667
10055	18023	5.1466666666666665
18320	stop_186_7039	9.995000000000001
9484	9486	5.825
12985	stop_314_92219	4.473333333333333
12718	12401	9.681666666666667
7964	13058	2.283333333333333
18359	10135	11.603333333333333
stop_188_7219	stop_852_324219	11.004999999999999
12136	10203	10.06
11751	13522	9.891666666666667
12926	stop_276_56129	3.25
7358	13680	9.695
7493	17583	6.23
10460	12054	14.663333333333332
stop_334_258229	stop_840_317519	8.851666666666667
8113	8138	13.588333333333333
8405	11009	11.501666666666667
9149	stop_568_303219	10.193333333333333
13535	13656	12.629999999999999
17343	11164	0.4666666666666667
12915	stop_276_56119	13.578333333333335
8740	13953	13.571666666666665
8032	12911	9.628333333333334
12964	12917	6.878333333333333
9551	17986	12.016666666666667
11079	stop_187_7119	12.541666666666666
13025	stop_316_94629	14.168333333333333
12845	stop_284_57719	4.165
stop_1556_381019	stop_1556_381029	1.285
stop_227_36219	stop_325_136019	12.826666666666666
18291	stop_250_41829	11.106666666666666
10194	18190	4.27
7512	stop_568_303219	10.425
8789	8788	6.5233333333333325
12567	9918	16.091666666666665
13330	12997	14.225
13314	13716	16.026666666666667
17392	10379	5.611666666666666
17823	13359	7.905
9722	8523	6.09
8528	17877	10.708333333333334
7482	12309	4.525
7928	8299	11.24
18295	stop_250_41829	7.316666666666666
12938	8325	3.08
8898	stop_852_324219	13.08
7590	7597	9.615
8779	13094	14.145000000000001
17940	stop_233_36919	6.161666666666666
7971	stop_257_43529	1.9166666666666667
17877	18237	13.888333333333332
stop_282_57529	stop_284_57729	9.338333333333333
8372	12302	6.423333333333333
7367	17965	10.476666666666667
7804	7811	10.3
11311	stop_284_57719	11.328333333333335
8345	stop_11_22	10.273333333333333
7523	17970	2.9983333333333335
17561	8326	5.906666666666666
8934	17711	23.498333333333335
stop_301_63719	stop_301_63729	0.9033333333333334
7534	10233	7.126666666666667
7496	12357	9.726666666666667
18366	13716	8.57
13660	stop_323_126229	5.861666666666666
13645	stop_840_317519	5.03
18155	7495	15.603333333333333
stop_302_67919	stop_334_258229	6.23
8205	10113	11.433333333333334
12911	stop_12_24	8.745000000000001
10016	18390	11.621666666666666
17940	12878	4.975
7960	18202	6.868333333333334
14140	13678	11.321666666666665
10124	10110	16.63
11812	11811	1.2633333333333332
stop_224_35929	stop_1103_347119	11.651666666666667
stop_275_56029	stop_339_62119	21.345000000000002
12984	stop_343_268629	1.8233333333333335
7893	13723	1.8966666666666667
17215	stop_1280_364329	2.2383333333333337
10242	11600	10.723333333333333
stop_207_12919	stop_232_36819	9.335
13183	12845	10.776666666666667
17717	7571	9.118333333333334
stop_186_7029	stop_188_7219	11.976666666666667
10560	12940	9.486666666666668
13088	11538	8.546666666666665
18056	stop_1495_373519	7.54
7481	12312	3.92
13816	12141	20.428333333333335
8925	8922	7.971666666666667
stop_5_11	stop_234_37029	11.46
13699	9138	5.921666666666667
12961	7407	9.671666666666665
8195	10613	10.71
12959	stop_335_260819	7.116666666666666
8002	12323	11.498333333333333
13260	18366	6.871666666666667
stop_275_56019	stop_277_56729	8.423333333333334
7720	10496	9.218333333333334
7413	7399	13.528333333333334
12953	7985	6.37
13061	stop_334_258229	9.141666666666667
12331	12409	13.943333333333333
9895	8478	11.411666666666667
13492	18161	8.653333333333334
8498	8496	7.17
7398	17549	8.556666666666667
12323	12319	1.2483333333333335
10607	18061	4.183333333333334
stop_257_43529	stop_272_46419	8.063333333333334
8108	stop_344_268719	7.595
13018	stop_274_46619	7.251666666666667
13186	8088	8.471666666666668
11333	14151	10.523333333333333
8089	13689	11.651666666666667
9138	12310	13.875
12928	stop_424_287029	14.065
stop_187_7129	stop_188_7229	5.946666666666667
18232	10065	10.883333333333333
9904	12983	11.751666666666667
13586	stop_227_36219	4.293333333333334
13546	13547	0.6483333333333333
7572	10819	12.233333333333333
18244	stop_204_12619	6.489999999999999
8399	7969	4.2733333333333325
stop_189_7349	stop_322_117329	6.02
8643	8222	11.656666666666666
12911	18079	11.94
18152	10168	13.879999999999999
7490	7483	7.326666666666667
stop_239_37919	stop_240_38219	2.9016666666666664
10065	7418	12.801666666666668
10426	13440	5.62
11009	stop_242_38819	9.251666666666667
13161	9716	4.64
13811	11213	10.591666666666667
18127	8950	10.188333333333333
7962	7969	0.9
7646	17627	10.128333333333334
7410	8389	10.703333333333335
13239	13228	8.0
17836	12310	2.9050000000000002
18071	17744	5.796666666666667
10096	10095	6.444999999999999
13679	stop_277_56729	4.733333333333333
10444	8195	13.33
12139	10202	3.8800000000000003
18025	7808	14.979999999999999
12851	10724	14.866666666666667
8130	17955	15.368333333333334
7400	7398	13.301666666666668
9139	7444	10.633333333333333
11769	10454	12.531666666666666
13419	11462	8.001666666666667
7991	11008	13.785
12909	7977	16.988333333333333
18294	10500	10.485000000000001
18267	18269	10.256666666666666
12321	13731	10.293333333333333
10092	10507	4.8533333333333335
8298	10848	5.701666666666667
18332	stop_12_20	13.693333333333333
17816	10634	5.86
8103	stop_283_57629	4.2683333333333335
10559	12010	15.638333333333332
8300	18127	10.313333333333333
17824	18256	14.988333333333333
stop_221_32529	stop_222_35719	7.961666666666667
13760	stop_323_126219	8.453333333333333
9910	9754	9.223333333333333
8402	12951	17.584999999999997
9569	17864	7.016666666666667
12342	18370	10.373333333333333
8374	7390	12.078333333333335
9542	11169	9.165
18333	12314	10.653333333333334
7905	stop_203_12529	11.641666666666667
11508	13671	10.233333333333333
18271	17379	16.271666666666665
13707	13656	11.278333333333334
18274	stop_1487_373619	9.831666666666667
stop_264_45419	stop_264_45429	0.6133333333333333
stop_254_42429	stop_331_254829	12.636666666666667
8770	stop_257_43519	13.156666666666666
10407	10408	4.008333333333334
8447	11657	11.145000000000001
9935	stop_257_43519	9.013333333333332
7457	stop_574_304039	7.975
7891	stop_204_12639	14.04
18291	18389	9.181666666666667
10125	12328	10.036666666666667
8478	stop_9_18	11.95
12900	12908	7.921666666666667
stop_299_63229	stop_301_63719	14.993333333333334
7395	11079	12.05
13640	13716	7.906666666666666
13681	10544	11.201666666666666
17956	stop_323_126229	9.908333333333333
13801	13811	1.5183333333333333
stop_207_12929	stop_386_285929	15.448333333333332
13843	13844	16.85
13905	13042	2.955
18332	12909	9.441666666666666
12807	12806	4.375
7439	17964	15.65
stop_305_71529	stop_306_71619	6.901666666666667
10190	18183	6.89
18092	13699	8.85
13908	9292	3.65
17283	stop_345_268829	9.406666666666666
18056	stop_575_304119	13.871666666666666
stop_204_12629	stop_568_303239	11.354999999999999
17283	9904	9.241666666666667
13179	stop_225_36029	14.865
8359	12677	10.21
13587	stop_224_35919	11.298333333333334
17861	stop_273_46529	12.33
9740	12242	4.7266666666666675
12070	7471	11.098333333333333
13676	13094	17.676666666666666
7511	stop_222_35719	13.628333333333334
13001	12988	7.02
14141	13390	15.538333333333332
8137	stop_298_63039	11.81
7417	7395	9.908333333333333
13631	stop_219_32219	11.860000000000001
8669	8365	10.479999999999999
stop_189_7349	stop_202_12419	17.401666666666664
8608	stop_303_68129	8.173333333333334
12841	13036	16.406666666666666
13645	14082	6.255
18014	18017	3.8833333333333333
12594	stop_1489_127129	10.488333333333333
10210	10039	8.648333333333333
9688	10987	12.563333333333333
10466	10467	1.5516666666666665
13667	9549	11.651666666666667
12852	stop_306_71619	5.0616666666666665
7533	8708	6.7716666666666665
8780	8777	10.446666666666665
stop_335_260819	stop_568_303239	7.98
11804	11961	11.258333333333333
7805	7809	8.7
9926	stop_571_303729	10.358333333333333
18064	18065	14.528333333333334
stop_8_16	stop_245_40729	12.203333333333335
17919	17950	12.958333333333334
18017	18016	1.5066666666666668
18292	12900	7.35
10489	10460	4.321666666666667
17914	stop_246_40849	8.873333333333333
12880	stop_199_11229	11.603333333333333
17591	17478	1.675
18289	stop_1494_373129	10.254999999999999
18161	stop_276_56139	9.138333333333332
18024	8363	20.44333333333333
8798	7503	9.756666666666666
9139	12570	8.163333333333334
7402	17562	12.048333333333334
13900	13114	3.6883333333333335
12910	18312	9.823333333333332
9932	11742	11.406666666666666
13177	13186	1.6916666666666667
7893	stop_224_35929	1.0966666666666667
8090	stop_282_57529	13.591666666666667
11024	9629	10.993333333333334
8975	8974	3.115
18235	18234	1.595
8632	8097	3.3833333333333333
10313	stop_346_269019	6.166666666666667
17912	stop_575_304129	5.266666666666667
13722	stop_187_7129	11.629999999999999
10648	stop_226_36129	10.728333333333333
7804	stop_318_96019	12.646666666666667
13696	18312	2.683333333333333
8898	stop_203_12559	13.854999999999999
stop_189_7339	stop_1234_362119	11.935
12321	7962	8.725
7462	stop_202_12429	10.83
12037	12034	10.486666666666668
13225	13228	9.638333333333332
9549	stop_279_57129	13.181666666666667
10379	10401	0.5033333333333333
8791	9470	0.8916666666666667
11515	12871	8.088333333333333
9895	stop_255_42919	13.078333333333335
stop_189_7329	stop_204_12619	13.45
13131	8447	12.368333333333334
7412	7421	6.6066666666666665
10114	stop_306_71629	9.246666666666666
7509	7386	9.045
13492	17956	4.79
14045	13234	6.368333333333334
8018	stop_252_42029	12.998333333333333
11506	17626	11.47
7687	17815	7.878333333333333
7971	stop_330_254319	13.425
12137	12136	0.7966666666666666
10500	stop_272_46419	15.576666666666666
7420	7426	11.211666666666668
18004	18011	1.9933333333333332
7956	stop_255_42919	5.489999999999999
11118	11132	11.020000000000001
13687	10706	11.65
8636	7650	12.028333333333334
11474	13474	10.033333333333333
12907	stop_12_19	7.163333333333333
9120	11248	6.975
8537	10262	8.448333333333332
18328	8002	10.42
8097	stop_283_57619	13.575
10378	17398	21.748333333333335
13062	13664	10.571666666666665
9035	9034	2.268333333333333
12070	stop_322_117319	4.235
13329	10706	8.085
13058	stop_1_2	17.148333333333333
18244	12402	13.038333333333332
11913	stop_852_324249	6.541666666666667
12135	13300	15.34
12997	13005	4.5216666666666665
12139	11172	9.5
9895	7948	10.088333333333333
12962	17546	12.361666666666668
8021	7948	7.0600000000000005
8127	8075	1.215
12010	stop_782_314129	13.365
8089	12941	13.201666666666666
12352	stop_253_42319	13.661666666666667
10444	13637	11.978333333333333
13179	8103	6.6899999999999995
9878	stop_221_32529	8.25
7392	stop_1486_372419	7.42
8371	8328	9.331666666666667
12860	12915	15.823333333333332
10318	9967	12.805
12307	stop_217_32019	11.703333333333335
9429	13084	11.3
7515	13905	15.42
13302	10957	12.308333333333334
10262	12575	11.905
17546	17547	1.5583333333333333
10448	10596	15.546666666666665
7418	9916	11.696666666666665
11321	12840	12.301666666666668
12323	stop_13_26	12.821666666666665
12877	stop_207_12919	15.006666666666666
10037	10208	11.248333333333333
13664	stop_2_5	5.675
7822	stop_221_32529	12.520000000000001
10724	14130	9.095
12521	10465	7.383333333333334
stop_272_46429	stop_273_46519	7.0649999999999995
8923	18384	18.316666666666666
17541	17546	10.004999999999999
17760	stop_240_38219	8.628333333333334
9119	8361	11.013333333333332
12845	11311	13.618333333333334
8617	8618	0.6433333333333333
stop_321_115429	stop_386_285929	16.003333333333334
10164	stop_1488_3329	4.281666666666666
18055	stop_2_5	6.366666666666666
8635	13403	6.08
9644	10788	1.5833333333333333
stop_330_254329	stop_571_303729	9.433333333333334
7419	7416	8.731666666666666
8798	9167	4.22
12886	8616	10.253333333333334
10181	17599	16.721666666666668
11420	stop_240_38219	11.43
10561	10239	12.128333333333334
10849	13710	14.045
13699	17779	7.596666666666667
13075	10782	13.193333333333333
11472	13446	10.656666666666666
stop_5_10	stop_230_36519	7.138333333333334
9701	13021	6.3133333333333335
12999	stop_300_63419	12.938333333333333
12948	8404	4.645
7993	stop_243_39219	13.343333333333334
12888	stop_574_304039	14.85
9686	17827	0.7016666666666667
7572	13608	22.51833333333333
8015	stop_250_41819	12.120000000000001
11977	13042	15.025
12354	stop_257_43529	14.836666666666668
10855	12930	5.175
11970	12609	5.703333333333333
stop_1492_372619	stop_1494_373129	5.1866666666666665
9546	17507	18.990000000000002
12300	10209	13.535
12975	stop_246_40839	2.3183333333333334
12883	stop_199_11219	6.801666666666667
10188	10277	8.841666666666667
12931	stop_243_39219	15.253333333333334
10116	stop_305_71529	4.591666666666667
7371	9981	13.718333333333334
7432	12966	8.145
7448	7489	9.558333333333334
7983	stop_240_38229	5.23
13617	11741	16.915
7977	stop_571_303719	9.125
stop_575_304129	stop_1556_381029	8.29
18057	9118	7.036666666666666
17696	8925	11.398333333333333
8125	12926	12.221666666666666
11332	11438	8.086666666666666
9978	17951	4.363333333333333
18092	17778	16.946666666666665
11914	18003	19.426666666666666
8858	8859	2.0416666666666665
13660	stop_276_56129	11.106666666666666
8144	10108	8.915
10212	18309	13.788333333333332
17861	11741	13.818333333333333
7488	7458	11.013333333333332
stop_290_61019	stop_293_61329	14.591666666666667
10502	11748	7.341666666666667
13201	11158	11.520000000000001
13222	17179	5.766666666666667
10491	10455	13.370000000000001
8972	11638	12.141666666666667
13127	11182	13.611666666666668
8214	8781	7.175
7535	13188	9.978333333333333
13049	13657	10.068333333333333
10465	9814	13.911666666666667
18288	stop_202_12419	11.261666666666667
8381	12503	7.193333333333333
8098	8632	1.4633333333333334
17349	17346	0.8716666666666666
11603	17942	4.006666666666667
stop_311_82329	stop_318_96019	2.48
17576	stop_1494_373129	1.0566666666666666
stop_222_35739	stop_852_324219	8.438333333333334
12888	11515	6.928333333333333
12719	12966	11.161666666666667
7365	17588	10.286666666666667
12902	7957	7.806666666666667
8017	stop_250_41829	8.47
18367	18257	11.538333333333332
11951	stop_11_22	9.389999999999999
7399	8325	14.821666666666665
8801	7511	9.865
7983	stop_329_253919	10.275
13053	stop_202_12419	1.82
12134	13657	9.81
18274	stop_222_35739	12.145000000000001
10056	10053	12.58
12351	18306	13.575
11816	11809	9.729999999999999
13119	13839	9.715
18238	18237	4.885000000000001
9504	10136	9.379999999999999
8795	8791	8.326666666666666
stop_219_32229	stop_219_32239	0.8483333333333333
8245	10574	10.203333333333335
13071	13075	0.42833333333333334
12140	7396	11.53
8315	stop_276_56139	16.075
12304	8325	9.361666666666668
13644	10877	14.183333333333334
7519	13260	15.208333333333334
8709	17976	10.583333333333334
12326	stop_840_317519	7.886666666666667
13543	13544	5.258333333333334
10016	9923	13.676666666666668
11731	9061	10.685
18010	18004	10.721666666666666
stop_13_27	stop_252_42029	5.531666666666666
8478	stop_254_42429	4.451666666666667
stop_223_35819	stop_227_36219	5.875
13478	13482	12.736666666666668
8135	17957	11.666666666666666
8633	12316	6.076666666666667
7375	8326	13.31
9118	12323	11.756666666666666
18332	12319	13.665
7568	18271	7.038333333333333
17380	17376	10.775
12939	17830	13.638333333333332
7400	stop_186_7019	13.096666666666666
10991	stop_5_11	14.708333333333334
8899	stop_322_117319	12.256666666666666
12571	10323	10.135
13446	11332	10.301666666666668
10504	10444	6.875
8498	17782	8.113333333333333
8364	12377	8.403333333333332
8898	13722	13.311666666666667
11281	18258	28.025
12070	7512	7.298333333333333
11173	11171	3.8833333333333333
18310	8017	9.818333333333333
10352	10356	15.971666666666666
12022	stop_322_117319	7.1850000000000005
11321	13179	4.673333333333333
7780	9408	1.0166666666666666
9830	9831	1.9466666666666665
12992	stop_299_63219	8.996666666666666
12928	10855	9.986666666666668
12353	stop_330_254329	13.721666666666666
12940	stop_216_31929	5.441666666666666
10511	7968	16.541666666666668
9388	17272	7.7316666666666665
13414	12602	12.1
8260	9830	9.571666666666665
17566	17567	1.49
13329	13704	15.531666666666666
stop_187_7119	stop_570_303629	12.18
8130	18144	1.5450000000000002
13802	18272	8.610000000000001
7459	7448	11.056666666666667
8924	18385	14.438333333333333
8537	stop_239_37929	1.46
17539	stop_1490_366219	11.075
8305	17779	14.96
17825	11613	11.975
12563	9590	14.03
13065	8222	15.771666666666667
18030	8077	5.35
12853	stop_299_63229	9.271666666666667
17501	17697	9.925
17552	11251	3.7516666666666665
8906	stop_188_7219	13.133333333333333
12521	10116	13.776666666666667
8412	9544	12.381666666666666
12985	stop_314_92259	6.471666666666667
12310	17779	7.4366666666666665
11636	9044	10.665
13049	7509	11.095
10170	8147	6.625
13207	13239	10.121666666666666
10560	13177	7.473333333333333
13729	11175	11.004999999999999
10716	10065	6.071666666666667
12661	12669	4.178333333333333
8799	stop_574_304039	7.8983333333333325
17266	17273	3.5133333333333336
12134	7509	7.375
7407	12457	1.3533333333333333
14044	18369	8.81
18157	7880	8.253333333333334
7744	17973	16.478333333333335
8166	14142	6.573333333333333
8032	13695	8.078333333333333
18343	stop_320_105129	18.991666666666667
18291	stop_253_42329	10.856666666666666
7463	7447	9.761666666666667
9147	stop_250_41819	3.945
11945	12668	4.291666666666667
8419	18028	1.15
18336	13656	14.971666666666666
8192	10838	2.235
11507	stop_820_315829	10.606666666666666
13125	12020	7.261666666666667
9895	stop_12_20	10.091666666666667
11678	11661	21.84333333333333
11913	stop_204_12639	12.245000000000001
12144	7398	10.506666666666666
13081	12353	18.10666666666667
7439	17836	14.736666666666668
11639	13249	2.92
11432	stop_203_12539	4.59
12934	stop_342_268529	10.398333333333333
7444	17835	4.295
10849	stop_13_28	13.348333333333333
stop_284_57729	stop_957_333819	14.641666666666667
18286	17965	14.735000000000001
10123	13681	9.328333333333335
12908	stop_12_21	9.928333333333335
8799	11515	12.508333333333333
7379	18265	14.78
18053	10194	9.163333333333332
8168	13688	11.006666666666666
13037	stop_343_268619	10.831666666666667
9030	7495	6.995
12750	13844	27.033333333333335
8192	8539	10.788333333333332
18277	17379	13.431666666666667
17760	11729	14.746666666666666
12470	stop_321_115419	12.796666666666665
12900	10848	10.625
11812	11813	8.958333333333334
12984	stop_345_268829	11.561666666666667
17215	stop_1342_364629	6.995
8137	12853	13.471666666666666
stop_224_35919	stop_224_35929	1.2049999999999998
8415	14006	12.196666666666665
10108	stop_296_62329	11.733333333333333
10063	13049	13.828333333333335
stop_207_12919	stop_234_37019	15.498333333333333
stop_186_7029	stop_189_7339	8.988333333333333
12499	8613	15.856666666666666
18056	stop_1556_381029	15.086666666666668
12571	18150	5.433333333333334
12318	10849	9.418333333333333
7804	13631	10.491666666666667
stop_260_29	stop_261_45129	13.188333333333333
11248	stop_957_333819	12.813333333333333
12885	13063	7.25
7369	17538	8.32
12897	stop_571_303729	1.6033333333333333
stop_267_45929	stop_267_45939	2.315
9493	7744	11.388333333333332
12961	13034	8.78
18202	stop_257_43529	12.171666666666665
12594	stop_183_6119	9.181666666666667
7894	stop_1103_347119	8.828333333333335
12718	stop_1102_347029	10.343333333333334
10213	17379	14.110000000000001
9878	stop_1487_373629	11.111666666666668
12717	stop_222_35729	8.723333333333333
18256	18258	9.163333333333332
10234	10077	10.208333333333334
14073	18258	23.791666666666668
14082	14006	3.2083333333333335
13717	12677	1.2316666666666667
12995	stop_304_68219	7.868333333333334
stop_325_136019	stop_1487_373629	6.79
stop_250_41829	stop_313_86719	11.610000000000001
13304	13305	11.161666666666667
7720	10354	10.103333333333333
10080	11927	4.364999999999999
8266	11457	6.605
7822	stop_1487_373629	10.451666666666666
7366	18288	15.621666666666666
10356	13293	9.273333333333333
7818	stop_311_82329	7.0183333333333335
7398	7375	12.441666666666666
stop_208_13019	stop_574_304019	8.413333333333334
12915	12928	6.653333333333333
12851	stop_306_71629	9.375
9389	9386	6.086666666666667
13681	12415	4.965
13186	8363	13.511666666666667
12657	12659	10.225
9415	11583	6.7316666666666665
8381	10201	3.6366666666666663
12967	stop_216_31919	2.3216666666666668
12930	12964	1.8266666666666667
17547	stop_1489_127129	13.493333333333334
stop_187_7129	stop_189_7349	9.56
18232	7423	13.92
18367	17717	18.178333333333335
8405	7985	6.760000000000001
10482	11163	12.281666666666666
9904	10169	10.828333333333335
8108	12862	9.135
13586	stop_230_36549	15.046666666666665
13111	17816	10.768333333333334
18409	13978	13.72
13666	18161	11.981666666666666
8152	10509	18.151666666666664
11654	8278	5.756666666666666
18128	11475	8.57
17538	17537	1.2283333333333333
8975	11475	10.223333333333333
12875	stop_234_37029	0.6683333333333333
7490	8419	12.725
7804	stop_782_314119	13.793333333333333
12009	13722	11.870000000000001
8980	14066	12.041666666666666
13789	stop_575_304129	12.415
stop_12_19	stop_248_41329	7.1433333333333335
8475	7527	10.218333333333334
8804	8809	9.656666666666666
12964	stop_275_56019	6.383333333333334
17590	stop_1490_366229	1.6933333333333331
9549	stop_314_92249	11.181666666666667
12070	18244	0.9066666666666666
9918	stop_330_254319	7.508333333333334
7984	12355	9.236666666666668
8359	7894	13.848333333333333
9120	stop_282_57529	18.618333333333332
17775	12145	19.60666666666667
17560	10052	17.141666666666666
10096	8412	11.008333333333333
14049	10957	5.1899999999999995
13200	13238	17.103333333333335
13816	10550	13.893333333333334
10463	12582	8.418333333333333
13018	18080	13.291666666666666
10444	12346	6.328333333333333
stop_9_17	stop_253_42329	5.531666666666666
7744	12541	10.708333333333334
18029	stop_277_56729	10.836666666666668
8130	17958	2.44
13062	stop_2_4	8.058333333333334
8975	8301	7.553333333333333
8252	13474	12.038333333333332
9966	12556	6.913333333333333
13906	12961	13.385
8362	stop_213_31129	23.648333333333333
13062	10172	13.236666666666668
10668	10666	8.858333333333333
10560	stop_782_314129	10.639999999999999
18332	stop_13_26	1.0466666666666666
12966	9149	1.7566666666666668
stop_1280_364339	stop_1342_364619	7.213333333333334
7410	stop_188_7229	14.116666666666667
12305	18285	4.838333333333334
7999	12951	11.6
7481	stop_1493_373019	15.955
10070	18155	11.83
10559	11248	6.176666666666667
11009	7993	9.604999999999999
stop_221_32529	stop_223_35829	7.746666666666667
8584	10569	9.148333333333333
8229	13300	16.38
12975	12880	13.963333333333333
9910	10302	10.17
17586	12594	14.393333333333334
13616	13620	3.3800000000000003
8404	12951	11.481666666666666
18191	10607	12.158333333333333
9541	14130	12.525
7952	stop_253_42319	8.671666666666665
17586	17590	12.503333333333334
17561	8328	6.211666666666667
11508	12915	5.17
10200	8310	14.965
18294	13632	10.879999999999999
17271	12518	5.841666666666667
12876	12880	3.2766666666666664
8168	12546	15.091666666666667
8706	17600	79.01
stop_183_6129	stop_1486_372429	6.67
13813	9360	6.4816666666666665
9170	18239	12.118333333333334
7494	17834	6.54
7959	stop_342_268519	4.21
13669	7367	11.004999999999999
10125	12411	9.571666666666665
13687	8538	2.9766666666666666
12964	17959	11.146666666666667
9805	10352	12.518333333333334
10823	10898	3.0416666666666665
9147	8018	3.2800000000000002
10165	17590	9.796666666666665
8369	13687	1.5833333333333333
12353	17987	9.016666666666667
13718	stop_852_324249	3.7
7957	stop_9_18	5.966666666666667
11321	11311	5.211666666666667
13377	13361	12.718333333333334
12541	17974	8.35
stop_12_20	stop_12_21	2.5233333333333334
7964	stop_272_46429	16.904999999999998
7518	13533	13.833333333333334
18292	stop_13_27	2.2583333333333333
13908	13161	11.476666666666667
9167	7472	14.45
18285	12303	10.195
8212	8369	12.218333333333334
10052	17590	6.86
10244	stop_298_63029	3.075
9542	8616	12.256666666666666
12861	stop_345_268819	8.771666666666667
stop_222_35739	stop_224_35919	11.893333333333334
8230	11237	9.586666666666668
7450	13708	14.055
9815	9046	10.365
stop_227_36229	stop_230_36519	15.611666666666668
7894	stop_338_56919	12.995000000000001
11913	7432	10.773333333333333
9120	10559	8.604999999999999
9900	8115	8.316666666666666
12909	stop_571_303719	8.308333333333334
12594	stop_1491_372329	12.985000000000001
14166	13034	8.770000000000001
13152	8781	5.66
13667	17215	10.518333333333334
8217	18308	10.139999999999999
7930	8404	7.375
12888	stop_1556_381019	9.548333333333334
9978	stop_1556_381019	14.086666666666668
10355	13643	2.2800000000000002
8633	8632	7.97
12953	stop_241_38319	7.093333333333334
17919	17954	16.79
17588	17562	9.181666666666667
8520	9416	14.081666666666667
7929	stop_237_37729	11.196666666666665
11761	11760	0.9216666666666666
9138	17778	11.241666666666667
10235	11926	7.391666666666667
8361	13723	15.288333333333332
10294	10278	11.110000000000001
17614	17606	0.9066666666666666
9051	stop_230_36539	11.195
18024	8632	11.205
8798	7502	6.33
10165	stop_1494_373129	11.323333333333332
13177	8362	14.438333333333333
7893	stop_225_36029	6.466666666666667
18389	7957	11.745000000000001
13637	stop_303_68129	13.321666666666665
8077	12930	10.145000000000001
13485	stop_329_253919	12.78
8685	8684	0.375
12457	stop_568_303239	11.321666666666665
12898	stop_246_40839	11.925
10876	17270	4.3983333333333325
11589	11574	10.116666666666667
11551	11550	0.4716666666666667
8304	17929	6.83
8135	8584	2.21
8002	stop_243_39229	1.0533333333333335
8317	17247	7.383333333333334
10648	stop_230_36539	15.243333333333334
18335	17965	10.715
18234	9860	11.061666666666667
9973	9970	6.151666666666667
7969	18170	9.270000000000001
8390	10508	11.47
8898	stop_205_12719	7.319999999999999
8787	11474	12.868333333333334
stop_223_35829	stop_325_136029	8.628333333333334
8645	8221	19.34
stop_311_82329	stop_782_314119	4.510000000000001
stop_189_7329	stop_205_12729	9.993333333333334
18307	12545	8.57
13527	11734	6.295
7412	17774	9.601666666666667
7509	8373	12.636666666666667
17891	17965	10.075
8018	stop_254_42429	12.74
7964	18170	5.296666666666667
13180	stop_957_333829	1.2016666666666667
17541	17588	5.098333333333333
10086	10091	12.313333333333333
stop_292_61229	stop_293_61329	2.828333333333333
10500	stop_274_46619	17.111666666666668
12360	17682	12.854999999999999
7420	14166	12.878333333333334
8403	stop_329_253929	17.978333333333335
11731	11734	0.245
11612	8705	10.43
8980	8247	9.383333333333333
8706	12542	2.8449999999999998
12907	stop_13_25	12.295
12575	13482	31.735
13666	17956	12.55
9120	12940	9.198333333333332
stop_285_58419	stop_344_268719	7.261666666666667
13644	9714	9.906666666666666
17740	17737	7.1033333333333335
10200	10226	5.665
stop_338_56929	stop_339_62129	12.173333333333334
13050	13261	5.736666666666666
8002	7929	13.381666666666666
13408	8902	14.731666666666666
10233	17975	13.218333333333334
8358	12466	8.996666666666666
7820	stop_311_82329	2.6883333333333335
10760	10241	2.1383333333333336
8520	8576	12.008333333333333
11432	stop_852_324239	15.931666666666667
12962	17549	12.813333333333333
8127	11507	9.338333333333333
11713	17712	20.445
7454	12876	11.218333333333334
13533	7359	9.365
8018	8017	6.506666666666666
12574	12577	0.7633333333333333
12298	stop_1103_347129	8.485000000000001
9878	stop_223_35819	4.34
11612	8863	11.020000000000001
8027	13651	12.055
12856	stop_346_269029	1.5233333333333334
17540	17589	12.383333333333333
17546	8327	5.711666666666667
8769	12352	11.286666666666667
12407	13753	5.221666666666667
17585	stop_1490_366229	12.386666666666667
18235	17272	13.513333333333332
17414	17412	9.466666666666667
9026	10324	13.608333333333333
17891	stop_1488_3319	10.375
12856	10313	6.543333333333334
11281	17381	16.575
8236	8231	14.421666666666665
12306	7820	10.173333333333334
12899	8020	8.253333333333334
17538	17589	5.923333333333333
9119	8090	23.841666666666665
13639	12022	12.45
stop_1_2	stop_273_46519	10.873333333333333
9032	stop_328_253819	12.338333333333333
10164	stop_1490_366229	8.131666666666666
7472	stop_1234_362119	14.146666666666667
12942	12953	3.645
12466	12472	1.9583333333333333
17566	8617	10.528333333333334
9938	stop_272_46419	16.695
10078	10079	14.413333333333332
18367	14073	8.166666666666666
13899	13960	8.211666666666666
7419	7394	12.866666666666667
13133	13145	13.656666666666666
17478	12571	13.254999999999999
8123	12915	2.0316666666666667
12841	12854	6.681666666666667
stop_5_10	stop_232_36829	4.418333333333334
12594	stop_570_303629	11.718333333333334
12948	11008	10.138333333333332
stop_227_36219	stop_278_57029	12.1
13701	8305	10.413333333333332
17822	13362	12.055
11311	9899	9.514999999999999
stop_1486_372429	stop_1491_372329	7.618333333333334
7669	7668	10.520000000000001
stop_322_117329	stop_852_324219	7.819999999999999
12531	stop_320_105129	13.621666666666666
10855	13660	14.445
9035	stop_328_253829	6.983333333333333
8409	stop_237_37719	2.4949999999999997
12546	14013	11.643333333333334
17745	17748	11.095
12401	stop_335_260829	9.263333333333332
10468	8201	12.163333333333332
12931	stop_246_40819	6.8933333333333335
10116	stop_307_71829	11.31
7432	7434	12.403333333333334
13665	stop_277_56729	8.421666666666667
7448	7446	10.246666666666666
8979	11019	8.158333333333333
10274	9754	11.468333333333334
7983	stop_242_38829	4.505
13054	8631	20.461666666666666
10140	13675	11.308333333333334
13416	13414	0.5950000000000001
17567	18023	10.675
10354	10358	5.6466666666666665
8171	13688	13.653333333333334
7531	17970	1.15
13080	stop_214_31319	5.59
7505	17778	14.393333333333334
13186	7893	10.520000000000001
13025	stop_820_315829	2.0083333333333333
13042	stop_189_7329	12.555
14007	14008	2.356666666666667
10169	stop_289_58929	9.538333333333332
13037	stop_290_61019	10.393333333333334
stop_240_38219	stop_329_253929	12.321666666666665
stop_2_5	stop_1280_364329	10.431666666666667
8362	stop_284_57719	14.306666666666667
7993	12949	1.7349999999999999
8419	17583	3.4833333333333334
7828	14040	7.135000000000001
8972	13249	18.904999999999998
7500	stop_10_3	13.856666666666666
12070	stop_203_12529	11.348333333333333
stop_224_35949	stop_1103_347119	10.143333333333334
13718	stop_568_303219	5.5233333333333325
12984	stop_292_61229	4.316666666666666
13905	17908	14.975
9933	13626	9.586666666666668
17864	17868	2.058333333333333
8017	stop_253_42329	10.936666666666667
13715	stop_205_12719	10.756666666666666
13372	13354	6.55
10717	7515	8.391666666666667
8801	12959	5.083333333333333
7957	12353	14.6
13053	stop_203_12539	12.406666666666666
9965	10317	8.218333333333334
stop_219_32239	stop_1102_347029	7.996666666666667
stop_296_62319	stop_339_62119	9.596666666666666
9035	12356	6.381666666666666
13179	stop_214_31329	16.093333333333334
stop_219_32229	stop_222_35729	9.229999999999999
10612	stop_840_317519	14.718333333333334
12140	8374	9.604999999999999
18293	7970	4.430000000000001
17544	17964	11.735000000000001
13240	13218	0.3016666666666667
7511	stop_205_12719	3.815
12898	7946	8.343333333333334
7404	17561	8.51
10468	stop_841_317650	5.028333333333333
10166	13657	12.456666666666667
17390	17385	6.961666666666667
12314	17965	7.793333333333334
10223	10221	5.84
8970	11355	6.156666666666666
17722	17724	0.705
18370	18170	10.318333333333333
12545	14006	12.836666666666668
12402	stop_852_324219	10.91
17584	12405	11.428333333333335
7400	stop_187_7129	9.270000000000001
7811	12940	5.786666666666666
18288	13052	12.565
12070	13053	13.51
10090	10086	9.123333333333333
10602	stop_219_32229	12.806666666666667
12942	12357	9.51
8468	8504	12.398333333333333
17282	stop_1280_364329	14.171666666666665
13531	18366	1.41
7780	13346	13.991666666666667
11515	stop_208_13029	14.24
12992	stop_301_63719	13.108333333333333
stop_1494_373129	stop_1552_378519	9.828333333333335
13027	11136	12.986666666666668
12928	18029	12.245000000000001
12888	stop_233_36929	11.746666666666666
13016	8689	10.721666666666666
11355	11445	10.176666666666668
8361	stop_311_82329	16.035
12301	10330	7.15
12405	17458	6.08
13053	13052	0.7066666666666667
12881	stop_245_40719	1.1483333333333334
9942	13821	5.171666666666667
12940	stop_219_32229	8.338333333333333
7998	stop_241_38329	12.478333333333333
7392	17563	12.043333333333333
18335	17576	9.593333333333334
13664	stop_1280_364339	11.573333333333332
stop_276_56119	stop_424_287029	14.101666666666667
17566	7365	15.041666666666666
10387	17420	7.861666666666666
7885	stop_222_35739	8.385
12341	18073	4.905
12932	18295	8.336666666666666
7503	12310	15.504999999999999
10221	10546	8.389999999999999
18294	7965	5.671666666666667
7459	7439	12.876666666666667
13347	9529	19.15
8537	stop_241_38329	6.925
17891	17576	6.495
13819	10201	20.45
18055	stop_1280_364339	6.788333333333333
12457	stop_186_7019	5.443333333333333
stop_6_12	stop_246_40819	9.08
13631	stop_1487_373629	8.773333333333333
11020	11022	8.511666666666667
8251	9815	12.175
10924	10914	5.86
12904	7977	8.205
7516	7399	11.358333333333333
12987	13001	8.24
18161	13117	7.8100000000000005
11251	12570	14.405
11507	stop_275_56029	9.696666666666665
8739	17626	7.645
10560	8088	6.861666666666666
13706	stop_570_303619	4.641666666666667
7891	10602	4.071666666666667
8731	8733	9.171666666666665
8408	7928	11.389999999999999
8643	13686	12.595
13443	8526	7.701666666666667
9141	12980	8.438333333333334
stop_425_287129	stop_574_304029	12.731666666666666
12974	stop_245_40729	7.3
12312	7483	11.628333333333334
7971	stop_1_2	7.868333333333334
11727	13298	8.321666666666667
7931	stop_242_38819	9.9
9120	stop_318_96029	10.818333333333333
12870	17940	12.913333333333332
stop_245_40729	stop_246_40829	6.338333333333334
8021	stop_330_254329	13.84
7387	7390	10.026666666666667
18286	12314	9.356666666666666
12604	9890	3.6266666666666665
stop_187_7129	stop_322_117329	15.446666666666665
18092	7437	14.103333333333333
9899	stop_279_57139	5.048333333333333
7836	9866	12.495000000000001
17915	stop_245_40729	9.433333333333334
9492	13433	9.658333333333333
17910	stop_232_36829	4.343333333333334
7416	8372	14.101666666666667
7463	7483	7.6433333333333335
10574	9753	7.418333333333334
12718	stop_188_7229	9.558333333333334
12120	12556	12.371666666666666
13632	18370	16.176666666666666
9147	stop_253_42319	11.615
17830	stop_186_7029	5.348333333333333
12946	12950	8.38
11306	stop_283_57629	13.926666666666668
stop_291_61119	stop_292_61219	12.353333333333333
13695	stop_9_18	11.328333333333335
13634	8384	13.253333333333334
stop_568_303239	stop_1102_347019	13.678333333333335
11618	12588	5.321666666666667
9856	8790	9.095
10470	10544	4.086666666666667
13719	stop_820_315819	8.213333333333333
13899	stop_323_126219	9.006666666666666
7536	7532	0.9683333333333334
12144	18285	13.346666666666666
8095	stop_289_58919	9.233333333333333
8584	13760	5.39
11432	stop_204_12629	10.166666666666666
11571	18044	11.088333333333333
13675	12335	7.078333333333333
7512	17918	5.8516666666666675
18290	stop_328_253819	13.793333333333333
18159	12575	10.013333333333332
11567	13338	9.216666666666667
17774	13050	9.063333333333333
18170	stop_342_268519	9.139999999999999
12970	7893	1.6316666666666668
18009	18005	4.413333333333333
17724	11749	20.483333333333334
18025	stop_213_31139	7.641666666666667
stop_230_36519	stop_386_285929	3.0716666666666668
12908	stop_13_27	5.15
18248	18341	15.791666666666666
18346	8223	12.675
7534	10075	8.485000000000001
13357	13372	10.79
17918	stop_204_12639	5.59
18305	stop_952_331019	8.161666666666667
10245	10724	14.913333333333332
9451	10634	3.941666666666667
12022	stop_203_12529	8.078333333333333
18341	18256	11.433333333333334
10224	10046	6.0216666666666665
9941	10318	12.935
8163	8668	0.6983333333333334
13341	13340	6.963333333333334
18242	14153	14.476666666666667
7813	17908	13.413333333333332
9147	8015	11.915
12366	14082	3.0416666666666665
17956	stop_952_331019	10.488333333333333
stop_224_35919	stop_225_36029	5.558333333333334
14028	18265	14.635
10261	12416	10.504999999999999
13334	13332	13.021666666666667
9589	9583	7.171666666666667
13299	13095	28.009999999999998
12499	18362	14.491666666666667
17393	10386	9.354999999999999
13058	stop_342_268519	8.103333333333333
12571	17311	12.341666666666667
13186	stop_224_35919	9.061666666666667
13443	11333	15.986666666666668
13948	13930	17.363333333333333
13707	12303	10.254999999999999
17914	stop_199_11229	13.035
17706	17591	8.185
8362	13631	20.583333333333332
10136	10466	3.7233333333333336
12885	8238	14.083333333333334
17916	9978	5.6899999999999995
9022	9021	6.655
13142	8499	9.053333333333335
18290	9032	12.756666666666666
12938	17562	10.139999999999999
9490	stop_303_68119	10.09
10222	10260	10.016666666666667
8367	stop_1489_127119	11.668333333333333
13651	stop_13_28	8.67
13714	stop_222_35719	11.493333333333334
10234	10074	15.71
8899	13053	12.916666666666666
13208	13210	11.728333333333333
11654	18121	12.361666666666668
13663	stop_1342_364629	14.731666666666666
10700	stop_219_32219	7.783333333333333
13848	12744	9.83
stop_213_31139	stop_311_82329	13.055
12842	12846	9.178333333333335
12983	stop_314_92229	11.625
stop_189_7339	stop_322_117319	7.573333333333333
7366	7482	7.33
12915	13666	9.311666666666667
8604	stop_386_285929	4.461666666666667
18046	13774	10.903333333333334
17541	stop_1486_372439	8.635
12657	17346	12.533333333333333
12967	stop_219_32219	7.996666666666667
stop_222_35739	stop_568_303239	12.473333333333333
17547	stop_1491_372329	8.889999999999999
13705	17562	9.47
8335	7957	13.26
13740	7463	15.67
18146	7494	11.94
8229	10467	14.828333333333335
17538	10050	9.635
12348	12415	4.361666666666666
9021	9018	10.46
stop_291_61129	stop_314_92239	5.696666666666667
8138	stop_306_71619	13.531666666666666
8332	stop_241_38319	3.4383333333333335
7984	8398	23.775
18335	17706	12.566666666666666
17754	17756	8.323333333333332
14052	17711	10.578333333333335
12361	10511	8.675
7490	7494	9.101666666666667
stop_285_58419	stop_291_61119	15.648333333333333
8870	18016	10.458333333333334
stop_261_45119	stop_1076_317419	9.616666666666667
7805	stop_213_31119	2.1633333333333336
stop_223_35829	stop_852_324239	11.273333333333333
18202	17690	9.465
8338	stop_254_42429	9.053333333333335
8236	8365	8.411666666666667
8475	7535	10.526666666666667
12964	stop_276_56139	1.655
12568	8399	9.795
13616	stop_1_1	19.8
13945	13810	15.014999999999999
9045	11475	10.543333333333333
13660	13114	11.121666666666666
10262	stop_239_37919	9.26
10096	8145	14.925
stop_230_36539	stop_1103_347129	17.003333333333334
7965	12934	15.795
8088	stop_282_57529	5.1466666666666665
stop_9_17	stop_255_42929	11.195
7365	7480	12.963333333333333
8645	8364	12.585
7897	stop_279_57129	7.246666666666667
7420	17775	6.681666666666667
10000	17775	3.8116666666666665
7536	17971	15.868333333333334
7813	stop_782_314129	9.91
9139	10323	7.835
13117	17956	10.031666666666666
stop_314_92239	stop_1280_364359	11.46
8770	stop_1_1	13.263333333333332
9935	stop_1_1	6.626666666666667
12401	17830	8.185
8332	stop_329_253929	11.498333333333333
10154	12426	3.675
8362	stop_216_31919	13.285
12307	18274	13.729999999999999
7645	18011	2.765
12966	18288	12.848333333333333
8084	stop_279_57129	1.2433333333333332
13055	stop_207_12919	15.841666666666667
7811	stop_318_96029	13.028333333333334
10824	13855	11.4
18329	17541	13.205
11009	8298	7.025
stop_221_32529	stop_224_35949	5.611666666666666
12899	stop_252_42029	10.186666666666667
7804	13054	0.6433333333333333
12070	stop_852_324229	9.728333333333333
14053	17712	10.823333333333332
stop_1_1	stop_342_268519	10.745000000000001
17586	17546	8.908333333333333
10323	8305	14.571666666666665
stop_189_7329	stop_335_260819	4.423333333333333
12411	10543	11.281666666666666
12849	stop_291_61119	5.155
stop_297_62419	stop_298_63019	7.448333333333333
7952	stop_255_42919	5.951666666666667
11508	10855	5.75
7447	8296	14.145000000000001
13723	stop_221_32519	4.571666666666667
17271	10468	10.31
9050	stop_204_12619	6.611666666666666
10121	10223	6.711666666666667
8617	17589	11.021666666666667
10233	10234	0.9133333333333333
7494	8304	11.118333333333334
13061	12546	16.335
8032	stop_259_44929	15.295
8328	17713	9.771666666666667
17598	12541	75.99833333333332
7366	stop_1488_3319	13.479999999999999
10211	10594	15.853333333333333
12907	stop_313_86719	9.888333333333332
11106	17381	10.233333333333333
10487	13314	3.1766666666666667
11248	12967	1.26
8205	14127	13.388333333333332
11321	9899	13.886666666666667
stop_12_20	stop_13_27	13.261666666666667
18362	9874	7.578333333333333
18314	7948	8.581666666666667
9167	7505	5.916666666666667
11977	12719	7.0600000000000005
9435	9433	7.260000000000001
7500	18287	6.71
12899	7950	12.901666666666667
9490	14013	15.381666666666666
17916	stop_313_86719	12.001666666666667
12340	12358	8.218333333333334
8089	stop_221_32519	17.876666666666665
8169	8308	9.94
12949	13486	13.35
12466	12915	12.141666666666667
11433	stop_1234_362129	12.938333333333333
12367	10612	6.1466666666666665
9120	13177	16.046666666666667
13827	9831	7.536666666666666
18334	17501	5.141666666666667
12521	stop_307_71829	6.985
8634	10465	9.125
18329	stop_1491_372319	13.651666666666667
13706	stop_186_7029	14.04
8217	10133	13.8
13004	stop_302_67929	7.633333333333334
17589	stop_1488_3329	5.845
13471	9610	6.463333333333334
13617	13081	10.801666666666668
7365	stop_1488_3329	9.185
10454	10455	5.956666666666666
17942	11592	8.91
8631	8632	1.7950000000000002
18017	8858	6.655
8617	stop_1494_373119	9.395000000000001
13666	stop_276_56119	7.633333333333334
10001	7515	11.868333333333334
7929	stop_240_38219	5.841666666666667
11913	stop_187_7119	10.113333333333333
10480	10157	13.15
12719	11432	16.233333333333334
11334	11333	1.68
7590	13843	7.193333333333333
8372	8374	0.8516666666666667
8729	8732	8.013333333333334
8906	7434	12.47
12855	stop_289_58929	5.421666666666667
13607	13608	5.403333333333333
8077	13660	9.004999999999999
7956	17987	13.638333333333332
8327	17587	16.888333333333332
12898	stop_250_41819	7.37
10876	9388	19.808333333333334
11433	8604	11.205
9923	8768	12.94
10163	10591	9.143333333333334
18155	17778	13.481666666666666
stop_277_56729	stop_321_115419	11.621666666666666
11456	18100	0.47
12302	13657	12.133333333333333
18307	stop_840_317519	11.548333333333334
12898	18297	6.208333333333333
9505	stop_386_285919	12.543333333333333
17585	13705	2.705
7828	11713	14.088333333333333
13072	12233	11.455
13672	17957	12.998333333333333
17751	17754	11.451666666666666
12986	stop_314_92219	3.4066666666666667
9046	11636	5.8149999999999995
18332	8003	9.191666666666666
12355	stop_267_45929	16.793333333333333
11233	13716	13.118333333333334
7454	stop_6_13	12.126666666666667
13817	10135	9.3
10470	8241	21.578333333333333
7452	7500	1.2816666666666667
8118	stop_290_61019	11.53
12137	10203	10.856666666666666
7953	stop_254_42419	11.701666666666666
stop_314_92239	stop_343_268629	9.821666666666665
13018	17986	4.533333333333333
7394	12305	10.803333333333335
17760	18158	6.928333333333333
10594	18257	11.301666666666668
11800	11801	1.1616666666666666
18293	9935	13.351666666666667
8403	9926	10.791666666666666
12442	8699	11.004999999999999
17714	17715	16.081666666666667
18269	18268	1.6400000000000001
18064	stop_3_7	4.16
13375	8471	11.305
12717	stop_205_12729	9.956666666666667
12472	stop_316_94629	12.620000000000001
8002	8299	8.708333333333334
18336	18257	7.338333333333334
13329	12997	13.648333333333333
10448	10450	10.596666666666666
12306	7410	8.258333333333333
7500	12954	9.928333333333335
8822	8823	1.26
17892	9138	21.381666666666668
13629	7410	8.893333333333334
8353	8351	8.841666666666667
17941	stop_5_10	4.465
10172	stop_3_7	16.455
10158	12502	4.04
8224	8230	0.7733333333333333
8127	12928	16.331666666666667
17271	stop_1343_364729	1.24
12516	14006	5.2716666666666665
7454	17916	11.735000000000001
13852	13849	3.4
9878	stop_224_35939	11.988333333333333
13331	9889	16.061666666666667
17878	18237	14.223333333333333
12928	stop_339_62119	20.063333333333333
13017	9467	9.629999999999999
8902	13863	10.095
8115	stop_290_61029	0.9433333333333334
12952	7985	13.446666666666665
9932	17692	14.941666666666666
12022	stop_852_324229	6.79
7572	17720	9.003333333333334
stop_300_63429	stop_301_63729	3.7733333333333334
18244	stop_188_7219	13.133333333333333
7538	10233	7.760000000000001
7450	12357	9.445
12954	stop_239_37919	10.848333333333333
12719	stop_325_136029	11.231666666666666
12806	12808	0.16333333333333336
7392	7369	10.76
18289	9139	15.498333333333333
stop_289_58929	stop_346_269029	6.183333333333334
8632	13689	9.773333333333333
stop_314_92219	stop_361_282119	8.491666666666667
12950	7985	13.811666666666667
12354	stop_1_2	8.31
12404	17458	5.555000000000001
8248	9045	7.4366666666666665
13722	stop_219_32239	12.563333333333333
8147	13002	9.471666666666666
10164	stop_1492_372629	9.463333333333333
12466	12470	0.7533333333333334
8337	8336	4.093333333333333
12847	stop_343_268629	13.270000000000001
stop_245_40719	stop_313_86729	9.228333333333333
9689	9686	9.696666666666665
8614	9875	24.168333333333333
10078	10561	21.64333333333333
10028	11600	10.43
12936	stop_259_44929	8.828333333333335
7410	7426	2.131666666666667
stop_203_12529	stop_322_117329	12.116666666666667
10613	stop_302_67919	11.573333333333332
7459	12310	13.945
10445	10613	11.196666666666665
13061	10613	13.393333333333334
7434	stop_335_260819	12.158333333333333
stop_203_12539	stop_204_12629	7.54
18057	stop_1495_373519	7.223333333333333
8123	10855	10.416666666666666
18346	8366	12.721666666666666
13137	13145	15.121666666666666
9982	13731	24.723333333333336
9452	9461	10.786666666666667
stop_5_10	stop_234_37029	11.561666666666667
10451	13636	1.0633333333333332
7471	7905	11.801666666666668
7504	7459	6.173333333333333
13670	stop_425_287119	12.348333333333333
11311	12849	9.386666666666667
12958	stop_335_260819	7.7283333333333335
8311	17342	0.3516666666666667
11977	9149	4.278333333333333
10855	18144	9.795
stop_246_40839	stop_250_41819	14.653333333333334
12221	13754	6.8116666666666665
8409	stop_239_37929	11.216666666666667
17938	17953	8.3
12997	stop_302_67919	12.165
12923	7977	11.16
13752	9551	8.178333333333333
8710	stop_246_40819	6.5600000000000005
10490	10626	13.603333333333333
13617	10499	10.718333333333334
13688	14142	5.616666666666666
17218	18055	6.453333333333333
9120	stop_782_314129	10.351666666666667
13122	12017	14.451666666666666
8863	10766	7.925
12663	12661	12.198333333333332
13217	13240	8.295
7818	12967	14.341666666666667
8398	stop_330_254329	24.663333333333334
13080	stop_217_32019	14.088333333333333
10178	10179	8.373333333333333
stop_227_36219	stop_1102_347019	10.67
8398	7936	24.341666666666665
8371	17714	14.68
14007	18266	8.828333333333335
14013	14142	14.473333333333333
7969	stop_257_43519	11.628333333333334
13037	stop_292_61219	7.131666666666666
stop_204_12619	stop_204_12639	0.8183333333333334
11175	11446	12.21
9755	12017	10.923333333333334
9408	13348	10.701666666666666
stop_2_5	stop_1342_364629	11.796666666666665
7993	12951	5.614999999999999
12996	12366	10.701666666666666
8243	10473	10.691666666666666
8146	11169	4.7716666666666665
12502	8310	19.32
10375	10405	0.9016666666666667
9049	7908	10.295
8409	stop_328_253819	6.89
9909	9910	0.9466666666666667
13905	11079	11.025
10823	17858	11.346666666666666
12877	stop_232_36829	6.281666666666666
17864	8353	12.336666666666668
stop_259_44929	stop_331_254829	5.1066666666666665
7964	stop_257_43519	10.251666666666667
8296	7457	4.493333333333334
9487	9716	12.583333333333334
13077	12232	16.518333333333334
10096	10724	8.863333333333333
8439	8441	7.748333333333333
stop_219_32229	stop_224_35919	13.363333333333333
8898	11977	7.8116666666666665
9120	9119	1.5166666666666666
8169	13634	16.06
17951	stop_1556_381019	12.764999999999999
13314	13533	8.551666666666668
10716	12307	13.72
8118	8358	10.08
17537	17543	13.423333333333334
18028	17964	13.046666666666665
14021	14019	6.691666666666666
12898	8018	11.366666666666667
12897	18389	14.04
7404	7381	14.46
stop_216_31919	stop_226_36119	13.59
18314	stop_12_20	0.9266666666666666
8077	17955	16.541666666666668
13142	17781	11.458333333333334
7395	7398	12.360000000000001
8537	18159	10.229999999999999
stop_1_1	stop_267_45929	15.896666666666667
18064	stop_1280_364319	5.6
18357	11237	13.396666666666667
18293	10500	10.856666666666666
13023	stop_13_28	10.573333333333332
17218	stop_3_6	10.578333333333335
12868	stop_208_13019	8.411666666666667
8359	stop_338_56929	2.5166666666666666
8299	10848	4.616666666666666
12343	8414	4.891666666666667
10459	10221	12.121666666666666
11569	18038	8.158333333333333
10470	12415	8.41
stop_318_96029	stop_1487_373619	11.416666666666666
17561	stop_1489_127129	12.06
8373	7381	11.611666666666668
7371	7375	4.475
10497	13684	10.511666666666667
12364	12339	5.423333333333333
10123	12416	13.131666666666666
13531	8661	9.483333333333333
17690	stop_258_44219	8.38
stop_224_35939	stop_279_57129	13.08
13705	stop_1489_127119	8.18
18314	12909	13.773333333333333
7426	7430	10.028333333333334
13808	13931	12.653333333333334
stop_276_56139	stop_277_56719	13.721666666666666
10753	11354	6.175
10131	10467	16.801666666666666
13663	8238	13.256666666666666
stop_213_31119	stop_318_96029	14.110000000000001
12595	7375	14.703333333333335
7998	stop_243_39229	10.155
12881	13789	4.486666666666666
11214	17981	6.355
11509	stop_276_56139	11.43
7804	8362	21.551666666666666
12304	17562	12.491666666666667
8898	stop_187_7129	14.26
17566	17538	7.075
18292	stop_571_303729	12.815
13615	stop_273_46529	9.05
7885	stop_224_35929	12.295
17562	stop_1490_366219	11.313333333333333
9653	9652	1.4233333333333333
10083	13733	15.315
17585	17716	10.726666666666667
11515	11516	1.93
8089	stop_1487_373619	15.72
stop_318_96019	stop_318_96029	0.47333333333333333
7412	10717	2.1416666666666666
12457	stop_187_7129	1.9116666666666666
7726	11189	10.618333333333334
8206	10115	2.6550000000000002
13667	stop_314_92239	1.9383333333333332
13681	13094	16.878333333333334
17824	7386	3.6683333333333334
9119	stop_957_333829	15.945
11507	stop_277_56719	2.3033333333333332
17964	stop_1493_373019	6.4783333333333335
17310	13482	34.233333333333334
7386	18248	13.523333333333333
stop_225_36029	stop_279_57139	6.8
7430	stop_570_303619	11.195
7998	7929	11.098333333333333
12322	7993	13.686666666666667
13368	13366	6.161666666666666
14165	7407	7.5183333333333335
12974	stop_246_40849	2.14
11733	9061	10.781666666666666
7885	stop_311_82329	13.158333333333333
12312	8419	7.308333333333334
10371	17811	6.381666666666666
13820	14066	10.74
8197	8169	0.6566666666666666
12974	12907	8.816666666666666
12870	12877	16.575
7407	13715	11.565
13239	13225	16.33833333333333
7387	18329	9.229999999999999
8793	13168	13.818333333333333
13670	8296	12.996666666666666
8790	11475	13.51
10481	10227	7.858333333333333
8537	7929	9.438333333333333
13801	17376	15.096666666666666
17915	stop_246_40849	7.798333333333333
8020	stop_9_17	14.143333333333334
17910	stop_234_37029	11.396666666666667
7416	7387	10.148333333333333
18274	stop_335_260829	11.868333333333334
7463	8419	18.251666666666665
13338	9381	5.7266666666666675
8247	8790	15.47
13261	13532	9.476666666666667
12718	stop_189_7349	9.764999999999999
12377	12378	1.6916666666666667
8234	12378	7.661666666666666
17830	stop_188_7219	8.035
10151	12411	9.51
12946	11420	11.07
14041	8923	11.731666666666666
stop_241_38319	stop_328_253819	11.15
stop_291_61119	stop_294_61419	5.221666666666667
13695	stop_12_19	11.9
17824	10166	10.610000000000001
8144	9547	4.156666666666667
8098	stop_282_57529	14.911666666666667
11025	9629	12.641666666666667
13177	7894	14.228333333333333
9856	17695	9.186666666666667
11106	18272	12.286666666666667
10495	12375	12.023333333333333
12305	17546	9.856666666666666
12594	10052	10.883333333333333
8415	12546	11.743333333333334
18080	18079	2.4316666666666666
7536	10872	8.748333333333333
17876	8625	5.59
10299	10302	6.401666666666667
7811	stop_782_314129	6.9399999999999995
7396	17713	15.16
10188	10083	11.243333333333334
11432	stop_207_12919	11.365
9722	12378	14.468333333333334
10855	17958	10.898333333333333
8361	8103	8.393333333333334
17560	stop_1486_372419	1.2383333333333333
13063	14127	12.270000000000001
12939	8328	12.870000000000001
7360	10166	9.014999999999999
stop_189_7329	stop_1234_362119	11.661666666666667
9540	stop_314_92249	14.74
9923	stop_9_17	9.233333333333333
12970	12010	12.028333333333334
7931	7993	9.383333333333333
7379	17546	11.958333333333334
12861	stop_294_61419	17.90666666666667
8074	8127	9.521666666666667
stop_205_12719	stop_335_260829	7.206666666666666
13212	13216	0.5950000000000001
10779	10942	8.565
17811	10370	11.05
13701	13708	13.196666666666665
17918	stop_207_12929	10.888333333333332
12351	13637	8.493333333333334
17414	10392	10.091666666666667
12022	stop_204_12619	1.04
8163	12364	7.653333333333333
8436	8440	11.483333333333333
7449	8305	9.468333333333334
9147	7948	7.316666666666666
12904	stop_571_303719	0.92
10487	13535	8.285
10015	10016	1.3033333333333335
12746	7609	3.0716666666666668
12717	stop_1102_347019	9.718333333333334
10838	8538	11.528333333333334
12316	12317	0.8049999999999999
12945	12951	11.891666666666667
7390	stop_1486_372419	11.43
17762	7416	12.129999999999999
18295	13485	11.125
8003	13486	4.738333333333333
10491	10454	7.951666666666667
18241	14156	9.405
18285	17547	8.785
13186	stop_225_36019	13.020000000000001
stop_8_16	stop_199_11229	5.5649999999999995
17971	17973	11.068333333333333
9723	13664	7.868333333333334
12885	8201	12.438333333333333
17399	10423	2.9099999999999997
8327	stop_1486_372429	7.533333333333333
12961	8899	18.866666666666667
12936	stop_331_254829	12.153333333333334
18331	9661	8.8
stop_257_43519	stop_273_46529	13.648333333333333
17269	9388	8.478333333333333
8020	12911	13.860000000000001
17282	stop_344_268729	13.231666666666666
13900	13660	7.54
8125	8075	2.3066666666666666
13330	stop_303_68119	15.083333333333334
13052	stop_1234_362129	6.075
8340	8337	10.123333333333333
10413	17425	5.891666666666667
stop_6_12	stop_575_304129	7.13
10780	10988	3.455
10700	stop_221_32529	7.025
13695	7956	7.301666666666667
10016	stop_243_39219	13.968333333333334
10848	13486	13.238333333333333
10117	stop_305_71529	7.926666666666667
17876	9722	6.878333333333333
11554	13107	11.533333333333333
10502	11214	13.038333333333332
12915	12926	13.578333333333335
11909	stop_568_303219	1.475
10877	14013	14.316666666666666
9118	stop_246_40829	11.328333333333335
12717	9878	7.605
12967	stop_221_32529	13.071666666666665
7482	7488	12.988333333333333
17909	stop_230_36519	8.206666666666667
9118	12974	12.504999999999999
10549	10142	9.291666666666666
12719	11909	7.551666666666667
stop_204_12639	stop_852_324219	6.736666666666666
17586	17588	6.156666666666666
stop_219_32219	stop_325_136019	3.9733333333333336
18296	9895	8.503333333333334
10149	10123	6.083333333333333
12010	stop_224_35919	11.851666666666667
8441	11182	6.1899999999999995
13724	13696	6.158333333333333
8414	8168	8.973333333333333
11709	13203	14.963333333333333
9661	9675	10.843333333333334
8146	12852	12.623333333333333
18390	12901	14.983333333333333
14040	14053	1.3383333333333334
10848	13710	14.858333333333333
13632	11741	14.203333333333335
13718	stop_187_7119	13.233333333333333
stop_285_58419	stop_293_61319	10.79
12135	10482	12.466666666666667
13071	10782	13.556666666666667
7519	10346	8.648333333333333
13953	11505	6.13
12535	12441	36.39333333333333
7805	stop_214_31329	6.083333333333333
12996	18306	14.889999999999999
8475	7537	14.745000000000001
12568	8402	7.678333333333333
13327	12368	14.366666666666667
10052	17588	10.19
13231	13232	0.33666666666666667
7965	9932	15.411666666666667
8088	stop_284_57729	13.268333333333334
13005	9490	6.6016666666666675
12402	stop_568_303239	4.238333333333333
12962	12939	4.266666666666667
10000	13260	9.1
7536	17976	14.323333333333332
7413	7410	10.566666666666666
12905	9923	14.835
stop_216_31929	stop_219_32229	7.493333333333334
13738	18170	12.05
12401	12966	8.915
13615	11741	18.993333333333332
10632	10633	1.0316666666666667
8371	12304	7.0233333333333325
13198	11717	12.451666666666666
stop_221_32519	stop_325_136029	7.675
7542	8925	8.43
13634	8170	7.631666666666666
8027	12910	1.45
12920	8123	7.8533333333333335
13050	13531	12.136666666666667
11628	17896	1.0666666666666667
7424	stop_1487_373619	12.973333333333333
18150	10323	5.156666666666666
17959	stop_276_56139	12.8
7411	12940	11.785
10498	9533	6.376666666666667
13036	stop_285_58419	16.395
12893	stop_203_12549	8.446666666666667
17586	17549	9.243333333333334
13241	17179	5.488333333333333
10468	9814	14.248333333333333
7463	stop_202_12429	10.573333333333332
12849	stop_293_61319	15.448333333333332
7471	stop_5_10	13.118333333333334
12860	stop_339_62119	1.9
13819	9504	6.306666666666667
10184	10188	7.29
9050	stop_205_12729	9.501666666666667
11281	14029	9.148333333333333
11567	7734	5.3
13006	13032	0.018333333333333333
10194	10082	3.0283333333333333
18030	8125	13.533333333333333
10487	10241	9.08
stop_1492_372629	stop_1493_373029	6.211666666666667
11248	12941	4.8133333333333335
12367	13704	8.19
12717	stop_335_260819	5.0616666666666665
8147	stop_299_63229	11.656666666666666
7646	7650	4.7
18234	17266	12.806666666666667
12719	stop_852_324239	2.0466666666666664
13417	13408	0.02666666666666667
8301	13474	12.741666666666667
13036	stop_1280_364339	12.123333333333333
10452	10458	12.461666666666668
7928	stop_239_37929	7.61
18049	13544	6.588333333333334
12899	8017	8.565
12340	8614	10.313333333333333
12672	12235	12.18
stop_222_35739	stop_227_36219	9.498333333333333
13207	10665	10.308333333333334
10050	18283	4.6033333333333335
8206	stop_307_71829	8.33
14127	8615	5.1483333333333325
7636	7632	2.9566666666666666
12932	12319	10.216666666666667
12923	7971	13.876666666666667
12910	8336	13.511666666666667
10209	11234	10.866666666666667
10503	13329	15.093333333333334
13906	stop_570_303619	13.046666666666665
9049	stop_5_11	11.861666666666668
7434	stop_1234_362119	12.211666666666668
12987	stop_339_62129	10.048333333333334
8241	13153	12.59
8634	8210	9.78
13849	7609	10.35
8537	17760	4.9350000000000005
18299	13440	19.428333333333335
18296	13695	10.8
8301	8980	4.275
13004	stop_304_68229	11.303333333333335
12302	9980	15.013333333333332
12567	12568	0.030000000000000002
7430	stop_186_7029	6.358333333333333
12970	stop_225_36019	5.631666666666666
7365	stop_1490_366229	10.663333333333332
13617	17884	4.586666666666667
12958	stop_1234_362119	4.8149999999999995
12875	stop_425_287129	11.006666666666666
11321	12970	14.818333333333333
13951	12488	5.183333333333334
10716	stop_196_8719	14.1
18306	14142	14.018333333333334
13674	8232	10.851666666666667
10001	7418	9.001666666666667
12901	13695	4.575
18144	8135	11.176666666666668
11913	stop_189_7319	11.15
17566	stop_1493_373029	0.9383333333333332
10480	10200	6.8100000000000005
12144	7385	11.729999999999999
12355	stop_9_18	14.270000000000001
13410	9501	6.241666666666666
7437	7448	9.656666666666666
8236	13713	16.118333333333332
13180	stop_283_57629	9.511666666666667
9981	17718	20.373333333333335
18320	18286	8.225
18283	10048	3.9166666666666665
8077	18144	2.691666666666667
7905	stop_227_36229	15.610000000000001
stop_279_57129	stop_280_57229	5.055000000000001
11433	17941	15.221666666666666
9923	12352	13.868333333333334
10163	18342	8.701666666666666
17716	stop_1491_372319	11.986666666666668
18028	17836	10.008333333333333
18155	7444	10.288333333333332
7471	17918	2.0166666666666666
10145	10151	13.023333333333333
stop_289_58919	stop_289_58929	1.0883333333333334
11251	17697	9.226666666666667
10124	13681	6.176666666666667
11591	11592	0.7200000000000001
13445	17877	6.971666666666667
12986	stop_314_92259	5.405
18332	7946	10.053333333333335
12953	12949	13.51
12355	stop_273_46519	18.65
7828	8924	5.183333333333334
12545	13688	5.14
7452	7931	11.295
10113	13668	8.628333333333334
14043	14046	10.511666666666667
10560	7893	15.163333333333332
11808	11810	17.066666666666666
12516	12350	7.95
7648	13791	10.081666666666667
7421	7413	1.49
stop_361_282119	stop_1280_364329	4.5
13062	stop_1342_364629	17.058333333333334
12852	12853	5.088333333333334
11729	18387	15.456666666666667
13689	stop_214_31319	22.081666666666667
18321	7482	7.513333333333334
18004	10856	14.643333333333334
12897	8021	12.828333333333335
8065	8057	10.81
8002	10848	8.375
8608	stop_334_258219	11.771666666666667
8408	stop_10_3	11.705
7500	12946	13.066666666666666
8822	8827	12.775
stop_232_36829	stop_234_37019	8.338333333333333
8353	13673	11.658333333333333
7683	13333	11.653333333333334
7962	stop_342_268529	11.345
9595	9596	0.08333333333333333
13706	12595	7.42
17834	7495	11.133333333333333
17561	stop_183_6119	7.625
12878	stop_208_13029	14.185
13492	13666	7.79
10877	13678	11.215
17680	17690	4.026666666666666
18292	9147	7.638333333333334
17540	17561	9.251666666666667
12908	stop_571_303729	14.979999999999999
18335	stop_1492_372619	5.631666666666666
10856	11449	0.59
stop_221_32519	stop_1487_373619	13.628333333333334
stop_278_57019	stop_279_57129	8.995000000000001
10496	10354	14.903333333333334
13717	stop_338_56929	7.91
17546	7368	13.713333333333333
7368	stop_1486_372439	14.235000000000001
18244	stop_189_7339	7.47
11803	13006	11.363333333333333
8298	stop_241_38329	12.051666666666668
7520	18232	12.848333333333333
17891	stop_1492_372619	0.25166666666666665
11548	13104	8.373333333333333
9654	18331	10.264999999999999
13036	stop_343_268619	12.24
17267	11335	12.853333333333333
7375	stop_1489_127129	13.110000000000001
8801	stop_568_303239	14.636666666666667
13929	13931	7.126666666666667
10065	7423	6.556666666666667
9878	10602	4.995
13722	stop_222_35729	12.146666666666667
8147	12992	14.729999999999999
12009	12940	11.981666666666666
9166	13670	12.08
8337	8478	5.433333333333334
12518	stop_1343_364719	5.705
12936	stop_261_45129	11.495000000000001
13789	12323	10.45
7410	14166	5.17
7908	7512	17.06833333333333
8000	12948	12.198333333333332
stop_234_37019	stop_234_37029	0.9466666666666667
11663	10723	12.53
13333	13334	0.9216666666666666
stop_318_96019	stop_782_314129	5.736666666666666
17215	17245	3.8
stop_203_12539	stop_207_12919	10.998333333333333
8123	18029	10.838333333333333
17330	8970	3.0083333333333333
9452	9465	9.813333333333333
8616	stop_1343_364729	10.601666666666667
13025	stop_277_56719	11.335
12342	17691	13.136666666666667
12635	12738	6.471666666666667
12920	stop_277_56719	7.14
stop_13_28	stop_248_41329	11.356666666666666
7471	17910	12.32
18144	stop_275_56019	13.848333333333333
7951	8335	14.073333333333332
18159	stop_239_37919	11.041666666666666
13445	9170	7.194999999999999
17420	17412	2.3466666666666667
18294	12355	18.256666666666668
10353	10356	5.933333333333334
8326	stop_570_303619	9.503333333333334
7669	8387	32.913333333333334
10262	7874	11.046666666666665
10700	stop_1487_373629	10.6
8358	stop_279_57139	9.886666666666667
10630	12980	15.801666666666668
12869	stop_574_304029	7.406666666666666
13346	9529	13.251666666666667
8409	stop_241_38329	5.505
9166	8296	7.7716666666666665
17611	17610	8.295
12997	stop_304_68219	8.098333333333333
12998	12999	3.0300000000000002
18288	stop_570_303629	20.41
12402	stop_186_7019	12.115
17274	17272	5.455
13944	13943	0.21833333333333332
12967	stop_1487_373629	9.965
stop_222_35729	stop_852_324249	8.741666666666667
7818	12941	10.923333333333334
8336	12902	7.845
7531	7536	10.795
10717	13629	4.221666666666667
9416	11583	7.25
12846	stop_285_58429	0.7433333333333334
7505	8296	9.004999999999999
17544	7441	15.698333333333332
13186	11248	12.45
7411	stop_318_96029	12.341666666666667
7717	18044	11.715
13373	13372	1.355
13034	stop_570_303619	8.441666666666666
13720	stop_283_57619	11.618333333333334
8195	13004	10.955
13081	17861	12.426666666666668
8161	10569	0.6466666666666666
13539	17718	16.526666666666667
12959	stop_203_12529	9.163333333333332
13037	stop_294_61419	8.656666666666666
12970	stop_279_57139	12.26
12470	stop_277_56729	12.585
12314	10070	8.518333333333334
8922	13478	6.836666666666667
13696	stop_253_42319	7.116666666666666
13669	17590	12.676666666666668
9049	17940	14.081666666666667
17545	18335	14.275
11311	7894	14.993333333333334
12877	stop_234_37029	3.49
12545	12546	1.135
17794	9851	3.0083333333333333
17310	12573	39.473333333333336
8526	18242	5.078333333333333
13444	18240	11.118333333333334
8015	stop_13_27	13.28
18144	17959	3.0949999999999998
12868	stop_574_304039	3.0949999999999998
13179	stop_221_32519	13.621666666666666
11733	17303	17.485
13159	10907	9.141666666666667
stop_205_12719	stop_1234_362129	5.465
9120	13080	5.991666666666666
8169	14141	5.921666666666667
9980	18256	9.953333333333335
14046	10957	4.680000000000001
12375	12126	8.306666666666667
10716	9916	12.095
17537	8618	7.318333333333333
12718	stop_322_117329	7.861666666666666
7404	7366	10.008333333333333
8077	17958	3.796666666666667
9723	stop_2_4	4.2733333333333325
stop_344_268729	stop_345_268829	8.45
11721	11722	8.081666666666667
12719	stop_204_12629	6.088333333333334
8146	8616	9.47
8398	13632	7.276666666666667
18064	stop_1342_364619	12.038333333333332
10170	stop_296_62319	13.308333333333334
13972	13974	5.628333333333333
14053	8934	12.136666666666667
8104	stop_213_31139	23.026666666666664
10898	17858	8.306666666666667
8170	13677	13.843333333333334
stop_188_7219	stop_189_7329	8.998333333333333
10459	10489	6.491666666666666
12988	stop_300_63429	9.488333333333333
7398	18285	8.923333333333334
7441	18155	12.793333333333333
11977	12959	7.61
7386	13640	12.085
12929	stop_952_331019	8.173333333333334
10083	10090	22.470000000000002
stop_189_7319	stop_568_303219	10.198333333333332
9900	stop_225_36019	10.975
12923	stop_571_303719	9.08
17561	stop_1491_372329	7.456666666666666
13212	11700	15.555
9860	18238	9.44
17940	stop_208_13019	12.03
14028	17378	12.093333333333334
12851	10245	7.205
8124	8128	13.566666666666666
17911	stop_1556_381019	8.921666666666665
stop_239_37929	stop_241_38319	6.141666666666667
8310	8311	0.6316666666666666
12355	12353	4.98
18293	13632	9.92
7984	8770	1.7516666666666665
7426	13042	11.886666666666667
stop_5_10	stop_386_285929	4.335
8164	18362	8.785
13643	10353	10.488333333333333
10560	stop_224_35919	13.943333333333333
12595	7367	10.861666666666668
10648	stop_222_35719	9.528333333333334
10081	stop_1487_373619	7.7716666666666665
10498	17507	8.58
8898	stop_189_7329	4.71
17912	9978	8.611666666666668
stop_189_7339	stop_852_324229	9.493333333333334
8214	8779	6.016666666666667
9169	11433	9.143333333333334
13928	13929	13.243333333333334
stop_189_7329	stop_189_7339	1.0799999999999998
7412	10063	9.466666666666667
13010	11809	25.303333333333335
17543	17591	9.28
12325	13390	15.495000000000001
8095	17247	0.9299999999999999
11969	18015	4.968333333333334
stop_425_287119	stop_574_304019	12.610000000000001
stop_219_32219	stop_852_324229	14.683333333333334
17941	12878	5.108333333333333
7379	17588	13.245000000000001
stop_226_36119	stop_325_136029	13.893333333333334
10849	stop_252_42019	8.889999999999999
8229	10482	13.506666666666666
12952	stop_329_253929	13.273333333333333
stop_202_12429	stop_205_12729	6.821666666666667
stop_241_38319	stop_241_38329	0.7483333333333333
7423	17774	15.22
17824	8373	9.073333333333332
9149	18288	11.968333333333334
10560	stop_311_82319	13.641666666666667
8219	8522	1.3116666666666668
stop_13_25	stop_248_41319	13.161666666666667
12322	8298	7.966666666666667
14165	13034	8.178333333333333
12950	stop_329_253929	4.66
7950	8769	13.611666666666668
13054	stop_282_57519	23.423333333333336
17545	7482	11.481666666666666
8240	stop_841_317619	13.75
12934	stop_258_44219	15.233333333333333
12409	10127	6.991666666666666
17690	17691	6.739999999999999
stop_284_57729	stop_285_58419	8.966666666666667
7817	7520	11.875
17587	17562	9.22
12010	stop_568_303239	11.416666666666666
8247	17695	13.518333333333334
10091	10278	12.128333333333334
9170	18237	2.435
12367	12368	3.2583333333333333
10873	8580	5.866666666666666
8522	10171	5.433333333333334
17659	17658	1.2016666666666667
18225	13553	8.636666666666667
13906	13706	17.395
17830	stop_189_7339	11.995000000000001
10849	18310	6.508333333333334
11306	stop_290_61029	11.453333333333335
10015	stop_13_25	6.133333333333334
13950	13949	0.42833333333333334
7496	17928	4.901666666666667
7515	7419	4.121666666666667
7441	stop_1492_372629	17.608333333333334
stop_3_7	stop_1280_364339	10.781666666666666
7460	7503	6.598333333333333
12305	17549	9.665
stop_225_36029	stop_1103_347129	9.198333333333332
stop_277_56719	stop_339_62129	15.506666666666666
7822	stop_213_31129	11.178333333333335
17868	10492	6.641666666666667
8195	stop_334_258229	11.261666666666667
8899	stop_205_12729	12.773333333333333
11106	14029	13.46
7931	8298	13.295
7379	17549	11.566666666666666
13153	13300	8.413333333333334
10298	12426	15.098333333333333
12983	13667	11.023333333333333
18017	13957	18.751666666666665
10401	17412	12.148333333333333
18162	12562	5.155
12022	stop_205_12729	4.286666666666666
13806	13928	15.588333333333333
12346	10612	5.105
stop_293_61319	stop_344_268729	10.123333333333333
10085	10091	16.136666666666667
13170	13169	11.798333333333334
10559	stop_219_32239	11.504999999999999
8512	13360	3.9683333333333333
8801	stop_186_7019	12.686666666666667
10449	10596	6.9766666666666675
10015	12897	8.088333333333333
11611	8705	10.618333333333334
10055	8617	6.33
12717	stop_1234_362119	13.161666666666667
10236	10079	3.6566666666666667
12943	18290	14.235000000000001
12987	8315	4.735
13539	17381	13.263333333333332
12900	stop_13_26	8.115
14048	11718	19.275
12989	stop_298_63019	8.678333333333335
12718	12022	7.0
18285	8327	2.146666666666667
12954	12945	8.193333333333333
17218	stop_1280_364359	2.3633333333333337
10543	12348	13.948333333333332
13214	13223	9.288333333333332
12941	stop_213_31139	14.173333333333334
12988	12993	9.571666666666665
8667	11724	16.703333333333333
9860	11334	10.003333333333334
7399	7394	0.975
stop_1489_127129	stop_1491_372329	5.901666666666667
8125	11507	11.99
12926	13660	10.098333333333333
11311	stop_224_35949	17.273333333333333
17546	stop_1491_372319	9.121666666666666
18348	12586	17.5
10039	10040	8.175
7505	13740	1.6666666666666667
stop_225_36019	stop_278_57019	13.81
12957	stop_237_37719	11.646666666666667
10700	stop_223_35819	4.138333333333334
17545	stop_1488_3319	5.67
stop_237_37729	stop_240_38229	8.796666666666665
stop_252_42029	stop_571_303719	7.593333333333334
7802	7817	15.096666666666666
18289	17577	9.611666666666668
8787	8951	3.26
8367	18023	4.545
18288	stop_186_7039	12.055
17541	stop_1490_366229	11.533333333333333
12516	stop_302_67929	4.38
18332	stop_250_41819	6.383333333333334
8350	18363	11.24
7482	18028	9.431666666666667
7489	17778	10.321666666666665
8268	11456	15.22
13714	10700	12.686666666666667
12332	12333	12.238333333333333
12719	12401	11.693333333333333
7965	13058	1.8816666666666668
12905	stop_257_43519	13.721666666666666
stop_243_39229	stop_329_253929	9.016666666666667
9119	7822	5.23
8618	17577	9.306666666666667
10149	12328	9.058333333333334
7360	13680	10.908333333333333
9630	9632	9.725
7444	17583	7.915
7529	7531	7.701666666666667
13360	17821	8.19
18248	14073	9.458333333333334
7983	11009	5.203333333333333
13661	13960	8.16
13533	13656	10.641666666666667
18225	10062	9.791666666666666
7511	stop_189_7329	13.701666666666666
11769	8539	3.4766666666666666
13693	stop_276_56119	13.401666666666667
17909	7910	6.868333333333334
8739	13953	13.838333333333333
8222	8233	13.406666666666666
stop_223_35829	stop_1102_347029	6.27
stop_13_27	stop_243_39229	10.4
10082	18190	7.298333333333333
8361	stop_214_31329	10.903333333333334
12568	9918	16.121666666666666
13327	12997	12.838333333333333
10064	17765	9.041666666666666
13746	18320	8.516666666666667
17715	7568	10.263333333333332
stop_322_117319	stop_852_324219	9.536666666666667
18332	10849	13.498333333333333
9723	8523	9.92
9895	7946	12.014999999999999
7480	12309	7.911666666666666
11008	8299	8.076666666666666
12516	13688	15.813333333333333
13632	stop_258_44219	14.993333333333334
7959	stop_257_43529	2.2150000000000003
stop_243_39219	stop_252_42019	13.479999999999999
8371	12302	5.328333333333333
11955	7502	11.296666666666665
18296	stop_12_24	2.0566666666666666
13723	stop_957_333829	9.918333333333333
8233	8234	6.473333333333333
17686	17687	1.6666666666666667
13808	13815	4.575
8332	12949	7.58
11977	stop_852_324219	6.316666666666666
12959	stop_852_324229	11.33
stop_297_62429	stop_424_287019	12.198333333333332
13701	12357	8.586666666666668
13050	13534	13.013333333333332
12472	stop_820_315829	1.7883333333333333
12917	stop_323_126229	0.7216666666666666
12343	stop_840_317519	7.683333333333334
18150	7495	14.879999999999999
17778	7449	10.241666666666667
8636	8508	3.5933333333333333
7411	17908	6.975
11192	11188	9.481666666666666
8471	9380	7.0616666666666665
10498	9545	11.860000000000001
13036	stop_290_61019	10.91
12901	stop_12_24	8.808333333333334
9372	9371	0.685
10210	10199	14.865
stop_2_4	stop_1280_364329	8.9
13628	17561	7.548333333333333
13706	8325	6.691666666666666
12983	stop_343_268629	0.6083333333333333
18294	stop_274_46619	17.091666666666665
8604	stop_1103_347119	14.676666666666668
13186	12845	13.208333333333334
13650	17868	8.79
12966	stop_205_12719	11.663333333333332
stop_186_7039	stop_188_7219	10.351666666666667
11539	11538	0.185
13819	12141	17.685
12854	12984	4.6
8668	13673	1.9116666666666666
17560	17563	4.555000000000001
7555	11709	11.655
17387	10387	11.74
12320	7962	10.085
stop_203_12519	stop_230_36549	12.885
10353	13733	28.196666666666665
12962	7407	9.479999999999999
18234	17274	8.693333333333333
8182	10613	11.54
12855	10169	9.229999999999999
8293	12836	10.185
stop_189_7339	stop_204_12619	13.723333333333333
8645	stop_11_23	10.638333333333332
10427	13439	11.488333333333333
7928	stop_241_38329	6.385000000000001
9847	8504	4.17
13906	17830	4.718333333333334
17394	17389	19.128333333333334
17765	7399	16.15
13204	13205	5.941666666666666
12910	8478	11.46
13177	stop_226_36129	7.111666666666666
7395	stop_187_7129	11.091666666666667
7390	17563	13.895000000000001
8128	stop_275_56029	10.913333333333332
11336	14151	13.51
17546	stop_570_303619	13.143333333333334
8192	stop_301_63729	13.103333333333333
8537	7928	7.59
9139	12310	13.020000000000001
7416	7399	4.855
7596	13845	12.653333333333334
13330	10706	8.483333333333333
13310	13298	0.8116666666666668
12970	stop_227_36219	6.321666666666667
13126	10723	12.766666666666667
18276	11106	1.3916666666666666
8075	stop_275_56019	15.053333333333335
stop_1494_373119	stop_1552_378519	9.451666666666666
13731	7969	5.588333333333334
11321	7894	17.975
13674	10550	9.431666666666667
11354	11445	9.611666666666668
12901	18079	14.336666666666668
13749	18055	10.301666666666668
12144	8372	7.944999999999999
12457	8899	11.741666666666667
7437	7439	7.243333333333334
7439	7483	1.9716666666666667
12318	stop_242_38819	13.896666666666667
12883	12881	1.6066666666666667
11658	11659	1.195
8899	stop_186_7029	9.176666666666668
7566	11213	16.711666666666666
10095	10724	9.845
7458	12310	15.096666666666666
7905	stop_232_36819	10.841666666666667
18293	7965	5.471666666666667
10109	10095	1.1416666666666666
7411	stop_782_314129	10.821666666666665
stop_203_12559	stop_852_324249	12.866666666666667
8296	stop_574_304029	13.833333333333334
17591	10070	17.313333333333333
8161	13760	14.2
17576	17577	0.7183333333333334
10145	12335	4.760000000000001
12850	10724	13.743333333333334
18103	18120	9.521666666666667
7494	17779	3.921666666666667
12911	stop_9_17	11.991666666666667
12900	7977	16.978333333333335
13645	12326	10.854999999999999
10264	10507	7.095
18332	8018	12.956666666666667
7472	stop_203_12529	13.388333333333332
10560	12010	15.25
13001	stop_296_62319	9.668333333333333
12943	9032	12.78
13851	17813	14.798333333333334
7421	17762	4.911666666666666
10648	12970	6.448333333333333
9470	8789	9.453333333333335
12318	7936	14.585
stop_5_11	stop_230_36519	7.861666666666666
8898	12719	13.44
17706	17544	15.951666666666666
8075	17959	15.695
9700	13021	7.2283333333333335
11571	11570	7.638333333333334
8223	8224	6.6883333333333335
stop_361_282119	stop_1342_364629	12.06
8403	12951	17.746666666666666
8373	7390	11.33
18321	12314	11.49
7951	stop_9_18	5.041666666666667
10139	stop_841_317639	13.028333333333334
7908	stop_203_12529	11.275
7950	stop_9_18	13.621666666666666
11136	13026	8.088333333333333
7396	12303	2.865
12881	stop_199_11219	7.663333333333333
12305	stop_1486_372439	11.178333333333335
7961	18370	15.118333333333334
8492	8493	0.058333333333333334
10700	stop_204_12639	14.368333333333334
10465	8238	6.458333333333333
12403	12053	7.194999999999999
8613	13398	7.206666666666666
13152	8779	11.646666666666667
12902	stop_9_18	11.44
11701	10940	11.526666666666667
stop_300_63419	stop_301_63719	4.283333333333333
18239	14153	6.776666666666667
7398	12594	13.965
13802	13811	1.5016666666666665
13661	stop_323_126219	7.923333333333333
17958	stop_323_126229	4.27
7441	17835	11.093333333333334
12851	stop_300_63429	11.365
7483	17964	17.583333333333332
7379	stop_1486_372439	12.181666666666667
10075	10074	0.385
8336	stop_12_21	13.31
18292	18389	12.191666666666666
17540	7381	7.723333333333333
17664	17666	10.601666666666667
7402	17560	8.986666666666668
stop_204_12639	stop_568_303239	12.108333333333333
13728	10121	8.811666666666667
17537	stop_1492_372619	11.29
12303	7379	10.51
13180	13183	1.2349999999999999
13376	13375	1.065
13586	stop_224_35919	11.093333333333334
17831	8342	5.091666666666667
13177	8630	9.520000000000001
7512	stop_222_35719	12.333333333333334
8298	stop_243_39229	9.825
17908	stop_219_32219	13.285
7999	stop_241_38319	14.488333333333333
7375	stop_1491_372329	8.491666666666667
13695	7957	5.766666666666667
13444	13446	12.49
18234	11336	12.055
11741	stop_258_44219	7.7683333333333335
12343	14082	3.4133333333333336
10123	13095	7.65
7710	12037	6.326666666666667
8337	13696	10.428333333333335
12324	10379	17.136666666666667
9689	10987	12.326666666666666
10544	11681	12.445
13789	9978	10.771666666666667
10115	stop_306_71619	6.59
8404	stop_241_38319	5.430000000000001
8781	8777	10.854999999999999
stop_335_260829	stop_568_303239	8.158333333333333
13333	13332	13.861666666666668
17591	stop_1492_372619	11.631666666666666
9590	9583	6.843333333333334
8670	8221	13.568333333333333
17215	9723	12.098333333333333
17913	17950	14.346666666666666
12139	12137	6.155
13200	13237	7.1866666666666665
17915	stop_199_11229	12.7
8252	9038	14.783333333333333
stop_13_28	stop_252_42029	6.305000000000001
18144	stop_276_56139	9.81
7951	12901	9.938333333333333
18294	11742	5.276666666666667
18025	8363	20.548333333333336
8799	7503	11.613333333333333
13724	18312	8.620000000000001
7999	stop_329_253929	11.933333333333334
13178	13186	1.9333333333333333
8631	stop_282_57529	13.604999999999999
8253	8974	5.833333333333333
18065	8364	4.183333333333334
7809	stop_213_31119	9.831666666666667
17282	10169	10.343333333333334
11237	8522	11.481666666666666
17949	stop_575_304129	7.925
12998	8192	9.175
13062	12378	12.51
12402	stop_187_7129	6.238333333333333
18277	17541	14.695
10603	stop_226_36129	11.354999999999999
13054	stop_318_96019	12.116666666666667
13034	17830	0.8916666666666667
8404	stop_329_253929	11.815
18244	7512	6.548333333333333
stop_189_7329	stop_322_117319	7.3
11732	7874	6.84
14166	18274	11.251666666666667
12849	stop_279_57129	11.778333333333334
13733	13293	16.528333333333332
12910	stop_255_42919	13.126666666666667
13373	9398	9.633333333333333
10503	13704	8.566666666666666
14054	13234	5.043333333333334
8950	11475	15.618333333333334
8161	9569	9.053333333333335
11821	17626	0.505
12959	stop_204_12619	5.285
10224	10592	17.173333333333336
7494	7492	3.1783333333333332
7959	stop_330_254319	13.723333333333333
13669	17546	6.253333333333333
11174	13750	16.06
stop_202_12429	stop_335_260819	14.53
7419	7426	12.326666666666666
8358	stop_1103_347129	8.116666666666667
13696	stop_255_42919	6.538333333333333
13330	13704	15.018333333333334
12907	8020	12.823333333333332
13122	13121	8.646666666666667
12957	10262	9.178333333333335
18295	8002	8.276666666666667
8296	8304	10.753333333333334
17716	17717	1.6416666666666666
10402	17398	21.8
stop_298_63019	stop_300_63419	9.063333333333333
stop_232_36829	stop_386_285919	8.401666666666667
10231	12129	9.088333333333333
18341	10166	7.883333333333334
9638	9644	8.281666666666666
8745	13946	9.418333333333333
12910	7948	10.053333333333335
11321	stop_224_35949	14.851666666666667
13852	8873	12.16
12009	stop_782_314129	12.681666666666667
13052	stop_322_117329	14.903333333333334
17321	11175	11.211666666666668
stop_314_92229	stop_1280_364359	12.133333333333333
17849	17856	2.0733333333333333
12010	11248	11.693333333333333
11619	11621	11.586666666666668
12594	stop_1486_372419	5.953333333333333
10170	stop_298_63019	7.855
12859	12915	15.186666666666667
8104	stop_216_31929	14.101666666666667
7930	12953	13.525
12909	7948	6.831666666666666
18287	stop_237_37719	15.078333333333335
8768	stop_257_43519	15.095
stop_263_45319	stop_264_45419	2.8699999999999997
12319	stop_13_26	14.07
10041	10208	9.083333333333334
17725	17857	14.331666666666667
11169	14130	8.29
13063	10465	6.2316666666666665
8145	stop_305_71519	9.895000000000001
7743	7721	9.713333333333333
7477	7447	12.003333333333334
7805	8361	16.928333333333335
9050	stop_1234_362119	11.729999999999999
8414	stop_302_67929	13.918333333333333
12851	12993	11.448333333333332
10165	stop_1488_3329	5.576666666666667
7822	13631	8.411666666666667
8799	9167	4.588333333333334
12518	8616	7.136666666666667
8112	8113	8.843333333333334
7984	7959	13.193333333333333
8220	13713	7.128333333333333
12951	stop_240_38219	11.988333333333333
10562	10239	11.548333333333334
9119	stop_283_57629	22.071666666666665
13720	13178	5.67
10648	stop_223_35829	4.788333333333333
10052	stop_1488_3329	4.993333333333334
12869	stop_233_36919	14.213333333333333
13377	8512	9.338333333333333
8362	8631	9.608333333333333
12950	stop_243_39219	11.291666666666666
13347	17349	6.25
17544	stop_1493_373029	8.115
7820	stop_217_32029	11.366666666666667
12887	stop_574_304039	14.073333333333332
7482	17583	11.603333333333333
14013	stop_302_67929	8.345
8578	17821	7.41
12355	stop_257_43529	14.58
8112	stop_314_92219	15.243333333333334
11969	12609	5.406666666666666
8118	stop_278_57029	10.35
18092	17591	12.873333333333333
7813	stop_311_82319	12.878333333333334
13072	13071	9.34
8205	stop_305_71529	1.6933333333333331
7430	12966	10.575
10257	13680	7.631666666666666
8381	8311	14.431666666666667
8414	13688	7.286666666666666
7423	13049	13.076666666666666
11251	17591	1.1366666666666667
13719	stop_278_57029	0.8116666666666668
11915	18003	19.425
7369	17964	13.583333333333334
stop_13_25	stop_252_42019	6.571666666666667
12911	stop_254_42419	1.725
12322	10849	9.201666666666666
12917	stop_276_56129	8.848333333333333
7951	12353	13.57
7930	stop_329_253919	14.588333333333333
13615	13081	8.723333333333333
stop_204_12629	stop_222_35729	13.363333333333333
17916	stop_6_13	0.9033333333333334
stop_283_57629	stop_957_333829	9.635
7536	13188	10.438333333333333
stop_334_258219	stop_334_258229	1.3083333333333333
8522	stop_3_7	11.848333333333333
10481	12503	12.306666666666667
11600	17942	3.79
8020	stop_12_24	7.123333333333333
10991	stop_205_12729	7.536666666666666
stop_292_61229	stop_1280_364329	13.863333333333333
12887	11515	5.819999999999999
7953	stop_331_254829	12.161666666666667
12298	stop_852_324219	13.398333333333333
7948	stop_250_41829	9.283333333333333
7394	8325	14.685
8898	7511	11.048333333333334
stop_325_136029	stop_1487_373629	6.2733333333333325
13052	stop_202_12419	1.5066666666666668
12140	13657	10.588333333333333
11806	11809	9.95
stop_221_32519	stop_957_333829	13.363333333333333
stop_1343_364719	stop_1343_364729	1.1033333333333333
17771	stop_575_304129	9.165
7460	7502	13.69
13177	7811	11.985000000000001
13631	stop_318_96019	5.3566666666666665
17939	17957	13.445
18329	8325	11.201666666666666
9026	7494	7.068333333333333
7822	stop_216_31919	1.5083333333333333
18343	12935	16.99833333333333
7518	13260	14.996666666666666
12350	stop_840_317519	9.518333333333334
13058	stop_257_43529	11.196666666666665
8429	8432	7.013333333333334
7516	7410	5.605
stop_11_23	stop_346_269029	7.123333333333333
17538	17965	9.783333333333333
9119	13180	15.923333333333334
7457	7502	2.1633333333333336
13722	stop_205_12729	14.093333333333334
12902	stop_254_42429	5.748333333333333
8584	17957	13.671666666666665
8384	14005	14.011666666666667
8358	9505	14.021666666666667
stop_186_7029	stop_570_303619	9.666666666666666
7454	12323	12.541666666666666
7571	18271	8.053333333333333
17378	17376	4.378333333333333
12932	8003	15.366666666666667
17836	7449	7.836666666666667
7404	stop_183_6129	6.116666666666666
9060	9061	0.31
17560	7369	13.595
10165	17892	9.093333333333334
7434	stop_322_117319	12.768333333333334
9171	11332	4.808333333333334
10043	10199	7.67
stop_301_63729	stop_304_68229	9.185
7991	18158	8.401666666666667
9723	stop_1280_364329	13.173333333333334
7993	stop_239_37919	8.883333333333333
7893	stop_325_136029	11.5
7471	9049	1.6366666666666667
7950	8017	4.48
10052	17892	15.313333333333333
8991	9484	8.426666666666668
17762	12145	19.075
12466	stop_339_62119	5.355
stop_343_268619	stop_361_282119	15.298333333333334
12958	stop_322_117319	6.948333333333333
11977	13722	6.515
12989	stop_299_63219	10.845
12871	13670	2.025
12954	7991	14.061666666666667
10170	13001	3.643333333333333
18359	12409	15.415
9433	9752	12.08
12941	stop_216_31929	7.3100000000000005
9386	17272	9.866666666666667
17940	stop_5_10	4.723333333333333
7399	12145	8.626666666666667
7432	8389	2.6300000000000003
13421	13410	0.030000000000000002
18159	7874	9.360000000000001
9549	12849	1.8783333333333334
stop_187_7129	stop_570_303629	11.775
12926	18144	8.551666666666668
18092	7439	17.601666666666667
11311	stop_226_36129	13.28
7505	7448	11.566666666666666
8925	18385	14.76
12957	stop_239_37929	1.0666666666666667
17545	stop_1490_366219	12.326666666666666
17826	11613	12.276666666666667
stop_237_37729	stop_242_38829	10.778333333333334
12718	stop_223_35819	11.888333333333332
10495	10496	1.2783333333333333
8970	8971	1.1700000000000002
13447	18055	12.651666666666667
9938	17692	14.115
12070	stop_188_7219	13.531666666666666
13063	10116	15.023333333333333
18297	8336	13.056666666666667
11926	10562	7.495
18079	12352	9.691666666666666
7489	7444	10.94
17215	stop_314_92259	11.841666666666667
stop_277_56719	stop_820_315829	12.431666666666667
9542	8147	13.336666666666668
13238	13239	9.983333333333333
stop_208_13029	stop_574_304039	9.926666666666668
stop_259_44929	stop_320_105129	11.548333333333334
10717	10065	7.9399999999999995
17809	12669	4.0216666666666665
12660	13348	16.88
12010	stop_227_36219	12.741666666666667
18238	17878	10.271666666666667
stop_203_12539	stop_1234_362129	12.541666666666666
12140	7509	8.153333333333332
8389	12457	3.003333333333333
8195	12350	14.473333333333333
8168	14142	7.283333333333333
8512	8578	11.770000000000001
17909	13055	11.378333333333334
stop_216_31919	stop_219_32219	7.156666666666666
13077	13076	5.7316666666666665
10166	11233	13.25
11514	12870	17.105
10456	13636	5.585
13905	7398	15.423333333333334
stop_1_1	stop_257_43529	6.921666666666667
stop_223_35819	stop_224_35919	9.301666666666668
17395	10415	13.631666666666666
10064	13050	12.315
12298	7893	7.239999999999999
13746	18286	1.9400000000000002
10706	10838	3.045
13023	stop_6_12	9.846666666666666
10545	8214	18.615000000000002
10392	10383	0.27166666666666667
9895	8018	8.408333333333333
11008	10848	12.611666666666668
12910	stop_12_20	9.221666666666666
stop_259_44919	stop_261_45119	18.868333333333332
12145	7398	11.478333333333333
7483	17836	14.208333333333334
18389	stop_9_18	13.004999999999999
11433	stop_203_12539	1.2433333333333332
10445	13737	3.8216666666666668
12880	stop_6_12	5.6883333333333335
8214	13095	8.091666666666667
17861	stop_342_268529	17.408333333333335
13615	10499	12.796666666666665
13447	stop_3_6	5.256666666666666
13723	stop_1102_347029	10.118333333333334
11282	17378	16.678333333333335
8233	8224	13.348333333333333
18311	stop_13_28	8.376666666666667
12908	18389	8.773333333333333
11770	13687	7.883333333333334
7946	stop_12_21	5.9816666666666665
9169	stop_204_12639	14.228333333333333
12909	stop_12_20	14.603333333333333
13538	18257	19.53666666666667
7371	18265	15.25
12943	8409	7.331666666666666
13715	7511	14.296666666666665
12855	8345	12.998333333333333
10193	10194	0.4966666666666667
7411	11079	6.466666666666667
13036	stop_292_61219	8.555
12939	stop_183_6119	1.7466666666666666
18328	stop_13_28	1.825
stop_2_4	stop_1342_364629	12.841666666666667
10706	8539	10.871666666666666
13147	11448	11.778333333333334
13628	7381	12.565
8672	12927	7.828333333333333
stop_1489_127119	stop_1489_127129	1.1016666666666666
10124	12416	9.979999999999999
12983	stop_345_268829	12.643333333333334
7358	8661	1.865
8138	12853	12.813333333333333
13023	17914	10.153333333333334
8015	stop_571_303729	6.760000000000001
7885	stop_214_31329	12.596666666666666
stop_186_7039	stop_189_7339	10.165
12339	8613	10.29
11539	9740	11.303333333333335
17549	7375	8.513333333333334
10158	11164	18.721666666666668
12854	17247	8.328333333333333
13054	13631	9.961666666666668
12880	17914	6.3116666666666665
17258	stop_1342_364629	11.511666666666667
8439	10976	6.63
11650	11654	8.433333333333334
13080	18025	7.193333333333333
8391	10508	9.833333333333334
10055	17538	1.3483333333333334
8249	11474	9.376666666666667
7984	stop_571_303729	9.363333333333333
12946	stop_238_37819	10.93
12962	13034	8.588333333333333
17538	17543	13.246666666666666
9026	17964	14.513333333333332
12719	stop_1102_347029	8.936666666666667
13080	8097	21.48166666666667
18359	8522	14.151666666666667
18265	18258	9.616666666666667
stop_285_58419	stop_314_92249	14.671666666666665
8408	12946	5.375
8643	18065	13.573333333333332
stop_307_71819	stop_841_317630	8.291666666666666
13005	stop_304_68219	12.561666666666667
12322	12567	9.26
17765	12144	17.408333333333335
8113	8413	7.466666666666667
9672	10779	6.516666666666667
9120	stop_311_82319	11.148333333333333
10245	stop_298_63049	1.18
17673	17674	1.0883333333333334
10096	12987	9.753333333333334
12870	12871	5.133333333333334
8906	9169	14.425
13693	12928	8.371666666666666
12850	stop_306_71629	8.103333333333333
8128	stop_277_56719	10.423333333333334
12576	13482	31.846666666666668
8249	8300	5.760000000000001
8088	8363	6.713333333333334
8032	8338	1.5816666666666668
7416	12144	6.343333333333334
12306	stop_311_82329	8.108333333333333
13629	stop_311_82329	12.735000000000001
stop_1488_3319	stop_1493_373019	6.05
7983	7985	12.131666666666666
8234	8366	9.808333333333334
12263	13225	10.15
18029	18161	11.181666666666667
17392	17417	1.3366666666666667
9722	9723	3.83
13626	12554	3.371666666666667
8253	11475	7.546666666666667
12880	17950	11.018333333333334
7928	7929	6.35
10070	7493	13.916666666666666
8190	13005	10.681666666666667
13749	8364	7.71
13055	stop_234_37029	1.29
12144	7387	3.9916666666666667
7439	8419	8.91
12883	13789	5.871666666666667
13675	12410	10.968333333333334
13054	stop_782_314119	13.263333333333332
7624	7631	0.4633333333333333
8197	9715	15.611666666666668
13019	13617	11.623333333333333
8899	stop_188_7219	14.981666666666666
10150	12411	4.673333333333333
12886	8146	13.581666666666667
9542	9547	13.236666666666668
7478	7493	11.811666666666667
12849	stop_314_92249	11.706666666666667
13317	10177	10.676666666666668
17541	17716	11.328333333333335
stop_186_7029	stop_335_260829	13.504999999999999
10109	8412	17.78666666666667
13819	10550	11.15
10543	12582	4.45
13815	9359	20.228333333333335
13446	18240	10.371666666666666
17591	18146	15.843333333333334
13413	17896	15.604999999999999
12871	stop_207_12919	13.514999999999999
10145	10124	11.979999999999999
12926	17958	10.821666666666665
8253	8301	5.005
17537	17589	5.33
stop_202_12429	stop_1234_362119	3.6166666666666667
13107	13113	7.239999999999999
7446	8305	9.34
12356	stop_328_253819	10.075
8363	stop_213_31129	25.42
13445	18243	8.686666666666667
18170	10499	15.986666666666668
11678	11686	4.45
11713	11747	7.861666666666666
10665	10666	0.2533333333333333
10063	7421	14.15
8826	17792	7.25
10401	10392	12.773333333333333
8412	14130	7.263333333333334
8003	12951	8.933333333333334
10498	9966	5.555000000000001
10560	11248	5.788333333333333
stop_272_46429	stop_342_268519	11.278333333333334
13001	stop_298_63019	8.263333333333334
17283	stop_1280_364359	14.883333333333333
10648	7894	11.020000000000001
12318	7993	14.396666666666667
stop_222_35719	stop_223_35829	4.739999999999999
12999	13004	13.1
10716	17762	10.848333333333333
9533	11945	9.196666666666665
8223	13662	10.04
7680	13336	4.961666666666667
10440	10507	0.5933333333333334
18275	13314	10.321666666666665
8373	18329	5.573333333333333
8405	12951	11.953333333333335
7951	stop_12_19	11.866666666666667
7908	stop_204_12619	16.151666666666667
8163	9874	14.735000000000001
12840	11306	11.146666666666667
9493	17600	78.05666666666666
7492	17834	7.123333333333333
13653	14013	16.485
7432	stop_335_260829	13.318333333333333
10465	8201	12.076666666666666
9980	17380	15.531666666666666
10313	stop_289_58919	0.995
7720	10352	3.0266666666666664
7413	7417	7.705
10824	10898	4.031666666666667
7930	13485	10.796666666666665
18023	17590	10.81
7398	17546	8.748333333333333
18312	stop_9_18	7.545
13378	13361	13.08
7965	stop_272_46429	15.998333333333333
10075	10080	7.918333333333334
13722	stop_1102_347019	13.141666666666667
10001	12134	16.093333333333334
8103	8104	1.2116666666666667
17547	stop_1486_372419	1.9833333333333334
7402	8328	14.021666666666667
9904	stop_345_268819	1.7516666666666665
13180	8361	7.276666666666667
8372	7379	10.91
13666	12926	6.053333333333333
13013	8685	11.275
9504	11237	5.303333333333333
8975	9046	6.6
7999	stop_243_39219	6.418333333333334
9899	8115	8.318333333333333
18363	8153	16.346666666666668
11679	11650	13.873333333333333
13669	17588	11.6
13719	stop_225_36029	13.003333333333334
11509	stop_316_94619	12.67
12567	13710	4.45
7368	8367	10.236666666666668
12900	stop_571_303719	8.298333333333334
12235	12234	0.39666666666666667
13153	8781	5.328333333333333
8000	8404	8.505
12887	stop_1556_381019	6.505
18294	7970	5.39
17775	7416	12.661666666666667
17591	stop_1494_373119	6.305000000000001
10154	17318	15.588333333333333
17913	17954	16.226666666666667
8113	9540	10.436666666666667
7813	stop_568_303239	11.361666666666668
12015	11182	13.108333333333333
7721	10353	10.58
7400	12939	18.675
9139	17778	10.97
8372	13657	14.668333333333333
7421	12140	13.32
12905	9926	3.9866666666666664
10167	13657	14.004999999999999
stop_226_36119	stop_957_333829	7.671666666666667
7951	7956	7.408333333333333
10181	10300	16.523333333333333
18025	8632	11.31
8799	7502	6.946666666666667
18023	stop_1494_373129	9.748333333333333
12574	13481	38.858333333333334
13178	8362	14.628333333333334
11507	stop_316_94629	7.4783333333333335
18390	7957	11.678333333333335
13329	stop_303_68119	14.768333333333334
13486	stop_329_253919	12.376666666666667
13042	stop_568_303239	11.898333333333333
7809	stop_214_31329	10.713333333333333
9551	12934	6.338333333333334
7534	17976	6.23
10929	17270	2.558333333333333
11575	11574	9.955
13005	stop_840_317519	10.46
7811	stop_311_82319	9.93
10603	stop_230_36539	15.291666666666666
8526	9860	13.956666666666667
stop_1_1	stop_330_254319	12.286666666666667
13034	12966	11.675
8892	12263	13.576666666666666
12337	9714	6.575
12939	12304	12.328333333333335
17695	11474	11.46
8644	stop_572_303819	16.91166666666667
stop_224_35919	stop_325_136029	11.715
17941	stop_203_12559	15.431666666666667
8644	8221	17.533333333333335
12932	stop_246_40839	5.796666666666667
12531	12935	16.35
11658	12581	9.395000000000001
11331	18237	3.8766666666666665
7447	17668	4.245
13519	11734	7.09
9810	13531	10.753333333333334
8617	17965	14.453333333333335
11977	stop_205_12719	7.825
18389	stop_254_42429	13.871666666666666
12959	stop_205_12729	1.0033333333333334
7965	18170	4.895
13179	stop_957_333829	0.25833333333333336
10046	13954	8.916666666666666
7494	7458	15.335
18209	13918	6.075
stop_293_61319	stop_293_61329	0.7200000000000001
13669	17549	6.826666666666667
10125	10123	5.105
13804	13803	0.6666666666666666
12361	17682	12.245000000000001
10203	11171	4.6850000000000005
17919	17911	9.333333333333334
10545	12407	13.09
17258	stop_841_317619	5.125
11652	12581	17.08833333333333
18035	11187	12.063333333333333
13631	stop_782_314119	3.565
13617	stop_267_45939	12.766666666666667
17668	10323	11.451666666666666
8248	8247	10.306666666666667
9493	12542	1.8916666666666666
12717	stop_322_117319	9.468333333333334
18029	17956	10.601666666666667
stop_285_58429	stop_344_268719	7.0600000000000005
17739	17737	8.313333333333334
stop_339_62119	stop_339_62129	0.5433333333333333
17283	stop_343_268629	11.586666666666668
13049	13261	3.828333333333333
13425	8902	3.9366666666666665
10234	17975	13.025
8359	12466	8.908333333333333
8089	stop_213_31119	18.584999999999997
10231	10236	10.341666666666667
8114	stop_290_61029	9.173333333333334
12931	stop_13_25	7.1850000000000005
13110	10633	11.476666666666667
stop_183_6119	stop_186_7019	15.036666666666667
11211	11212	1.51
8798	12869	14.79
8936	18385	13.146666666666667
13339	13342	0.6966666666666667
13534	7359	9.023333333333333
18389	8017	4.783333333333333
8770	9923	14.051666666666668
stop_203_12539	stop_232_36829	15.403333333333334
13905	stop_186_7019	9.443333333333333
18334	17891	6.85
10602	stop_1103_347129	8.878333333333334
14032	13532	11.788333333333332
13940	13955	2.283333333333333
stop_225_36019	stop_227_36219	10.953333333333335
10170	stop_299_63219	12.233333333333333
14166	12402	10.21
13300	8310	7.513333333333334
7840	13208	17.046666666666667
10386	10429	11.943333333333333
10450	10458	0.435
17912	12876	4.778333333333333
12939	stop_570_303629	5.308333333333334
17586	stop_1490_366229	12.591666666666667
8870	13957	10.301666666666668
18306	10612	12.360000000000001
13722	stop_335_260819	6.486666666666666
13063	8210	15.285
8617	stop_1488_3319	7.191666666666666
10001	10065	9.775
8145	stop_307_71819	12.561666666666667
10480	12135	6.133333333333334
12307	7820	7.4766666666666675
10694	10897	6.613333333333333
12401	stop_852_324239	10.961666666666668
7805	8090	19.759999999999998
13817	18359	14.975
11614	13400	9.795
17784	9617	6.7716666666666665
stop_234_37019	stop_425_287129	11.195
10165	stop_1490_366229	8.536666666666667
17567	8617	9.403333333333334
18293	stop_272_46419	12.116666666666667
13524	10915	9.451666666666666
10077	10079	15.18
8171	14142	8.535
11951	10274	12.421666666666665
13134	13145	14.423333333333334
8971	13754	11.456666666666667
13720	8089	10.883333333333333
8317	12854	0.9450000000000001
10648	stop_224_35949	7.535
10052	stop_1490_366229	6.385000000000001
7369	7481	11.01
7488	17779	8.945
8970	9044	14.273333333333333
12326	stop_302_67919	9.57
12314	7446	13.206666666666667
13660	18144	6.555000000000001
13645	13061	5.548333333333333
7930	stop_242_38829	10.746666666666666
11603	11591	4.413333333333333
18367	18341	17.075
7675	7668	10.531666666666666
8084	9899	4.366666666666666
9895	stop_253_42319	1.2266666666666666
8300	13474	12.488333333333333
11009	7980	9.341666666666667
8018	stop_248_41329	11.478333333333333
8118	stop_280_57219	5.296666666666667
9034	stop_328_253829	6.158333333333333
8205	stop_307_71829	9.43
7971	7960	5.59
7430	7434	14.093333333333334
8381	17342	14.081666666666667
9983	9925	5.363333333333333
13687	13329	19.735
stop_6_13	stop_246_40839	9.79
12952	12949	9.354999999999999
14141	13688	13.391666666666667
13864	8910	4.751666666666667
stop_297_62429	stop_298_63039	5.831666666666666
10084	10277	10.835
17852	17614	10.655
8300	8980	5.043333333333334
17552	18155	17.515
13947	13950	6.941666666666666
12409	12328	11.561666666666667
13671	stop_316_94619	15.883333333333333
8363	stop_284_57719	14.221666666666666
12950	12949	1.2666666666666666
7412	stop_217_32029	12.235000000000001
13958	12488	4.931666666666667
stop_782_314119	stop_1487_373619	4.4783333333333335
9895	8015	11.441666666666666
13492	8124	12.023333333333333
12983	stop_292_61229	4.3516666666666675
8020	stop_13_28	12.903333333333334
8604	stop_321_115419	12.676666666666668
9810	14033	5.8516666666666675
9939	13626	8.626666666666667
8103	7822	14.128333333333334
7948	stop_253_42329	11.151666666666667
9149	stop_205_12719	10.361666666666668
8898	12959	5.5183333333333335
13389	13399	8.443333333333333
12885	12853	12.098333333333333
13052	stop_203_12539	12.555
10318	10317	1.025
stop_221_32519	stop_1102_347029	5.576666666666667
8115	stop_280_57229	8.425
stop_254_42419	stop_254_42429	0.9083333333333333
9034	12356	4.206666666666667
18146	17307	11.348333333333333
17543	17964	12.945
9044	11354	8.764999999999999
17585	stop_1486_372439	8.826666666666666
12907	18328	12.148333333333333
7512	stop_205_12719	4.133333333333334
9026	17836	9.296666666666665
8057	8056	7.36
18314	7946	3.5116666666666663
7392	17561	7.9350000000000005
7516	14165	10.229999999999999
9119	13183	16.315
stop_298_63039	stop_298_63049	0.8316666666666667
17387	17385	6.0216666666666665
12309	17965	8.221666666666668
13752	stop_267_45929	2.216666666666667
7804	8630	24.978333333333335
11346	10221	7.255
18202	11741	12.45
8645	8234	14.248333333333333
12932	7946	12.363333333333333
10596	12405	4.3933333333333335
11509	12964	10.693333333333333
7369	stop_1489_127129	10.54
13081	stop_267_45929	5.581666666666666
13630	10235	11.953333333333335
14032	10760	5.2
10168	stop_345_268829	9.566666666666666
7993	stop_241_38319	5.553333333333333
18243	12738	14.553333333333335
7471	12893	8.78
13532	18366	4.2683333333333335
17539	17892	9.348333333333333
12989	stop_301_63719	4.533333333333333
12954	7983	10.263333333333332
10855	18029	2.3366666666666664
stop_224_35929	stop_226_36129	4.056666666666667
10095	stop_424_287029	14.588333333333333
13079	7707	6.006666666666666
7891	11913	13.020000000000001
12300	10330	5.956666666666666
12975	stop_245_40719	4.59
12941	stop_219_32229	9.155
8337	18312	7.8566666666666665
stop_232_36819	stop_234_37019	8.675
12594	17563	10.656666666666666
7432	17830	3.1550000000000002
13421	8845	9.985000000000001
11680	11652	25.211666666666666
13444	11335	10.933333333333334
10734	10735	0.32166666666666666
17567	7365	14.125
17392	17420	7.236666666666666
12880	stop_1556_381029	9.931666666666667
18277	17717	3.2233333333333336
7568	17381	16.371666666666666
12886	10139	15.343333333333334
12876	stop_245_40719	15.213333333333333
13058	17690	6.568333333333333
11909	9149	11.526666666666667
7505	7439	14.186666666666667
13348	9529	19.15
stop_293_61329	stop_314_92249	4.156666666666667
12957	stop_241_38329	5.510000000000001
17552	stop_1492_372629	10.876666666666667
8617	17576	9.853333333333333
9610	17784	8.481666666666666
11977	stop_186_7019	13.275
9859	14151	8.143333333333334
12923	12354	7.376666666666667
10495	10354	15.035
13042	stop_186_7019	6.678333333333333
17538	stop_1490_366219	6.301666666666667
9889	13402	7.971666666666667
stop_290_61019	stop_291_61129	5.825
8635	17628	16.528333333333332
13683	7530	11.123333333333333
17908	stop_1487_373629	10.908333333333333
11023	11022	1.1366666666666667
8972	9045	10.526666666666667
13634	12688	11.254999999999999
7515	7399	11.598333333333333
12366	12326	10.44
12984	stop_285_58429	7.411666666666666
7489	8296	11.635
18144	13117	7.531666666666666
stop_237_37719	stop_328_253829	4.02
13183	stop_283_57619	9.215
11815	9725	14.856666666666666
10700	10602	4.6433333333333335
8734	8733	0.18166666666666667
8409	7928	11.168333333333333
17247	10169	7.873333333333333
7381	17713	7.125
10781	12669	60.59
8669	8231	7.555000000000001
7959	stop_1_2	7.806666666666667
18310	stop_252_42029	2.9266666666666667
8315	stop_275_56019	18.19333333333333
7511	stop_203_12519	6.466666666666667
12576	12573	24.990000000000002
10753	8970	2.925
7404	7392	0.5933333333333334
stop_216_31919	stop_221_32529	11.668333333333333
7837	9866	12.201666666666666
9865	9866	0.9066666666666666
12472	stop_277_56719	11.071666666666665
12402	8899	14.886666666666667
stop_13_27	stop_248_41329	12.615
12719	stop_188_7229	11.57
8361	stop_221_32519	17.601666666666667
17756	12736	2.203333333333333
18030	13760	14.47
13653	14141	8.291666666666666
18293	12355	18.633333333333333
12298	12010	9.55
11798	10631	13.264999999999999
13746	7481	7.3533333333333335
12948	12950	7.86
11742	stop_272_46429	11.106666666666666
12886	stop_841_317630	7.178333333333333
18332	7948	14.738333333333333
7930	8000	4.796666666666667
stop_12_20	stop_253_42329	10.479999999999999
11432	stop_322_117329	9.693333333333333
13660	17958	8.871666666666666
12145	18285	13.706666666666667
8108	stop_289_58919	10.441666666666666
11433	stop_204_12629	7.278333333333333
18038	18044	5.878333333333333
18225	stop_217_32019	9.061666666666667
13941	13943	7.178333333333333
8615	stop_841_317639	8.338333333333333
13316	17600	6.875
18158	12575	9.553333333333335
13337	13338	0.975
8228	10172	14.121666666666666
18275	13535	9.693333333333333
18061	12510	9.733333333333333
18310	7950	11.813333333333333
7946	stop_13_27	9.511666666666667
9169	stop_207_12929	9.673333333333334
7891	stop_852_324249	8.610000000000001
11332	17878	14.145000000000001
13715	12959	9.776666666666667
7426	11079	2.3583333333333334
12958	stop_203_12529	7.3
10225	10046	6.366666666666666
13036	stop_294_61419	9.506666666666666
9942	10318	13.196666666666665
8164	8668	1.7766666666666666
13854	12743	10.353333333333333
stop_213_31119	stop_311_82319	15.306666666666667
17282	13664	13.229999999999999
8906	stop_335_260829	4.408333333333333
8672	8128	10.616666666666667
11638	11448	24.12
13023	18332	9.354999999999999
12595	17590	12.860000000000001
17958	stop_952_331019	11.081666666666667
7511	12959	5.53
11815	11808	7.79
stop_222_35719	stop_568_303219	11.860000000000001
8576	9416	8.889999999999999
17389	10386	8.856666666666666
17705	17591	5.998333333333333
10110	10220	11.143333333333334
8363	13631	22.355
13114	stop_952_331019	1.6933333333333331
13132	8441	17.503333333333334
stop_302_67929	stop_303_68119	11.276666666666667
9023	9021	7.548333333333333
stop_290_61029	stop_314_92229	8.166666666666666
13177	11311	8.151666666666667
12946	stop_240_38229	2.58
17584	10597	7.251666666666667
17690	stop_342_268529	11.95
17538	8618	7.141666666666667
18080	stop_267_45919	14.116666666666667
13718	stop_222_35719	11.058333333333334
12464	10923	8.061666666666666
8408	12952	9.498333333333333
7434	13053	11.833333333333334
13209	13210	11.973333333333333
13975	13974	4.2283333333333335
13019	17986	6.263333333333334
stop_208_13029	stop_233_36929	15.183333333333334
13855	8803	27.62
18277	18276	1.1016666666666666
12312	7463	17.428333333333335
18294	9935	12.975
10245	stop_300_63429	11.26
10001	13657	14.870000000000001
7367	7482	8.095
stop_204_12629	stop_205_12729	5.385000000000001
13693	13666	7.715
17909	stop_386_285929	5.403333333333333
18036	13774	5.9366666666666665
8249	9856	3.8233333333333333
12958	13053	11.931666666666667
stop_214_31329	stop_216_31919	6.328333333333333
10405	10406	11.120000000000001
7498	stop_241_38319	14.551666666666668
18274	stop_325_136029	10.883333333333333
13706	17562	13.354999999999999
12920	stop_316_94629	1.4283333333333335
12946	stop_329_253919	11.766666666666667
10849	stop_329_253929	7.553333333333333
9859	18238	10.49
7970	12934	12.651666666666667
11306	stop_279_57119	12.264999999999999
stop_250_41819	stop_252_42029	9.751666666666667
11516	stop_1495_373519	12.888333333333332
17911	17772	9.71
8358	stop_321_115429	13.213333333333333
stop_568_303239	stop_852_324229	5.54
7460	7490	7.693333333333333
12945	stop_241_38319	2.731666666666667
10139	12331	20.185
8003	stop_252_42019	13.211666666666668
9119	7804	4.053333333333333
8844	8902	8.466666666666667
7439	7494	12.626666666666667
stop_285_58429	stop_291_61119	15.446666666666665
11432	stop_202_12419	11.514999999999999
9978	stop_246_40849	12.59
13675	10145	8.091666666666667
7624	11618	11.161666666666667
7820	stop_1487_373619	8.06
10150	10463	11.436666666666667
12939	7404	7.319999999999999
8899	stop_189_7339	7.286666666666666
13352	13377	1.3966666666666667
8599	stop_290_61029	1.5483333333333333
stop_189_7329	stop_852_324229	9.22
stop_296_62319	stop_297_62429	11.205
8335	stop_254_42429	6.201666666666667
12886	12852	9.886666666666667
7379	17540	6.691666666666666
12861	stop_285_58419	7.680000000000001
7478	7503	13.045
12917	13114	8.743333333333334
9041	11475	12.281666666666666
7471	stop_203_12559	1.1099999999999999
stop_230_36549	stop_1103_347129	15.165
17918	stop_202_12429	13.483333333333333
8644	8364	14.333333333333334
7894	stop_279_57129	7.045
7419	17775	5.510000000000001
12022	stop_189_7339	12.763333333333332
8249	8252	12.865
17736	13978	4.38
9030	10323	15.031666666666666
11306	stop_957_333829	8.371666666666666
13760	17956	9.746666666666666
10848	stop_252_42019	9.348333333333333
7813	11248	7.911666666666666
13412	11477	4.461666666666667
12945	stop_329_253929	12.225
8795	13170	3.3583333333333334
8363	stop_216_31919	15.056666666666667
12746	13849	10.238333333333333
10063	17774	11.321666666666665
18295	18311	6.553333333333333
8003	18310	10.315
13130	13131	0.4516666666666667
12940	stop_318_96029	7.241666666666666
18285	17541	12.228333333333333
10170	12850	11.683333333333334
12318	8298	8.303333333333333
stop_222_35719	stop_224_35949	13.573333333333332
stop_1_2	stop_342_268519	10.626666666666667
12883	stop_8_16	11.29
9814	stop_841_317619	14.67
10463	11651	26.025
10050	8617	8.555
10991	stop_1234_362119	9.66
9050	stop_322_117319	13.593333333333334
17956	17958	5.823333333333333
7524	7536	5.583333333333333
12134	18329	12.983333333333333
11432	12022	9.068333333333333
7492	8304	8.471666666666668
13665	12466	13.8
12995	stop_302_67919	12.395000000000001
8523	10171	4.4350000000000005
18008	18007	7.341666666666667
17656	17658	11.568333333333333
10848	18310	6.593333333333334
8002	stop_13_26	10.354999999999999
7367	stop_1488_3319	12.368333333333334
7450	17928	4.816666666666666
7471	7462	13.131666666666666
10208	10594	12.143333333333334
17892	11251	11.888333333333332
17258	8615	10.666666666666666
13789	12876	12.831666666666667
9968	9965	11.181666666666667
12961	stop_186_7029	10.03
8381	10158	11.706666666666667
12967	stop_213_31129	12.655
18297	7948	10.118333333333334
10001	7509	15.801666666666668
13443	13445	10.843333333333334
8103	12842	9.745000000000001
18036	13344	10.753333333333334
13714	12719	5.636666666666667
9434	9433	0.35
18237	18239	12.335
17718	17380	7.345
12931	stop_313_86719	1.7333333333333334
8075	8076	4.575
12325	12358	1.3583333333333334
12883	12932	10.621666666666666
8801	8899	8.425
12349	13726	4.303333333333333
12298	stop_225_36019	12.851666666666667
7472	7505	10.754999999999999
10379	17412	11.645000000000001
10842	13664	3.5383333333333336
10991	7908	13.141666666666667
12368	10612	6.096666666666667
11455	11456	8.916666666666666
12875	stop_232_36829	8.563333333333333
17706	17696	8.088333333333333
18289	17501	5.408333333333333
13063	stop_307_71829	5.833333333333333
13719	stop_227_36229	10.31
11653	8778	20.636666666666667
12808	13517	10.821666666666665
18285	stop_1491_372319	12.675
8187	stop_302_67929	1.2033333333333334
17680	12361	4.944999999999999
10213	14073	11.156666666666666
17590	stop_1488_3329	6.746666666666667
8135	13960	11.51
9045	9046	4.755
13620	13081	11.133333333333333
17591	stop_1552_378519	8.175
8618	17501	14.091666666666667
12986	stop_361_282119	11.8
7496	7498	12.321666666666665
stop_241_38329	stop_329_253919	11.2
12472	12859	7.013333333333334
18016	8858	5.1483333333333325
18029	stop_276_56119	7.923333333333333
stop_226_36119	stop_1102_347029	12.716666666666667
10245	12993	11.343333333333334
8666	11724	17.65
9859	11334	10.628333333333334
7971	13081	15.24
13587	stop_278_57029	7.725
7905	stop_386_285919	3.1533333333333333
13708	17311	18.175
8371	8374	0.9083333333333333
12070	7434	11.563333333333333
12856	stop_289_58929	6.6466666666666665
7645	7658	12.915
12366	8414	4.288333333333333
stop_213_31129	stop_214_31329	6.260000000000001
13696	17987	13.383333333333333
13719	stop_316_94619	15.283333333333333
7999	12949	8.501666666666667
7809	stop_217_32029	6.6866666666666665
18314	stop_250_41819	7.05
10929	9388	17.96833333333333
13183	stop_214_31319	16.216666666666665
10484	10591	9.45
18150	17778	12.254999999999999
14006	stop_840_317519	6.803333333333333
13432	12505	9.085
13492	stop_323_126229	7.905
18314	18297	2.55
stop_214_31319	stop_957_333819	15.783333333333333
13034	7434	13.296666666666665
17586	13705	3.975
8404	12949	7.3983333333333325
12932	stop_250_41819	9.610000000000001
13715	stop_852_324219	9.511666666666667
17752	17754	11.95
11183	11182	0.335
7447	17778	10.271666666666667
9810	13534	9.786666666666667
9725	11809	19.31833333333333
13443	14154	14.32
12317	7747	5.793333333333334
12966	stop_189_7329	1.9816666666666667
7498	7500	1.23
17566	17964	6.680000000000001
8909	11629	9.371666666666666
9900	stop_290_61019	6.5600000000000005
17330	11354	6.303333333333333
stop_243_39219	stop_329_253929	8.805
8032	stop_254_42419	10.07
17970	7524	7.588333333333334
17713	17588	10.251666666666667
13669	7375	13.701666666666666
9629	9632	9.898333333333333
7511	stop_852_324219	7.1899999999999995
17546	8325	5.816666666666666
9643	9645	8.701666666666666
stop_227_36229	stop_1103_347119	3.3366666666666664
10871	13630	9.085
stop_216_31919	stop_1487_373629	9.254999999999999
13617	stop_273_46529	11.128333333333334
17668	7495	13.828333333333335
17912	stop_6_13	11.883333333333333
12717	stop_325_136019	11.811666666666667
12870	stop_208_13029	1.5583333333333333
10081	stop_213_31119	13.316666666666666
18335	9138	15.631666666666666
8090	12845	12.938333333333333
8361	stop_1487_373619	15.445
8768	stop_1_1	10.686666666666667
8301	9038	8.086666666666666
11909	stop_219_32229	12.248333333333333
12718	7813	14.215
12861	stop_343_268619	4.226666666666667
8089	stop_214_31329	11.178333333333335
10459	10450	11.598333333333333
12307	7410	10.263333333333332
7998	12954	13.241666666666667
17891	9138	21.291666666666668
10157	12502	4.616666666666666
13425	13863	13.981666666666666
10613	stop_334_258229	12.72
8798	12871	7.778333333333333
8906	13718	5.971666666666667
13061	14006	5.983333333333333
12009	stop_852_324219	12.535
13905	stop_187_7129	5.678333333333333
8241	11652	7.408333333333333
8634	8240	1.7683333333333333
stop_6_12	stop_313_86719	12.6
7961	stop_258_44219	13.935
14166	7407	8.110000000000001
7893	stop_957_333829	11.733333333333333
13300	17343	9.638333333333332
13679	12928	5.988333333333333
8778	8776	3.6816666666666666
17912	17916	12.163333333333332
13199	13225	16.128333333333334
9050	7512	7.528333333333333
12958	stop_852_324229	10.691666666666666
17976	17975	0.03333333333333333
12953	stop_239_37919	11.603333333333333
8617	stop_1490_366219	11.47
10001	7423	13.171666666666665
12594	7369	7.336666666666667
8097	13689	11.963333333333333
12926	stop_424_287029	14.49
12949	7985	14.03
12997	stop_334_258229	6.1016666666666675
12355	stop_1_2	8.053333333333333
7805	8091	19.488333333333333
12419	17458	5.64
11571	18042	7.605
10165	stop_1492_372629	9.318333333333333
12927	stop_275_56019	1.4066666666666667
8338	8336	4.283333333333333
18293	stop_274_46619	17.46833333333333
13375	13346	7.953333333333333
10077	10561	20.876666666666665
9918	7969	27.08
stop_203_12539	stop_322_117329	12.978333333333333
10496	12375	10.746666666666666
10612	stop_302_67919	12.128333333333334
17715	17381	6.255
stop_203_12549	stop_204_12629	7.578333333333333
7781	13347	10.603333333333333
13138	13145	14.51
8317	12984	4.166666666666667
10052	stop_1492_372629	15.166666666666666
9451	9461	10.798333333333334
17547	17563	5.741666666666666
8390	8391	1.7066666666666668
18102	10375	5.131666666666666
9051	7905	11.568333333333333
12366	8384	13.181666666666667
12314	9026	6.831666666666666
10324	12310	7.198333333333333
7910	stop_232_36819	5.1850000000000005
8084	12849	10.793333333333333
17344	17342	8.113333333333333
12886	stop_307_71819	1.8150000000000002
13714	9149	4.681666666666667
13750	13754	0.48833333333333334
17912	17953	9.768333333333334
13620	10499	9.491666666666667
7424	12306	4.02
17245	18055	4.52
8615	stop_307_71829	12.331666666666667
12852	10114	6.901666666666667
11527	18278	6.471666666666667
12613	10766	10.55
12952	12951	12.94
8076	stop_275_56029	11.186666666666667
8399	stop_330_254329	24.875
7417	7390	13.901666666666667
10453	10454	1.6133333333333333
8399	7936	24.233333333333334
7808	stop_213_31129	11.848333333333333
7803	13554	16.181666666666665
7971	10499	9.138333333333332
14008	18266	9.316666666666666
14082	14142	15.163333333333332
12950	12951	4.326666666666667
13628	7390	5.301666666666667
7930	12950	10.061666666666667
13789	stop_248_41329	12.345
13492	8075	11.67
7441	18028	7.758333333333334
10824	17858	12.336666666666668
8084	12970	12.888333333333332
8018	7950	9.456666666666667
7936	8015	13.476666666666667
stop_203_12529	stop_230_36519	11.643333333333334
17869	8353	11.736666666666668
stop_260_29	stop_331_254829	24.376666666666665
7965	stop_257_43519	9.345
17540	17586	1.3033333333333335
8297	7457	5.213333333333334
7424	10081	12.073333333333332
13324	12232	16.158333333333335
10849	13486	13.631666666666666
13018	13019	1.79
10109	10724	9.793333333333333
12363	12499	2.0766666666666667
stop_227_36229	stop_338_56919	12.695
13847	13853	8.535
8135	stop_323_126219	10.581666666666667
17950	stop_1556_381019	12.110000000000001
18314	8018	4.415
7392	7381	13.885
18297	stop_12_20	2.33
17955	17954	0.55
11212	11748	4.71
stop_314_92219	stop_343_268619	11.816666666666666
12957	18159	10.96
12899	12908	1.3983333333333334
stop_298_63039	stop_300_63429	10.911666666666667
8906	stop_1234_362129	7.3
stop_1_2	stop_267_45929	15.778333333333334
stop_233_36929	stop_386_285929	12.878333333333334
9035	stop_237_37729	10.746666666666666
13752	stop_273_46519	7.301666666666667
17566	17544	7.718333333333334
9651	9653	6.64
13538	17379	15.78
10491	8539	8.056666666666667
17245	stop_3_6	8.645000000000001
8362	8630	8.361666666666666
12974	stop_13_28	13.504999999999999
10078	10075	14.15
18359	10467	15.038333333333332
10095	12987	10.878333333333334
17914	stop_575_304119	7.763333333333334
18244	9169	14.425
18033	11192	9.776666666666667
12987	stop_296_62319	1.5333333333333334
13850	17813	13.513333333333332
12441	18362	13.511666666666667
13081	stop_273_46519	0.9433333333333334
14032	10242	8.928333333333335
12940	17908	14.305
stop_203_12559	stop_230_36539	11.795
17703	17544	13.729999999999999
8231	8224	6.345
stop_1486_372429	stop_1489_127129	12.221666666666666
9428	10787	6.703333333333333
13532	8661	11.861666666666668
11306	stop_226_36119	14.293333333333333
17691	stop_258_44219	10.103333333333333
stop_224_35949	stop_279_57129	10.926666666666668
13626	12121	8.498333333333333
17914	17950	8.514999999999999
9916	7430	11.078333333333335
10048	10268	1.9833333333333334
8973	11354	10.046666666666665
7398	stop_1486_372439	10.07
9166	17668	10.816666666666666
10468	8238	7.293333333333334
12975	13789	3.115
11508	stop_276_56139	11.911666666666667
13054	8362	22.195
18329	17562	10.235000000000001
17567	17538	6.025
8863	18017	15.71
7568	17377	14.685
17508	17512	6.760000000000001
17586	17716	10.948333333333332
7505	17668	7.663333333333333
8021	18080	11.558333333333334
7411	stop_311_82319	11.254999999999999
17552	stop_1494_373129	9.4
18274	stop_852_324239	10.04
stop_216_31929	stop_282_57529	14.176666666666668
11977	stop_187_7129	13.17
13042	stop_187_7129	2.7233333333333336
17538	stop_1492_372619	11.113333333333333
7951	7957	4.165
12352	stop_274_46619	18.373333333333335
13037	stop_285_58419	14.713333333333333
14052	8922	13.115
9408	13375	5.0216666666666665
8112	9541	8.336666666666666
8362	stop_282_57519	10.04
8630	stop_282_57529	3.1300000000000003
8367	17539	5.913333333333333
stop_202_12429	stop_322_117319	13.75
13180	7897	14.8
13643	12374	4.0216666666666665
7477	stop_202_12429	11.34
12366	12545	14.233333333333333
stop_1_1	stop_1_2	0.39499999999999996
7956	18080	4.111666666666666
13556	13553	3.145
7432	stop_189_7349	8.825
8299	stop_243_39229	9.318333333333333
10185	10188	5.691666666666666
17965	stop_1493_373019	6.386666666666667
17794	17370	11.138333333333332
7780	9752	17.05
7706	12037	6.598333333333333
13367	13366	1.0366666666666666
stop_204_12629	stop_335_260819	8.881666666666666
13527	9061	4.145
11248	stop_311_82329	8.571666666666665
17585	17713	4.886666666666667
8669	9504	12.321666666666665
stop_205_12719	stop_852_324239	9.81
10409	17811	6.388333333333334
8441	12016	19.279999999999998
18293	8398	13.593333333333334
8389	13715	10.925
10594	18254	7.073333333333333
stop_246_40819	stop_248_41329	11.514999999999999
8791	13168	10.493333333333334
7511	stop_203_12559	6.005
12957	7929	8.111666666666666
13802	17376	14.548333333333334
17835	8304	13.860000000000001
12717	18274	10.09
7803	stop_213_31119	10.938333333333333
13350	9381	4.06
12719	stop_189_7349	10.103333333333333
18336	18254	3.555
8220	12378	8.546666666666665
18293	11742	5.6483333333333325
10015	8020	12.45
12948	11420	10.698333333333332
14053	8923	11.495000000000001
13307	9069	13.211666666666668
7930	8002	10.608333333333333
7840	7849	1.175
13178	7894	13.828333333333335
9783	9782	0.49
18064	8625	7.953333333333333
12940	stop_782_314129	1.1533333333333333
10170	8315	16.331666666666667
11433	stop_207_12919	11.395000000000001
17561	stop_1486_372419	1.8166666666666667
8661	10166	7.401666666666667
7402	13628	3.4733333333333336
17270	9389	15.761666666666667
stop_1488_3329	stop_1489_127119	11.961666666666668
14165	18274	10.666666666666666
17940	stop_203_12519	15.106666666666666
7371	17546	11.788333333333332
8124	8127	8.595
stop_205_12729	stop_335_260829	7.583333333333333
8705	8873	0.5233333333333333
12959	stop_1234_362119	4.208333333333333
8798	7505	9.016666666666667
13531	13532	3.128333333333333
13737	13637	7.303333333333333
7396	8327	10.573333333333332
12958	stop_204_12619	4.525
11420	13485	13.233333333333333
13717	11507	9.83
8164	12364	9.658333333333333
13128	8440	11.481666666666666
13665	11507	7.676666666666667
18080	stop_9_17	2.13
12616	18384	17.615000000000002
12595	17546	7.243333333333334
8304	8305	2.305
13443	13444	2.025
7358	10211	13.870000000000001
10842	stop_2_4	8.641666666666667
12747	7609	2.3133333333333335
7885	stop_221_32519	9.743333333333334
17562	stop_1486_372429	3.9716666666666667
13705	8328	13.486666666666668
18292	13485	12.47
stop_279_57139	stop_280_57229	4.821666666666667
12986	stop_294_61419	5.318333333333333
8103	11306	12.57
17987	stop_267_45919	4.573333333333333
17543	8617	6.6899999999999995
17972	17973	11.228333333333333
stop_232_36819	stop_386_285919	7.6883333333333335
13817	13662	4.22
7897	stop_223_35829	12.991666666666667
10421	10423	6.256666666666666
12946	stop_242_38829	5.131666666666666
10849	stop_243_39219	9.0
12962	8899	18.708333333333332
7516	7417	10.41
10164	17577	12.326666666666666
18330	9661	8.53
17537	17587	10.953333333333335
9050	10991	3.4616666666666664
11420	7980	11.004999999999999
7423	7518	7.4366666666666665
8526	13445	5.928333333333333
13644	14013	9.57
10412	17425	6.415
13408	17829	11.245000000000001
10113	stop_305_71529	11.383333333333333
8127	stop_276_56129	13.635
18064	9722	7.0649999999999995
7367	12314	11.871666666666666
9973	12555	5.056666666666667
18290	stop_237_37719	15.895000000000001
13693	12926	13.26
11913	stop_568_303219	1.0933333333333333
18286	7482	5.29
17908	7432	14.973333333333333
stop_199_11219	stop_575_304129	10.198333333333332
7454	stop_246_40829	11.75
9014	13030	6.955
17910	stop_230_36519	7.453333333333333
7454	12974	12.381666666666666
10550	10142	10.561666666666667
8950	8978	5.67
13752	12353	13.870000000000001
stop_219_32229	stop_325_136019	4.928333333333333
18291	9895	10.853333333333333
10151	10123	0.29
12009	stop_224_35919	11.796666666666665
11306	stop_280_57229	10.063333333333333
8442	11182	4.46
11516	stop_1556_381029	9.478333333333333
7534	13188	12.468333333333334
17540	17715	12.935
12967	13631	6.8133333333333335
7460	7488	11.025
9018	9029	12.825
17617	17609	0.9683333333333334
18334	18150	21.025
8415	8168	7.166666666666667
12911	stop_331_254829	11.658333333333333
7407	stop_187_7119	2.8666666666666667
10298	17318	7.756666666666666
stop_285_58429	stop_293_61319	10.588333333333333
7518	10346	8.556666666666667
13036	stop_314_92229	1.87
12893	stop_233_36919	14.676666666666668
12939	13669	10.356666666666666
17283	stop_292_61229	13.995000000000001
13352	8512	7.941666666666666
stop_224_35919	stop_957_333829	10.295
12404	13895	12.51
7527	7537	12.18
7379	13705	10.768333333333334
8362	7811	13.4
10182	10186	11.816666666666666
7471	stop_205_12719	7.881666666666666
18037	11542	8.645000000000001
17884	9932	7.795
13753	12053	11.453333333333335
17918	stop_203_12549	2.8466666666666667
18009	11449	5.191666666666666
12367	18307	12.405
7813	12940	8.878333333333334
12893	12878	13.49
13689	stop_957_333819	10.223333333333333
12490	12489	0.10833333333333334
10092	10086	19.215
7651	7646	9.251666666666667
8795	13166	9.701666666666666
12717	stop_852_324229	1.12
10493	12363	15.504999999999999
13789	stop_6_13	6.35
8526	14154	10.29
18342	17377	12.889999999999999
13049	13531	10.021666666666667
13855	13848	9.786666666666667
9292	9291	0.9116666666666667
9966	9533	11.691666666666666
7891	7885	9.578333333333335
17916	12323	14.889999999999999
7998	12319	15.3
11794	11806	10.078333333333335
7885	stop_325_136029	4.489999999999999
18240	18241	14.376666666666667
13180	stop_224_35939	11.501666666666667
13699	17892	19.13
9051	stop_5_10	12.885
8523	stop_3_7	11.013333333333332
12859	stop_339_62119	0.7016666666666667
7524	10871	13.848333333333333
8906	12717	8.27
12462	13211	9.621666666666666
13651	stop_12_24	7.9816666666666665
9049	stop_205_12729	9.383333333333333
13853	7606	15.285
11432	13052	10.008333333333333
13337	7734	4.831666666666666
13523	12464	9.843333333333334
8241	8776	10.258333333333333
11514	stop_574_304019	11.546666666666665
18152	8643	7.886666666666667
13665	12677	14.388333333333332
13697	9875	27.871666666666666
stop_13_28	stop_313_86729	8.29
13628	stop_183_6129	1.9616666666666667
7367	stop_1490_366219	14.716666666666667
stop_1342_364629	stop_1343_364729	11.228333333333333
18307	stop_302_67919	13.231666666666666
18147	18146	1.4549999999999998
stop_1493_373019	stop_1493_373029	0.46
8345	10168	9.881666666666666
13011	8681	5.37
13789	17916	5.503333333333333
12354	stop_330_254319	8.281666666666666
10065	13629	10.026666666666667
8350	12362	12.091666666666667
7482	7478	10.701666666666666
8643	8692	14.356666666666666
11008	stop_239_37929	10.916666666666666
8075	8077	11.156666666666666
stop_241_38329	stop_242_38829	4.5649999999999995
12671	12235	11.886666666666667
8710	stop_313_86719	5.568333333333333
12010	stop_219_32239	4.931666666666667
13238	10665	10.445
10056	18283	4.333333333333333
12298	stop_227_36219	4.556666666666667
18334	stop_1493_373019	12.758333333333333
14130	8615	4.510000000000001
8332	stop_239_37919	3.205
13724	8336	12.683333333333334
10039	11234	13.938333333333333
13080	stop_283_57619	27.94
17547	7369	14.018333333333334
18155	12310	12.203333333333335
13556	10691	6.78
12688	14142	0.6166666666666667
17856	17857	0.7633333333333333
12957	17760	5.645
13121	12018	6.6
18298	13440	20.613333333333333
18291	13695	9.508333333333333
17703	12571	16.701666666666668
12314	17779	9.161666666666667
10076	12126	7.566666666666666
13620	17884	3.36
10778	17734	5.598333333333333
13055	stop_425_287129	10.638333333333332
10717	stop_196_8719	15.575
12545	14142	8.046666666666667
13662	8232	10.243333333333334
7420	7418	1.05
12875	13055	1.1383333333333332
10000	7418	10.458333333333334
12994	stop_275_56029	21.46833333333333
13420	9501	11.076666666666666
7481	7448	11.896666666666667
13179	stop_283_57629	9.376666666666667
17566	7481	16.156666666666666
12401	8389	5.67
11729	11733	12.466666666666667
13708	12577	16.051666666666666
8630	stop_213_31139	25.015
18288	18286	6.145
8910	8909	1.3433333333333333
8228	8232	1.6616666666666666
7645	18010	14.735000000000001
7908	stop_227_36229	15.351666666666667
18314	stop_253_42319	10.188333333333333
10484	18342	9.008333333333333
18150	7444	9.03
17778	17836	4.27
12899	stop_248_41329	6.9399999999999995
9851	13122	11.783333333333333
9051	17918	2.1933333333333334
18314	8027	10.588333333333333
10127	10151	11.691666666666666
10691	13683	1.6099999999999999
13678	14142	8.431666666666667
10323	17835	0.0
17941	stop_208_13019	12.176666666666668
8293	12017	11.098333333333333
12411	13681	0.7933333333333333
12935	stop_320_105129	3.645
18080	12352	9.871666666666666
7447	7444	11.021666666666667
9050	stop_203_12529	1.595
9810	7360	15.536666666666667
13632	stop_342_268529	10.833333333333334
stop_5_11	stop_386_285929	4.79
7498	7931	9.94
9120	stop_214_31319	1.15
10118	13668	8.003333333333334
9014	11810	26.540000000000003
13061	12350	8.698333333333332
17970	7533	13.879999999999999
7658	13791	9.681666666666667
7418	7413	1.8533333333333333
9138	17964	15.493333333333334
13740	7457	12.146666666666667
11170	11169	14.31
10115	12853	5.833333333333333
10189	10193	17.058333333333334
10081	stop_214_31329	9.525
7400	13034	8.266666666666667
18314	8015	13.185
7984	8021	14.335
11909	stop_222_35719	12.254999999999999
10186	10085	9.120000000000001
9878	11913	12.361666666666668
13189	8709	4.175
stop_188_7219	stop_568_303239	4.333333333333333
8409	stop_10_3	11.835
12546	13634	12.211666666666668
7998	12946	13.045
8823	8827	13.038333333333332
stop_233_36919	stop_234_37019	3.881666666666667
13335	13333	7.1850000000000005
10544	8214	17.404999999999998
stop_8_16	stop_1495_373519	8.178333333333333
13810	13929	5.663333333333333
17679	17690	4.198333333333333
7893	stop_1102_347029	10.318333333333333
12677	stop_338_56929	8.226666666666667
13679	13666	7.6850000000000005
12970	stop_222_35729	11.26
7365	stop_1486_372439	13.753333333333334
9050	13053	12.306666666666667
13526	13523	5.875
11804	13006	4.489999999999999
12966	7511	15.203333333333335
18344	stop_261_45119	14.968333333333334
7528	18232	14.375
8617	stop_1492_372619	4.556666666666667
7928	12322	9.141666666666667
12594	17537	13.903333333333334
8190	12998	4.4383333333333335
7402	stop_183_6119	1.5633333333333332
17265	11335	8.776666666666667
8898	stop_568_303239	14.541666666666666
7885	stop_1487_373619	4.331666666666666
13002	stop_424_287019	11.261666666666667
9387	17274	12.321666666666665
12244	13292	15.688333333333333
12659	11589	8.386666666666667
18276	7571	6.4783333333333335
12927	stop_276_56139	6.7733333333333325
8338	8478	5.183333333333334
13899	18161	8.25
8906	12966	8.833333333333334
14166	stop_188_7219	10.305
10070	stop_1492_372629	18.16166666666667
8374	7371	11.393333333333334
7379	18248	11.004999999999999
18333	7477	7.9766666666666675
7931	12948	13.113333333333333
12846	stop_314_92239	14.386666666666667
11516	stop_234_37019	13.603333333333333
7379	17716	17.178333333333335
stop_203_12549	stop_207_12919	10.716666666666667
8887	14017	11.641666666666667
stop_216_31929	stop_318_96029	12.683333333333334
17414	10378	11.17
9451	9465	9.825
13129	10976	5.178333333333333
11653	11654	8.421666666666667
12739	12738	0.46166666666666667
10015	stop_252_42029	0.73
9051	17910	12.086666666666668
8027	8335	14.495000000000001
8146	9547	15.736666666666668
18158	stop_239_37919	12.468333333333334
9856	8974	8.428333333333333
7910	stop_234_37019	4.196666666666667
18123	18125	4.9366666666666665
7675	8387	32.925
8359	stop_279_57139	10.083333333333334
12323	stop_245_40719	7.066666666666666
13080	12941	13.373333333333333
12035	12671	13.2
11516	12875	13.206666666666667
9167	8296	8.2
17349	10873	10.341666666666667
17619	17610	7.128333333333333
stop_204_12629	stop_1234_362119	8.59
12318	12567	7.626666666666667
13616	17861	8.723333333333333
7424	7426	7.258333333333334
12666	10781	74.6
13001	8315	12.870000000000001
8076	stop_277_56719	10.173333333333334
7910	12875	4.88
7952	12902	5.501666666666667
14050	11718	18.288333333333334
17543	7441	14.628333333333334
8088	11248	11.098333333333333
13419	9500	9.506666666666666
9878	stop_852_324249	7.623333333333333
12717	stop_204_12619	5.58
17796	17795	0.215
17830	stop_570_303619	9.333333333333334
7897	7894	1.0416666666666667
8182	13004	10.066666666666666
9935	17861	6.333333333333333
14073	17718	14.395000000000001
18357	10171	15.211666666666668
17970	17972	11.754999999999999
7432	stop_322_117329	14.711666666666668
stop_325_136019	stop_852_324249	11.83
7500	9034	15.601666666666667
10015	7950	9.706666666666667
18244	stop_335_260829	4.408333333333333
13628	18329	12.063333333333333
7930	11420	14.72
12309	10070	7.548333333333333
8923	13478	8.021666666666667
13080	7820	10.758333333333333
stop_335_260819	stop_1234_362119	10.913333333333332
7441	7493	13.405
12499	9874	8.465
8084	7894	7.301666666666667
8528	18242	4.341666666666667
9588	12563	6.1899999999999995
13912	8991	11.526666666666667
17909	stop_207_12929	12.129999999999999
13018	13617	11.961666666666668
13813	13814	0.9016666666666667
13031	18227	8.28
17918	stop_852_324249	11.426666666666668
13527	17303	10.708333333333334
10909	10907	0.9600000000000001
stop_205_12729	stop_1234_362129	3.9166666666666665
stop_257_43519	stop_342_268529	3.9483333333333333
10482	13300	3.0416666666666665
7971	7961	11.908333333333333
12904	7984	7.9766666666666675
10717	9916	12.176666666666668
10114	8211	11.271666666666667
8351	18363	10.893333333333334
12719	stop_322_117329	8.083333333333334
7392	7366	10.185
8414	12337	15.266666666666667
17955	17959	12.063333333333333
7375	stop_1486_372419	8.761666666666667
8496	8494	6.613333333333333
12304	8328	5.155
13485	13486	1.0483333333333333
11718	11722	1.03
13106	13113	6.988333333333333
8399	13632	7.571666666666667
10169	stop_345_268819	10.85
14041	18384	11.585
18312	stop_260_29	33.635
10053	8618	9.968333333333334
18202	10499	16.091666666666665
14140	13677	14.845
stop_8_16	stop_575_304119	13.883333333333333
stop_188_7229	stop_189_7329	9.013333333333332
10379	10392	12.270000000000001
7753	18045	6.266666666666667
10095	10245	6.626666666666667
8413	14130	8.623333333333333
12984	8108	10.335
7369	stop_1493_373029	14.486666666666668
17937	9661	10.85
12841	stop_344_268729	6.528333333333333
8935	18384	9.278333333333334
12441	8152	5.498333333333333
7962	13632	4.0216666666666665
17408	17414	3.5616666666666665
7452	8409	9.05
9899	stop_225_36019	10.99
8231	13662	9.696666666666665
11606	13336	11.673333333333334
stop_13_28	stop_243_39229	10.875
12562	9595	8.52
9532	17508	14.621666666666666
12850	10245	7.73
17939	8128	12.381666666666666
17876	stop_310_74719	5.471666666666667
12876	stop_1556_381019	7.63
13439	10433	8.06
stop_240_38219	stop_241_38319	2.635
7885	11909	12.368333333333334
13062	8523	7.89
7404	17587	13.683333333333334
7980	13710	3.1566666666666667
11741	stop_342_268529	4.2283333333333335
9916	13042	12.955
9607	9609	8.879999999999999
10603	stop_222_35719	10.781666666666666
stop_243_39229	stop_252_42019	13.691666666666666
9966	17507	13.895000000000001
10421	9608	12.711666666666668
12942	stop_240_38229	12.158333333333333
13639	11433	7.1433333333333335
13715	stop_568_303239	10.388333333333332
stop_575_304119	stop_575_304129	0.01
stop_230_36549	stop_321_115429	12.711666666666668
stop_280_57219	stop_290_61029	8.141666666666667
12366	stop_840_317519	7.3116666666666665
12920	stop_820_315829	13.1
17345	11163	7.89
8398	7970	9.653333333333334
8195	12367	10.215
9674	9640	11.163333333333332
11977	stop_189_7329	3.9916666666666667
8108	17247	1.0383333333333333
12959	stop_189_7339	9.315
17538	stop_1494_373119	14.061666666666667
12309	stop_1492_372619	17.496666666666666
7371	17588	12.961666666666668
8630	stop_284_57729	7.4350000000000005
13699	12309	8.741666666666667
18311	stop_252_42019	3.4483333333333333
7511	stop_568_303239	12.561666666666667
13482	13483	6.055000000000001
12505	13135	13.211666666666668
10213	18281	7.63
stop_203_12519	stop_205_12729	8.375
8798	stop_208_13029	14.315
12661	12666	10.035
8361	stop_957_333829	7.298333333333333
12595	17588	11.783333333333333
stop_13_26	stop_248_41319	11.793333333333333
8604	stop_203_12549	11.861666666666668
12939	8326	4.426666666666667
13425	8844	5.986666666666666
12949	stop_329_253929	4.6
8780	13094	14.895000000000001
17748	17750	11.038333333333332
13058	17679	10.035
11657	11656	8.706666666666667
17861	stop_258_44219	16.27
8951	14066	21.033333333333335
7493	10323	6.4366666666666665
10991	stop_322_117319	14.195
12887	17772	6.553333333333333
13720	stop_957_333819	4.35
13899	17956	17.43
stop_292_61219	stop_344_268719	8.588333333333333
18209	18203	7.983333333333333
7399	14166	13.701666666666666
12009	stop_568_303239	11.493333333333334
7395	12939	17.733333333333334
8770	9926	6.6016666666666675
13812	7569	9.979999999999999
13839	13838	0.6233333333333333
17370	8504	3.8699999999999997
13942	13944	6.848333333333333
8632	stop_213_31119	16.115
10874	8580	5.378333333333333
11305	10171	4.101666666666667
18311	18310	1.0666666666666667
7957	stop_254_42429	7.555000000000001
10016	stop_13_25	6.989999999999999
13701	17928	5.5233333333333325
12842	stop_285_58419	8.896666666666667
7504	7503	8.218333333333334
13178	7885	15.360000000000001
12988	stop_297_62429	6.385000000000001
8787	17695	2.1816666666666666
7538	17976	5.491666666666666
13722	stop_322_117319	11.795
8182	stop_334_258229	10.373333333333333
7434	stop_205_12729	13.285
13212	13211	6.663333333333333
7402	12304	13.571666666666665
17987	stop_9_17	8.835
12594	17589	11.405
7371	17549	11.396666666666667
17311	12574	5.21
12581	12582	0.5216666666666667
13669	stop_1490_366229	12.586666666666668
11332	18237	3.1733333333333333
12457	stop_335_260819	15.138333333333332
12958	stop_205_12729	1.6099999999999999
13808	13928	10.886666666666667
11514	stop_1495_373529	15.275
stop_293_61329	stop_344_268729	10.123333333333333
10560	stop_219_32239	11.116666666666667
12595	17549	7.721666666666667
12322	stop_242_38819	13.186666666666667
13667	8114	14.66
11509	stop_275_56019	7.760000000000001
8789	8950	10.548333333333334
17584	10458	9.098333333333333
10544	12407	12.889999999999999
7569	7555	8.378333333333334
stop_290_61019	stop_314_92219	9.506666666666666
8898	stop_186_7019	12.591666666666667
10016	12897	7.11
10460	10596	5.671666666666667
8367	8617	5.694999999999999
9483	9484	0.9266666666666666
13615	stop_267_45939	10.688333333333333
14151	18240	11.120000000000001
13672	13960	10.858333333333333
14073	17381	11.131666666666666
12717	12402	10.865
17215	stop_361_282119	5.718333333333334
10559	7820	12.754999999999999
12888	12877	10.978333333333333
12993	stop_298_63019	9.506666666666666
12719	12022	7.165
12953	12945	8.948333333333332
8138	8615	10.28
13686	13713	2.92
13183	8089	7.0600000000000005
7897	stop_224_35949	3.925
stop_425_287119	stop_425_287129	1.5
7359	11233	11.578333333333335
13219	13223	9.398333333333333
18092	8617	16.633333333333333
stop_278_57029	stop_316_94619	15.453333333333335
12861	8095	8.155
13587	stop_227_36229	3.393333333333333
stop_202_12429	stop_203_12529	12.729999999999999
8084	stop_224_35949	11.123333333333333
7417	13707	13.676666666666668
stop_13_25	stop_243_39219	9.115
stop_225_36029	stop_278_57019	13.818333333333333
10378	10402	0.051666666666666666
14165	12402	8.985000000000001
7808	stop_196_8719	12.276666666666667
stop_189_7349	stop_204_12639	13.046666666666665
stop_238_37819	stop_240_38229	8.715
9778	7675	10.551666666666668
13299	8310	8.511666666666667
18357	8219	15.275
8633	7817	14.158333333333333
18014	8858	10.538333333333332
stop_568_303219	stop_852_324219	5.863333333333333
17695	8951	5.441666666666666
7402	stop_570_303629	4.165
10158	10157	0.5766666666666667
17908	12457	15.256666666666666
13061	stop_302_67929	3.0533333333333332
11106	17718	7.145
7596	7590	4.3566666666666665
7480	18028	12.818333333333333
13718	10700	12.251666666666667
12329	12333	8.028333333333332
10504	8182	14.445
stop_282_57519	stop_284_57719	9.068333333333333
18024	7817	15.343333333333334
7805	7822	11.111666666666668
9878	stop_204_12639	13.053333333333335
17783	9617	7.658333333333333
10842	13713	12.678333333333335
12885	8206	7.02
13807	13809	11.566666666666666
8661	13680	8.031666666666666
8216	10133	11.479999999999999
13316	10180	19.546666666666667
7522	7531	6.67
13361	17821	7.73
17771	stop_425_287129	5.906666666666666
13177	12970	11.108333333333333
stop_279_57119	stop_290_61019	10.588333333333333
stop_316_94619	stop_321_115419	4.243333333333333
13534	13656	11.541666666666666
10070	17835	11.036666666666667
8310	11164	2.195
7407	stop_189_7319	11.731666666666666
13492	stop_952_331019	15.201666666666666
9841	9372	10.698333333333332
17910	7910	8.235000000000001
7385	18265	14.698333333333332
8236	8233	12.503333333333334
12939	17560	8.278333333333332
stop_224_35919	stop_1102_347029	10.538333333333332
13117	stop_323_126229	7.7316666666666665
12861	stop_292_61219	7.441666666666666
10062	17765	9.860000000000001
17716	7568	11.56
9568	17869	7.965
11659	11661	8.513333333333334
13084	11539	8.513333333333334
12910	7946	11.148333333333333
17560	17561	1.5716666666666665
8229	8381	2.8033333333333332
10559	stop_214_31319	8.978333333333333
13485	stop_13_28	12.378333333333334
13081	stop_257_43529	14.175
12868	7502	9.358333333333333
8221	8234	6.4816666666666665
12909	7946	11.161666666666667
10169	stop_11_22	15.321666666666665
12945	12949	8.306666666666667
13714	stop_852_324219	5.055000000000001
8345	8643	1.7766666666666666
13049	13534	10.898333333333333
12929	stop_323_126229	1.9733333333333334
9292	13165	9.101666666666667
stop_305_71519	stop_306_71629	6.821666666666667
8472	9380	6.9383333333333335
17657	17659	11.248333333333333
13948	13950	6.608333333333333
12546	13678	8.168333333333333
13368	10632	5.236666666666666
13002	stop_297_62419	1.1983333333333335
13180	stop_226_36119	7.868333333333334
7390	17561	10.968333333333334
8906	9051	10.514999999999999
7977	10849	18.063333333333333
8088	12845	10.066666666666666
11909	13722	2.0116666666666667
8190	stop_304_68219	2.7016666666666667
17561	17563	4.256666666666667
18147	17307	12.215
12613	13956	18.82
17392	17389	13.443333333333333
12856	10169	10.521666666666667
11808	9014	9.473333333333333
7532	8709	7.651666666666667
10510	17690	10.84
7489	7439	11.378333333333334
8644	stop_11_23	12.448333333333332
11008	stop_241_38329	9.908333333333333
9119	7818	11.221666666666666
9118	12883	5.1033333333333335
8075	12964	11.625
13715	stop_186_7019	9.441666666666666
12010	stop_222_35729	4.216666666666667
13708	7985	13.44
7444	17928	15.764999999999999
12298	stop_230_36549	13.445
17774	7399	15.641666666666667
7971	7964	9.318333333333333
10108	10109	7.67
12660	9528	4.963333333333334
13724	8478	10.256666666666666
7420	13629	10.016666666666667
18152	stop_572_303819	10.295
13178	stop_226_36129	6.466666666666667
18104	18119	7.37
stop_216_31929	stop_782_314129	6.595
10706	stop_301_63729	13.913333333333332
12022	stop_222_35739	14.183333333333334
12957	7928	6.9816666666666665
10244	12989	10.286666666666667
13528	10924	2.7233333333333336
9030	12310	11.936666666666667
stop_574_304019	stop_574_304029	1.37
7395	7399	3.8516666666666666
17370	8267	11.095
13327	10706	11.033333333333333
stop_214_31319	stop_283_57619	22.35
10716	stop_318_96019	13.746666666666666
9856	11475	7.971666666666667
13127	10723	12.754999999999999
8801	stop_204_12619	9.620000000000001
13662	10550	9.571666666666665
10109	stop_424_287029	15.1
7818	13554	12.856666666666666
8625	18055	5.165
10473	10476	5.5
13070	13074	0.3466666666666667
7424	7418	14.733333333333333
12145	8372	7.581666666666666
11281	10212	7.861666666666666
7481	7439	7.395
9909	9753	9.435
17566	7441	16.095000000000002
7434	stop_186_7029	9.18
18288	7481	11.53
7369	10052	3.546666666666667
8238	stop_841_317630	13.610000000000001
8228	10550	4.223333333333334
11770	8212	6.298333333333333
18152	13065	10.296666666666665
13665	13679	11.770000000000001
7908	stop_232_36819	11.455
13672	stop_323_126219	11.153333333333334
stop_204_12619	stop_852_324249	6.655
stop_263_45329	stop_264_45419	3.265
9467	11133	11.35
17478	10070	17.628333333333334
10569	13760	13.81
10127	12335	6.256666666666666
10375	18120	14.158333333333333
7492	17779	6.073333333333333
18254	18256	11.211666666666668
12901	stop_9_17	14.388333333333332
10691	7530	10.96
12746	8873	5.6033333333333335
18244	stop_1234_362129	7.3
13628	7392	6.788333333333333
17957	stop_323_126219	10.923333333333334
8906	stop_322_117329	1.7366666666666668
13845	13843	3.8183333333333334
12343	12326	10.811666666666667
12401	stop_188_7229	0.75
12141	8310	14.091666666666667
12717	12009	12.610000000000001
12961	17547	11.373333333333333
stop_222_35739	stop_1102_347019	1.2049999999999998
7418	17762	6.2316666666666665
10603	12970	7.075
8790	8789	0.48833333333333334
12841	stop_291_61129	16.153333333333332
stop_320_105119	stop_331_254829	14.261666666666667
17705	17544	15.08
13180	8104	6.680000000000001
7404	stop_1486_372429	8.035
13531	10167	14.288333333333332
13657	13640	3.4433333333333334
8147	stop_298_63029	14.333333333333334
13542	13088	15.183333333333334
10081	stop_217_32029	10.754999999999999
7516	13906	14.018333333333334
8027	stop_9_18	4.881666666666666
13126	8435	7.801666666666667
12575	12573	24.878333333333334
7928	stop_237_37719	12.931666666666667
7366	7367	1.79
13906	12401	10.165
7386	12303	2.9066666666666667
12975	stop_199_11219	11.215
17539	17590	11.598333333333333
13037	8599	10.636666666666667
12546	14141	12.263333333333332
13023	13486	15.148333333333333
stop_294_61419	stop_314_92229	7.735
8206	stop_305_71529	1.1233333333333335
13153	8779	11.315
8614	13398	7.221666666666667
stop_8_16	stop_1556_381029	15.851666666666667
18284	8618	12.576666666666666
9918	stop_571_303719	8.181666666666667
11661	11677	26.021666666666665
13708	12942	4.081666666666667
12850	stop_300_63429	11.585
12876	stop_199_11219	11.19
17501	17591	1.4883333333333333
18296	12911	9.328333333333335
13720	stop_225_36029	17.41
12302	7379	10.806666666666667
stop_199_11229	stop_245_40719	7.208333333333333
13679	12926	10.871666666666666
13179	13183	1.3633333333333333
13351	13375	1.5333333333333334
12970	stop_224_35919	1.3083333333333333
12998	stop_300_63429	11.403333333333334
12946	8405	5.816666666666666
8341	8342	1.73
13178	8630	10.766666666666667
7496	7495	5.883333333333334
12595	stop_1486_372439	7.776666666666667
stop_186_7019	stop_187_7129	5.996666666666667
12966	12959	10.678333333333335
12862	stop_345_268829	7.4
8190	13327	11.208333333333334
7402	stop_186_7039	13.795
10053	stop_1492_372619	13.94
13846	12743	5.3116666666666665
17546	17562	5.075
12457	13034	2.013333333333333
10186	10278	5.111666666666666
8338	13696	10.025
8599	stop_279_57119	10.815
13899	13672	11.098333333333333
7478	7490	5.871666666666667
8405	stop_241_38319	5.471666666666667
17478	stop_1492_372619	10.088333333333333
10133	12331	7.6850000000000005
13516	13232	13.085
8020	stop_252_42019	12.365
18346	8221	16.25
7426	stop_568_303239	14.493333333333334
18028	7494	7.805000000000001
7494	17929	16.125
17537	17965	10.691666666666666
17539	stop_1494_373129	14.856666666666666
13695	stop_254_42429	2.9
stop_314_92229	stop_314_92239	2.03
8027	12901	10.360000000000001
18030	12929	8.47
8369	8192	13.131666666666666
7446	7503	9.973333333333333
12934	11742	10.903333333333334
18305	13114	7.78
12341	10510	9.766666666666667
8137	8145	10.443333333333333
8003	stop_329_253929	9.315
17876	9814	11.671666666666665
12323	stop_246_40839	9.653333333333334
18320	stop_202_12429	12.68
8906	stop_202_12419	12.446666666666665
14028	17716	8.593333333333334
7818	stop_213_31119	9.966666666666667
12718	13715	9.553333333333335
12999	8192	12.003333333333334
10185	10091	8.428333333333333
7965	stop_1_1	15.465
7424	14166	10.606666666666666
8405	stop_329_253929	12.286666666666667
8114	stop_314_92239	15.873333333333333
13178	stop_282_57519	8.586666666666668
13723	stop_325_136029	11.295
7952	18080	13.215
12959	stop_322_117319	6.42
12897	18311	9.371666666666666
8074	17956	14.761666666666667
13724	stop_255_42919	11.923333333333334
10199	18336	11.99
stop_224_35939	stop_224_35949	2.2116666666666664
10569	9569	9.068333333333333
13714	stop_203_12559	14.145000000000001
10413	18299	8.905
12141	10226	7.680000000000001
10848	stop_329_253929	6.9783333333333335
11841	11470	5.048333333333333
10225	10592	16.828333333333333
7960	12934	12.95
14127	stop_841_317619	12.543333333333333
13663	stop_841_317619	1.9766666666666666
10015	8017	7.665
8523	10549	12.07
8359	stop_1103_347129	8.16
11515	stop_1495_373519	11.271666666666667
17772	stop_1495_373529	15.979999999999999
10694	10824	2.643333333333333
13327	13704	12.595
8251	8255	9.035
12851	stop_297_62429	12.041666666666666
stop_272_46419	stop_272_46429	1.2383333333333333
7744	7743	7.985
18292	8002	11.383333333333333
9588	9590	7.84
8297	8304	10.175
stop_222_35739	stop_335_260819	12.354999999999999
18105	17398	15.783333333333333
stop_298_63029	stop_300_63419	8.963333333333333
7402	7404	7.5600000000000005
stop_233_36919	stop_386_285919	12.721666666666666
17537	stop_1488_3319	1.5833333333333333
8801	12402	13.435
10083	10440	8.288333333333334
10232	12129	8.878333333333334
9645	9644	1.5316666666666667
12885	8615	12.383333333333333
13839	13841	5.165
11927	10562	6.8966666666666665
13724	7948	11.208333333333334
13849	8873	12.781666666666666
9551	stop_272_46429	6.525
11718	13215	10.941666666666666
12927	8076	10.695
13720	8103	9.263333333333332
13762	stop_265_45729	11.291666666666666
12009	11248	10.928333333333335
11620	11621	11.085
12536	8154	38.79
12900	7948	7.345
8769	stop_257_43519	15.281666666666666
9973	12120	11.468333333333334
13004	10612	13.066666666666666
18232	stop_196_8719	0.8033333333333333
17408	12324	11.315
8210	stop_307_71829	11.33
8285	11655	3.8983333333333334
10164	10165	1.3883333333333332
11806	11815	2.0483333333333333
stop_292_61229	stop_314_92219	7.956666666666666
8146	stop_305_71519	12.18
12905	12321	26.08833333333333
10167	11233	12.181666666666667
12562	9589	14.215
9049	stop_1234_362119	11.611666666666668
12850	12993	11.668333333333333
9170	11334	11.753333333333334
18023	stop_1488_3329	5.345
13906	7394	9.348333333333333
8414	14142	10.896666666666667
8358	stop_278_57019	0.03833333333333333
stop_12_21	stop_250_41829	9.461666666666668
8332	12945	0.9266666666666666
10766	8858	3.9433333333333334
13899	stop_276_56119	13.801666666666668
12412	11659	22.401666666666664
11234	11233	1.9183333333333332
17588	stop_1491_372329	6.203333333333333
17282	12861	12.764999999999999
9637	13840	5.671666666666667
stop_338_56929	stop_820_315829	6.966666666666667
7805	stop_283_57629	27.986666666666668
13050	13707	12.639999999999999
7500	stop_328_253829	9.745000000000001
10559	13178	5.4766666666666675
10603	stop_223_35829	6.041666666666667
7910	stop_386_285919	11.833333333333334
13378	8512	9.7
8363	8631	9.643333333333334
12949	stop_243_39219	11.995000000000001
13348	17349	6.25
17543	stop_1493_373029	9.325
8336	7952	5.331666666666666
12331	13728	10.770000000000001
8328	stop_1491_372319	10.935
14082	stop_302_67929	7.66
9850	9847	10.218333333333334
18274	stop_1102_347029	13.811666666666667
13720	stop_280_57219	15.126666666666667
8195	13737	8.655
17717	17380	6.358333333333333
9815	8789	13.108333333333333
10666	13237	1.8533333333333333
18013	12609	5.705
12346	18307	11.363333333333333
7953	7956	11.143333333333334
13699	18155	13.28
13180	7822	11.161666666666667
18305	10494	8.733333333333333
10481	8311	7.171666666666667
12909	stop_250_41819	8.08
8415	13688	5.998333333333333
17668	17778	7.831666666666666
8971	8973	8.075
7414	13049	12.496666666666666
17703	17696	5.933333333333334
17938	8074	11.196666666666665
12466	stop_278_57029	8.981666666666666
10055	17964	10.856666666666666
stop_13_26	stop_252_42019	7.491666666666666
12985	stop_290_61019	5.751666666666667
8015	stop_12_21	13.385
10202	10203	0.8216666666666667
12901	stop_254_42419	2.018333333333333
12929	stop_276_56129	10.485000000000001
18144	17954	14.608333333333333
8027	12353	13.01
9878	7885	9.370000000000001
7381	8325	11.003333333333334
8413	8138	6.415
8000	stop_329_253919	10.466666666666667
stop_321_115429	stop_1103_347119	14.921666666666665
17381	17377	11.55
stop_204_12639	stop_222_35729	14.171666666666665
7493	7495	9.313333333333333
stop_284_57719	stop_957_333829	14.520000000000001
stop_304_68219	stop_334_258219	13.075
12356	17307	13.828333333333335
11170	10117	6.085
11305	stop_3_7	12.113333333333333
8020	18390	1.8816666666666668
10209	10257	9.928333333333335
10503	10504	0.6383333333333333
stop_293_61319	stop_1280_364329	14.826666666666666
8032	stop_331_254829	10.763333333333332
12855	stop_11_22	7.626666666666667
10444	9490	17.81833333333333
10602	stop_852_324219	12.358333333333333
8391	8699	7.525
10345	18366	6.903333333333333
17772	stop_575_304129	8.463333333333333
12909	10849	10.921666666666665
7504	7502	15.428333333333335
13178	7811	9.24
12988	stop_298_63049	1.145
18030	17957	5.788333333333333
stop_223_35829	stop_224_35939	6.96
11977	7511	11.21
18285	8325	11.723333333333333
13025	8672	11.058333333333334
13722	stop_325_136019	11.708333333333334
7648	11449	16.938333333333333
stop_230_36539	stop_230_36549	2.7449999999999997
10383	17389	5.573333333333333
8430	8432	6.39
7515	7410	6.443333333333333
12938	7365	15.998333333333333
stop_1488_3329	stop_1493_373019	6.8133333333333335
8017	stop_12_24	12.29
8635	7646	11.03
7813	stop_219_32239	1.145
13688	14005	12.198333333333332
12966	stop_852_324219	10.418333333333333
8359	9505	13.816666666666666
stop_186_7039	stop_570_303619	10.361666666666668
stop_267_45919	stop_272_46419	12.465
12242	12243	0.42
12952	stop_239_37919	3.3266666666666667
7458	7449	15.695
11649	10770	12.375
7392	stop_183_6129	5.553333333333333
11612	17826	0.23166666666666666
18023	17892	7.298333333333333
13643	10495	7.975
10332	10199	13.086666666666668
14013	14005	1.9483333333333335
17861	17691	16.656666666666666
12862	stop_11_23	12.281666666666666
stop_290_61019	stop_314_92259	11.504999999999999
12950	stop_239_37919	11.363333333333333
10079	10561	9.95
9169	9050	8.646666666666667
9051	9049	1.4033333333333333
7820	stop_213_31119	13.435
17552	9139	19.88
9001	9484	14.125
8269	18125	15.293333333333333
8098	12845	13.751666666666667
stop_343_268629	stop_361_282119	15.088333333333333
7395	7407	9.703333333333335
7489	12310	11.376666666666667
8300	9038	7.430000000000001
13714	13722	6.411666666666666
12993	stop_299_63219	11.871666666666666
8095	stop_346_269029	13.53
13349	13347	12.801666666666668
7897	stop_226_36129	7.555000000000001
13699	stop_1492_372629	19.355
7375	17563	3.9616666666666664
9705	9689	6.163333333333333
13706	17830	13.681666666666667
7394	12145	8.453333333333333
7430	8389	2.106666666666667
stop_5_11	stop_207_12929	11.791666666666666
18158	7874	8.888333333333332
8095	10313	9.171666666666665
stop_202_12429	stop_204_12619	11.853333333333333
8238	stop_307_71819	13.758333333333333
17591	17576	6.363333333333333
8084	stop_226_36129	14.815
stop_13_25	stop_246_40819	13.826666666666666
stop_276_56129	stop_323_126219	10.463333333333333
8269	8266	10.048333333333334
11606	17628	5.246666666666667
14028	13539	6.364999999999999
13299	17343	10.636666666666667
18357	8228	11.428333333333335
13746	7483	12.091666666666667
8803	10766	9.213333333333333
12930	stop_275_56029	4.591666666666667
7936	stop_330_254329	9.366666666666667
8262	9369	6.121666666666667
9551	12352	18.605
10488	13636	12.379999999999999
17271	stop_841_317639	3.771666666666667
10991	stop_203_12529	2.7
13137	13138	0.6783333333333333
12329	10149	12.623333333333333
stop_260_29	stop_320_105129	10.42
12009	stop_227_36219	13.625
13661	13899	1.0833333333333333
14165	stop_186_7029	11.491666666666667
stop_6_12	stop_6_13	0.7200000000000001
stop_203_12549	stop_1234_362129	12.26
13689	stop_283_57619	2.183333333333333
10175	10178	9.06
18035	18034	4.72
stop_1280_364329	stop_1342_364629	7.623333333333333
13658	stop_1076_317429	5.9350000000000005
17910	13055	12.686666666666667
7396	18341	13.853333333333333
11212	11214	8.955
13261	13640	17.116666666666667
13324	13076	5.421666666666667
8137	10724	4.0633333333333335
8135	8355	11.129999999999999
12881	17915	8.683333333333334
8147	9142	13.508333333333333
stop_1_2	stop_257_43529	6.803333333333333
12343	8384	13.96
13752	stop_260_29	42.62833333333333
17398	10415	15.445
stop_321_115429	stop_338_56919	14.306666666666667
10062	13050	10.753333333333334
10602	7893	6.65
13705	17714	7.206666666666666
17566	18092	9.248333333333333
12974	stop_6_12	8.375
18205	13913	9.858333333333333
12570	18155	2.32
12910	8018	7.541666666666667
17560	7381	6.716666666666667
7805	10081	12.185
13724	stop_12_20	10.388333333333332
11509	13693	4.3566666666666665
17911	17915	13.165
10043	10046	12.868333333333334
18390	stop_9_18	12.938333333333333
8166	13653	11.683333333333334
stop_183_6119	stop_1486_372439	8.606666666666666
8130	11478	14.82
17915	stop_6_12	0.8583333333333333
17577	17696	14.81
10055	17544	11.943333333333333
14042	14054	1.9866666666666668
10212	17378	13.738333333333333
8221	8224	12.976666666666667
12909	8018	10.881666666666666
7946	18389	6.958333333333333
12352	17986	8.868333333333334
12900	stop_12_20	15.116666666666667
9147	stop_12_21	6.911666666666666
13639	stop_204_12639	12.228333333333333
9068	9070	6.9
10991	13053	8.863333333333333
stop_322_117329	stop_568_303239	10.72
12954	8409	2.2866666666666666
9149	7511	13.901666666666667
13025	13717	1.2316666666666667
12856	8345	14.29
12938	stop_183_6119	1.7433333333333332
18295	stop_13_28	2.8316666666666666
9166	7460	6.596666666666667
9371	13558	12.926666666666668
stop_1342_364619	stop_1343_364719	10.791666666666666
10784	12233	10.78
12504	13791	8.791666666666666
13002	stop_298_63039	6.511666666666667
7390	7381	12.138333333333332
11507	12927	8.783333333333333
12411	12416	4.596666666666667
12974	17914	8.681666666666667
7360	8661	3.0766666666666667
18244	12966	8.833333333333334
8906	11432	8.165
8021	stop_571_303729	12.556666666666667
11248	stop_214_31329	7.593333333333334
7387	7371	14.615
9780	10764	6.583333333333333
18286	7477	7.926666666666667
12926	12930	1.865
7977	8015	15.091666666666667
17546	stop_1489_127119	13.638333333333332
7897	stop_338_56929	13.811666666666667
11909	7430	12.053333333333335
8118	8599	11.756666666666666
11538	9740	11.365
7668	7667	7.22
stop_217_32029	stop_318_96029	6.628333333333333
8327	7375	6.525
10157	11164	18.145
12718	stop_219_32219	14.473333333333333
17915	17914	1.075
8128	12929	10.436666666666667
7802	18025	7.77
7462	7477	12.731666666666666
8367	17538	0.935
12948	stop_238_37819	11.566666666666666
17911	17951	5.2266666666666675
18332	stop_246_40839	11.110000000000001
stop_275_56029	stop_276_56139	6.213333333333334
7722	10351	10.395000000000001
7489	17668	2.9383333333333335
7802	8097	10.713333333333333
11841	11845	7.586666666666667
13414	7624	16.255
13715	stop_187_7129	9.166666666666666
17819	9415	6.62
8409	12946	5.153333333333333
17247	stop_343_268619	11.805
17348	10873	9.426666666666668
10074	11927	11.898333333333333
8599	stop_314_92239	11.646666666666667
stop_204_12629	stop_322_117319	8.226666666666667
10328	7597	13.818333333333333
17774	12144	16.9
10108	8413	9.229999999999999
13205	13207	17.418333333333333
9640	10779	8.48
13817	10467	9.825
10470	12581	8.241666666666667
18310	stop_243_39229	10.85
18225	10716	15.479999999999999
11955	12871	1.8766666666666665
10109	12987	11.945
10724	stop_306_71619	12.835
17915	stop_575_304119	7.428333333333333
12070	9169	14.229999999999999
8974	11475	13.328333333333335
7577	11708	10.881666666666666
8247	11475	4.738333333333333
7395	12144	11.438333333333333
12402	7407	7.9399999999999995
7449	17928	8.766666666666667
12307	stop_311_82329	5.426666666666667
8118	13587	14.153333333333334
9034	12574	13.811666666666667
8361	stop_213_31119	18.31
8115	9549	2.2150000000000003
8220	8366	8.95
13355	9397	5.948333333333333
7651	18008	16.99
10064	7419	12.156666666666666
8801	stop_205_12729	6.035
9970	12554	10.446666666666665
stop_221_32529	stop_1103_347129	14.626666666666667
17915	17950	9.348333333333333
11008	7929	9.620000000000001
8608	13005	11.258333333333333
13478	13480	6.276666666666667
12145	7387	3.7783333333333333
13719	13587	7.14
7483	8419	10.843333333333334
9909	10301	12.038333333333332
12015	12016	1.5083333333333333
13939	13955	5.403333333333333
10142	12410	4.6883333333333335
8169	9715	16.2
13662	12378	15.491666666666667
17584	17458	16.878333333333334
9138	7441	4.581666666666666
12931	stop_252_42029	12.801666666666668
7399	13628	15.683333333333334
7448	7493	13.695
11770	10491	4.55
9169	stop_202_12429	7.848333333333333
17851	17620	2.2133333333333334
stop_186_7039	stop_335_260829	14.681666666666667
9171	18240	11.55
17778	10324	8.585
8228	12378	14.261666666666667
10127	10124	10.663333333333332
10201	10227	3.65
stop_203_12519	stop_1234_362119	10.603333333333333
8104	stop_282_57529	0.075
13722	18274	5.236666666666666
7488	8305	10.378333333333334
12343	12545	15.036666666666667
8578	8581	7.0183333333333335
12401	stop_189_7349	9.475
stop_12_19	stop_12_20	2.4699999999999998
18294	stop_272_46419	11.74
11542	11544	0.13333333333333333
8827	17792	7.681666666666667
17722	17726	3.695
9490	13637	9.278333333333334
13913	9487	4.401666666666667
9120	stop_219_32239	12.463333333333333
10053	17589	5.473333333333333
9061	17303	6.703333333333333
12888	12869	15.798333333333334
12854	stop_344_268729	1.12
13535	7358	10.668333333333333
8790	18127	5.553333333333333
10603	7894	10.941666666666666
12841	stop_293_61329	11.01
stop_222_35729	stop_223_35829	3.881666666666667
13837	13841	16.03666666666667
13740	8304	13.268333333333334
18272	17380	20.828333333333333
11944	11945	0.6033333333333334
11514	stop_234_37029	11.026666666666667
17541	17713	5.23
13180	12842	14.938333333333333
7970	stop_272_46429	12.854999999999999
7650	13403	9.76
